id,dur,proto,service,state,spkts,dpkts,sbytes,dbytes,rate,sttl,dttl,sload,dload,sloss,dloss,sinpkt,dinpkt,sjit,djit,swin,stcpb,dtcpb,dwin,tcprtt,synack,ackdat,smean,dmean,trans_depth,response_body_len,ct_srv_src,ct_state_ttl,ct_dst_ltm,ct_src_dport_ltm,ct_dst_sport_ltm,ct_dst_src_ltm,is_ftp_login,ct_ftp_cmd,ct_flw_http_mthd,ct_src_ltm,ct_srv_dst,is_sm_ips_ports,attack_cat,label,anomaly
38,59.995674,arp,-,INT,2,0,92,0,0.016668,0,0,6.133776,0.0,0,0,59998.196,0.0,13.651471,0.0,0,0,0,0,0.0,0.0,0.0,46,0,0,0,2,2,2,2,2,2,0,0,0,2,2,1,Normal,0,1
39,59.995678,arp,-,INT,2,0,92,0,0.016668,0,0,6.133775,0.0,0,0,59998.2,0.0,0.0,0.0,0,0,0,0,0.0,0.0,0.0,46,0,0,0,2,2,2,2,2,2,0,0,0,2,2,1,Normal,0,1
40,59.995674,arp,-,INT,2,0,92,0,0.016668,0,0,6.133776,0.0,0,0,59998.196,0.0,13.651471,0.0,0,0,0,0,0.0,0.0,0.0,46,0,0,0,2,2,2,2,2,2,0,0,0,2,2,1,Normal,0,1
42,59.995678,arp,-,INT,2,0,92,0,0.016668,0,0,6.133775,0.0,0,0,59998.2,0.0,0.0,0.0,0,0,0,0,0.0,0.0,0.0,46,0,0,0,2,2,2,2,2,2,0,0,0,2,2,1,Normal,0,1
176,13.982293,tcp,-,REQ,10,0,450,0,0.643671,254,0,231.721649,0.0,9,0,1553.588125,0.0,3023.2175,0.0,255,0,0,0,0.0,0.0,0.0,45,0,0,0,27,6,20,2,2,25,0,0,0,22,25,0,Normal,0,1
177,20.535067,tcp,-,REQ,10,0,450,0,0.438275,254,0,157.778885,0.0,9,0,2281.67375,0.0,5055.469,0.0,255,0,0,0,0.0,0.0,0.0,45,0,0,0,27,6,20,2,2,25,0,0,0,22,25,0,Normal,0,1
178,18.112692,tcp,-,REQ,10,0,450,0,0.496889,254,0,178.880096,0.0,9,0,2012.521375,0.0,4301.3875,0.0,255,0,0,0,0.0,0.0,0.0,45,0,0,0,27,6,20,2,2,25,0,0,0,22,25,0,Normal,0,1
180,15.328777,tcp,-,REQ,10,0,450,0,0.587131,254,0,211.367157,0.0,9,0,1703.1975,0.0,3444.5785,0.0,255,0,0,0,0.0,0.0,0.0,45,0,0,0,27,6,20,2,2,25,0,0,0,22,25,0,Normal,0,1
181,14.958252,tcp,-,REQ,10,0,450,0,0.601675,254,0,216.602844,0.0,9,0,1662.028,0.0,3325.15875,0.0,255,0,0,0,0.0,0.0,0.0,45,0,0,0,27,6,20,2,2,25,0,0,0,22,25,0,Normal,0,1
184,14.958252,tcp,-,REQ,10,0,450,0,0.601675,254,0,216.602844,0.0,9,0,1662.028,0.0,3325.15875,0.0,255,0,0,0,0.0,0.0,0.0,45,0,0,0,27,6,20,2,2,25,0,0,0,22,25,0,Normal,0,1
185,19.106997,tcp,-,REQ,10,0,450,0,0.471032,254,0,169.571396,0.0,9,0,2122.9995,0.0,4611.1625,0.0,255,0,0,0,0.0,0.0,0.0,45,0,0,0,27,6,20,2,2,25,0,0,0,22,25,0,Normal,0,1
186,24.755817,tcp,-,REQ,10,0,450,0,0.363551,254,0,130.878326,0.0,9,0,2750.64575,0.0,6359.573,0.0,255,0,0,0,0.0,0.0,0.0,45,0,0,0,27,6,20,1,1,25,0,0,0,22,25,0,Normal,0,1
193,15.328777,tcp,-,REQ,10,0,450,0,0.587131,254,0,211.367157,0.0,9,0,1703.1975,0.0,3444.5785,0.0,255,0,0,0,0.0,0.0,0.0,45,0,0,0,27,6,20,2,2,25,0,0,0,22,25,0,Normal,0,1
195,20.535067,tcp,-,REQ,10,0,450,0,0.438275,254,0,157.778885,0.0,9,0,2281.67375,0.0,5055.469,0.0,255,0,0,0,0.0,0.0,0.0,45,0,0,0,27,6,20,2,2,25,0,0,0,22,25,0,Normal,0,1
196,21.025787,tcp,-,REQ,10,0,450,0,0.428046,254,0,154.096481,0.0,9,0,2336.19825,0.0,5212.482,0.0,255,0,0,0,0.0,0.0,0.0,45,0,0,0,27,6,20,2,2,25,0,0,0,22,25,0,Normal,0,1
197,21.987556,tcp,-,REQ,10,0,450,0,0.409322,254,0,147.356079,0.0,9,0,2443.06175,0.0,5508.143,0.0,255,0,0,0,0.0,0.0,0.0,45,0,0,0,27,6,20,2,2,25,0,0,0,22,25,0,Normal,0,1
198,18.112692,tcp,-,REQ,10,0,450,0,0.496889,254,0,178.880096,0.0,9,0,2012.521375,0.0,4301.3875,0.0,255,0,0,0,0.0,0.0,0.0,45,0,0,0,27,6,20,2,2,25,0,0,0,22,25,0,Normal,0,1
199,18.44595,tcp,-,REQ,10,0,450,0,0.487912,254,0,175.648315,0.0,9,0,2049.54975,0.0,4402.1095,0.0,255,0,0,0,0.0,0.0,0.0,45,0,0,0,27,6,20,1,1,25,0,0,0,22,25,0,Normal,0,1
200,21.987556,tcp,-,REQ,10,0,450,0,0.409322,254,0,147.356079,0.0,9,0,2443.06175,0.0,5508.143,0.0,255,0,0,0,0.0,0.0,0.0,45,0,0,0,27,6,20,2,2,25,0,0,0,22,25,0,Normal,0,1
201,21.025787,tcp,-,REQ,10,0,450,0,0.428046,254,0,154.096481,0.0,9,0,2336.19825,0.0,5212.482,0.0,255,0,0,0,0.0,0.0,0.0,45,0,0,0,27,6,20,2,2,25,0,0,0,22,25,0,Normal,0,1
202,19.106997,tcp,-,REQ,10,0,450,0,0.471032,254,0,169.571396,0.0,9,0,2122.9995,0.0,4611.1625,0.0,255,0,0,0,0.0,0.0,0.0,45,0,0,0,27,6,20,2,2,25,0,0,0,22,25,0,Normal,0,1
203,13.982293,tcp,-,REQ,10,0,450,0,0.643671,254,0,231.721649,0.0,9,0,1553.588125,0.0,3023.2175,0.0,255,0,0,0,0.0,0.0,0.0,45,0,0,0,27,6,20,2,2,25,0,0,0,22,25,0,Normal,0,1
204,23.333012,tcp,-,REQ,8,0,360,0,0.300004,254,0,108.001488,0.0,7,0,3333.28675,0.0,7123.69,0.0,255,0,0,0,0.0,0.0,0.0,45,0,0,0,27,6,2,2,2,25,0,0,0,2,25,0,Normal,0,1
205,23.333012,tcp,-,REQ,8,0,360,0,0.300004,254,0,108.001488,0.0,7,0,3333.28675,0.0,7123.69,0.0,255,0,0,0,0.0,0.0,0.0,45,0,0,0,27,6,2,2,2,25,0,0,0,2,25,0,Normal,0,1
207,25.801886,tcp,-,REQ,8,0,360,0,0.271298,254,0,97.667282,0.0,7,0,3685.9835,0.0,7908.7935,0.0,255,0,0,0,0.0,0.0,0.0,45,0,0,0,27,6,3,2,2,25,0,0,0,3,25,0,Normal,0,1
208,23.387411,tcp,-,REQ,8,0,360,0,0.299306,254,0,107.750275,0.0,7,0,3341.05825,0.0,7135.8145,0.0,255,0,0,0,0.0,0.0,0.0,45,0,0,0,27,6,3,1,1,25,0,0,0,3,25,0,Normal,0,1
217,25.801886,tcp,-,REQ,8,0,360,0,0.271298,254,0,97.667282,0.0,7,0,3685.9835,0.0,7908.7935,0.0,255,0,0,0,0.0,0.0,0.0,45,0,0,0,27,6,3,2,2,25,0,0,0,3,25,0,Normal,0,1
258,5.600391,tcp,http,FIN,12,12,886,5236,4.106856,62,252,1161.347534,6856.664062,2,3,509.126466,505.874182,38893.67089,36169.42875,255,3330056193,2684670015,255,0.060118,0.010067,0.050051,74,436,1,2133,1,1,1,1,1,1,0,0,1,1,1,0,Exploits,1,1
263,7.629429,tcp,http,FIN,202,1294,9082,1747118,195.951758,62,252,9476.987305,1830562.25,2,645,37.957358,5.882331,1929.952965,745.606365,255,946376470,4123805385,255,0.052951,0.028738,0.024213,45,1350,1,847364,1,1,1,1,1,1,0,0,1,1,1,0,Exploits,1,1
304,9.95755,tcp,pop3,FIN,246,1554,10662,2055289,180.66693,62,252,8531.416016,1650178.625,7,775,40.64306,6.410746,2217.616259,868.071675,255,2055688489,4288220471,255,0.059617,0.013861,0.045756,43,1323,0,0,1,1,1,1,1,1,0,0,0,1,1,0,Exploits,1,1
327,44.22596,tcp,-,FIN,34,22,18872,1718,1.243613,254,252,3313.348145,296.658356,31,4,1337.902395,2102.1795,218117.9203,8414.999,255,2841999187,846254788,255,0.165615,0.080174,0.085441,555,78,0,0,6,1,3,3,3,4,0,0,0,4,4,0,Fuzzers,1,1
333,5.293481,tcp,smtp,FIN,224,52,286548,3166,51.950693,62,252,431125.0,4694.075684,109,8,23.733184,102.449,2708.043724,134.368906,255,2243124043,3666733090,255,0.142381,0.068572,0.073809,1279,61,0,0,1,1,3,1,1,1,0,0,0,1,1,0,Exploits,1,1
344,0.844596,tcp,-,FIN,12,8,1014,740,22.495962,254,252,8808.945312,6137.845703,2,2,6100.475164,9150.803,660910.5554,23919.006,255,3034287901,3535196902,255,0.267957,0.13345,0.134507,85,93,0,0,3,1,1,1,1,2,0,0,0,1,2,0,Fuzzers,1,1
348,2.716886,tcp,-,FIN,12,8,1042,696,6.9933,254,252,2814.987305,1793.22937,4,2,4686.442656,7032.1855,489690.6958,17622.054,255,2841999482,1672501128,255,0.165615,0.080174,0.085441,87,87,0,0,7,1,3,3,3,4,0,0,0,3,4,0,Fuzzers,1,1
371,1.265907,tcp,smtp,FIN,150,38,172977,2638,147.720166,62,252,1085855.375,16234.99902,72,8,8.49602,32.512217,826.619637,38.104512,255,1072643731,4213121977,255,0.062571,0.046396,0.016175,1153,69,0,0,1,1,1,1,1,1,0,0,0,2,1,0,Exploits,1,1
383,4e-06,udp,-,INT,2,0,2150,0,250000.0006,254,0,2150000128.0,0.0,0,0,0.004,0.0,0.0,0.0,0,0,0,0,0.0,0.0,0.0,1075,0,0,0,37,2,11,10,1,37,0,0,0,10,37,0,Fuzzers,1,1
408,43.982441,tcp,-,FIN,28,28,1568,1528,1.250499,254,252,275.018829,268.106995,16,10,1628.979295,1626.471125,258304.9003,8014.3895,255,4222814469,2282107141,255,0.094898,0.048388,0.04651,56,55,0,0,4,1,2,2,2,4,0,0,0,2,4,0,Fuzzers,1,1
422,43.776703,tcp,-,FIN,5416,806,7164417,34668,142.10755,254,252,1309024.125,6327.566406,2705,1,8.097634,54.273336,999.922209,63.600586,255,1748323556,287462897,255,0.143758,0.086642,0.057116,1323,43,0,0,1,1,1,1,1,1,0,0,0,1,1,0,Exploits,1,1
434,0.915074,tcp,-,FIN,16,10,1536,556,27.320195,254,252,12589.14551,4379.973633,8,4,7467.561188,11947.929,937514.5145,35567.552,255,1258417146,1861326755,255,0.108932,0.065087,0.043845,96,56,0,0,5,1,1,1,1,5,0,0,0,1,5,0,Fuzzers,1,1
447,35.181515,tcp,smtp,FIN,4144,622,5487011,26990,135.440445,254,252,1247402.125,6127.536133,2070,2,8.538973,56.776277,1048.108498,65.390594,255,1246500401,2594456459,255,0.079306,0.025946,0.05336,1324,43,0,0,1,1,1,1,1,2,0,0,0,1,1,0,DoS,1,1
452,3.315317,tcp,smtp,FIN,182,44,214505,2812,67.866815,62,252,514767.0625,6633.453125,88,8,18.316668,75.058695,1814.419301,88.867266,255,2228989328,2427852136,255,0.162629,0.087548,0.075081,1179,64,0,0,1,1,1,1,1,1,0,0,0,1,1,0,Exploits,1,1
508,1.253977,tcp,smtp,FIN,252,54,308919,3296,243.226163,62,252,1962996.25,20638.33789,123,8,4.995924,23.263094,606.286254,35.574094,255,37144313,2847193607,255,0.049045,0.016461,0.032584,1226,61,0,0,1,1,1,1,1,1,0,0,0,1,1,0,Exploits,1,1
516,57.237827,tcp,pop3,FIN,1642,11018,70700,14657531,221.164929,62,252,9875.567383,2048463.625,7,5507,34.901071,5.207182,2437.926717,928.124268,255,660150177,1867331307,255,0.048404,0.004971,0.043433,43,1330,0,0,1,1,1,1,1,1,0,0,0,1,1,0,DoS,1,1
520,1.565097,tcp,http,FIN,60,348,2976,449181,260.047784,62,252,14961.37305,2289396.75,2,172,26.527067,4.420243,1500.427194,622.776359,255,825415081,3887846602,255,0.070315,0.019991,0.050324,50,1291,1,217346,1,1,1,1,1,1,0,0,1,2,1,0,Exploits,1,1
523,1.644148,tcp,smtp,FIN,232,50,283242,2998,170.909189,62,252,1372246.25,14300.41602,113,8,7.117524,31.946307,801.855726,42.75309,255,712613753,3524359574,255,0.064531,0.041766,0.022765,1221,60,0,0,1,1,1,1,1,1,0,0,0,1,1,0,Exploits,1,1
550,1.755642,tcp,http,FIN,62,368,3010,474465,244.355049,62,252,13497.05664,2156138.75,2,182,28.781017,4.688549,1479.507869,623.13258,255,488972002,2038348541,255,0.050516,0.006203,0.044313,49,1289,1,229585,1,1,1,1,1,1,0,0,1,1,1,0,Exploits,1,1
581,1.036788,tcp,http,FIN,20,82,1268,100496,97.416252,62,252,9297.947266,765988.8125,2,38,54.567788,12.098642,3329.086447,1475.258241,255,1171949057,675061894,255,0.113811,0.055888,0.057923,63,1226,1,48339,1,1,1,1,1,1,0,0,1,2,1,0,Exploits,1,1
644,1.276288,tcp,smtp,FIN,136,36,155333,2544,133.982295,62,252,966496.5625,15507.47168,65,8,9.524537,36.139398,861.75327,40.336973,255,3434296595,2764944296,255,0.061168,0.009729,0.051439,1142,71,0,0,1,1,1,1,1,1,0,0,0,1,1,0,Exploits,1,1
721,8.550902,tcp,smtp,FIN,118,42,116243,2818,18.594529,62,252,107832.3594,2573.763428,50,8,73.08463,207.749031,12039.26657,584.6335,255,2832177668,3029331198,255,0.088227,0.032384,0.055843,985,67,0,0,1,1,1,1,1,1,0,0,0,1,1,0,Exploits,1,1
775,32.550049,tcp,http,FIN,20,14,2032,622,1.013823,254,252,474.592224,142.058151,4,1,1712.136316,2499.1875,226544.7112,8299.3925,255,1045111448,485397762,255,0.118041,0.060609,0.057432,102,44,1,0,4,1,1,1,1,3,0,0,2,1,3,0,Fuzzers,1,1
792,3.29123,tcp,ftp,FIN,24,22,1244,1608,13.6727,62,252,2899.827637,3731.12793,7,9,143.053696,161.684707,9531.948183,12102.01897,255,3254411315,1054859663,255,0.121915,0.057533,0.064382,52,73,0,0,1,1,2,1,1,2,1,1,0,3,1,0,Exploits,1,1
822,4.23501,tcp,http,FIN,46,236,2314,308456,66.351671,254,252,4276.730957,580209.25,2,116,94.089292,17.785219,4511.060777,2129.54145,255,3840933853,1541394341,255,0.206742,0.108835,0.097907,50,1307,1,149237,1,1,1,1,1,1,0,0,1,1,1,0,Worms,1,1
847,1.058314,tcp,-,FIN,80,16,96806,698,89.765422,254,252,722628.6875,4951.271484,37,1,13.166152,57.590199,1427.143003,71.070336,255,87408853,525499210,255,0.274594,0.194452,0.080142,1210,44,0,0,1,1,1,1,1,1,0,0,0,1,1,0,Exploits,1,1
877,4.011219,tcp,smtp,FIN,160,42,187370,2788,50.109455,62,252,371356.4375,5428.773438,77,8,25.227793,96.027047,2448.478106,115.448344,255,3802059036,4111350272,255,0.172609,0.073466,0.099143,1171,66,0,0,1,1,9,1,1,1,0,0,0,1,1,0,Exploits,1,1
883,2.611304,tcp,http,FIN,14,26,976,24944,14.935067,62,252,2778.688232,73480.53125,2,10,200.869543,97.648236,12997.74222,9840.286876,255,3357100167,3521968650,255,0.293111,0.169416,0.123695,70,959,1,0,3,1,3,2,1,1,0,0,1,2,1,0,Exploits,1,1
898,10.46607,tcp,pop3,FIN,36,96,1664,103410,12.516637,62,252,1236.758423,78220.76563,7,44,299.012164,108.103525,26598.53424,15541.34266,255,284441641,2950422378,255,0.341105,0.196226,0.144879,46,1077,0,0,1,1,1,1,1,1,0,0,0,1,1,0,Exploits,1,1
899,4.334506,tcp,http,FIN,20,8,17434,354,6.229083,254,252,30569.57422,572.152832,7,1,226.79399,607.265,21826.30015,1023.507375,255,2974669143,4221373736,255,0.175341,0.083642,0.091699,872,44,1,0,2,1,1,2,1,1,0,0,1,2,1,0,Exploits,1,1
906,1.255112,tcp,-,FIN,22,12,17762,900,26.292473,254,252,108070.0313,5258.494629,7,1,2815.114546,5165.8585,409488.3575,16778.784,255,400202944,216341483,255,0.122739,0.078245,0.044494,807,75,0,0,3,1,2,2,2,2,0,0,0,3,2,0,Fuzzers,1,1
919,3.496503,tcp,http,FIN,12,14,1320,6248,7.150001,62,252,2768.480225,13274.97754,3,4,317.863898,258.532163,17812.58785,16634.37305,255,3553891739,3851317367,255,0.276876,0.134889,0.141987,110,446,1,501,1,1,1,1,1,2,0,0,1,1,1,0,Exploits,1,1
937,5.139651,tcp,http,FIN,28,114,1594,140315,27.43377,62,252,2393.937012,216489.4219,2,54,190.357447,44.275788,14637.59187,6643.169159,255,2349318986,603338388,255,0.25858,0.135819,0.122761,57,1231,1,67584,1,1,1,1,1,1,0,0,1,1,1,0,Exploits,1,1
944,7.890124,tcp,-,FIN,62,306,2898,386188,46.513845,62,252,2891.716309,390286.4063,6,151,129.346292,25.609246,10900.70079,4790.643932,255,327980335,1035740149,255,0.148242,0.061901,0.086341,47,1262,0,0,1,1,1,1,1,1,0,0,0,1,1,0,Exploits,1,1
972,3.674717,tcp,pop3,FIN,114,656,4986,856582,209.267819,62,252,10761.10059,1861970.875,7,326,32.519618,5.547762,1745.369885,729.611287,255,3036907773,1944503193,255,0.064503,0.015882,0.048621,44,1306,0,0,1,1,2,1,1,1,0,0,0,1,1,0,Exploits,1,1
976,5.403475,tcp,smtp,FIN,790,136,1024208,6708,171.186141,62,252,1514450.625,9858.84082,391,8,6.874488,39.977496,1127.962468,61.357539,255,883384953,3273828100,255,0.05341,0.006505,0.046905,1296,49,0,0,1,1,1,1,1,1,0,0,0,1,1,0,Exploits,1,1
1065,1.1e-05,udp,-,INT,2,0,1882,0,90909.0902,254,0,684363648.0,0.0,0,0,0.011,0.0,0.0,0.0,0,0,0,0,0.0,0.0,0.0,941,0,0,0,63,2,9,9,2,63,0,0,0,9,62,0,Fuzzers,1,1
1099,4.620885,tcp,http,FIN,130,812,5984,1087639,203.640649,62,252,10280.28223,1880678.75,2,403,35.820814,5.62117,1898.682222,740.592705,255,4247295723,1948571037,255,0.094703,0.047183,0.04752,46,1339,1,527273,2,1,2,1,1,2,0,0,1,2,1,0,Exploits,1,1
1100,2.556054,tcp,http,FIN,50,286,2522,369955,131.061388,62,252,7736.925293,1153847.25,2,141,52.164366,8.763278,2472.382564,1039.228129,255,428709428,182093471,255,0.126297,0.066563,0.059734,50,1294,1,0,1,1,2,1,1,2,0,0,1,2,1,0,Exploits,1,1
1137,1.05581,tcp,smtp,FIN,118,34,132944,2462,143.01816,62,252,998800.9375,18109.32031,56,8,9.024017,31.436213,935.482183,46.074875,255,601751274,2550939437,255,0.030589,0.01805,0.012539,1127,72,0,0,1,1,1,1,1,1,0,0,0,1,1,0,Exploits,1,1
1170,59.993382,tcp,smtp,CON,3684,634,4975848,27898,71.957938,62,252,663339.5625,3714.276367,1841,6,16.338052,94.877578,1951.644997,108.032875,255,3386848784,2615326698,255,0.206066,0.125563,0.080503,1351,44,0,0,1,3,1,1,1,1,0,0,0,1,1,0,Exploits,1,1
1179,1.388546,tcp,-,FIN,14,8,6830,354,15.123734,254,252,36544.70313,1786.040894,6,0,4378.860788,7665.028,506772.8351,19801.698,255,3373552465,1585484148,255,0.221012,0.149195,0.071817,488,44,0,0,2,1,3,2,2,2,0,0,0,2,2,0,Fuzzers,1,1
1181,10.045118,tcp,http,FIN,102,538,4844,718974,63.612989,62,252,3820.363037,571531.75,2,267,99.456618,18.522583,4799.533966,2181.64772,255,2925491071,1389241425,255,0.207477,0.097582,0.109895,47,1336,1,348448,1,1,1,1,1,1,0,0,1,1,1,0,DoS,1,1
1196,1.255112,tcp,-,FIN,22,12,17762,900,26.292473,254,252,108070.0313,5258.494629,7,1,2815.114546,5165.8585,409488.3575,16778.784,255,400202944,216341483,255,0.122739,0.078245,0.044494,807,75,0,0,3,1,2,2,2,2,0,0,0,3,2,0,Fuzzers,1,1
1205,0.844596,tcp,-,FIN,12,8,1014,740,22.495962,254,252,8808.945312,6137.845703,2,2,6100.475164,9150.803,660910.5554,23919.006,255,3034287901,3535196902,255,0.267957,0.13345,0.134507,85,93,0,0,5,1,1,2,1,2,0,0,0,2,2,0,Fuzzers,1,1
1228,1.623094,tcp,-,FIN,12,10,1082,850,12.938253,254,252,4889.427246,3770.576416,4,2,9728.873167,11670.511,1050926.624,34500.176,255,2449719037,2488416230,255,0.201758,0.105034,0.096724,90,85,0,0,3,1,2,2,2,2,0,0,0,2,3,0,Fuzzers,1,1
1245,8.975741,tcp,pop3,FIN,102,566,4496,741455,74.31141,62,252,3968.028809,659685.6875,7,281,88.855086,15.787002,4576.110427,1890.629791,255,1336443392,1174021217,255,0.151655,0.071863,0.079792,44,1310,0,0,1,1,1,1,1,1,0,0,0,3,1,0,Exploits,1,1
1257,40.328518,tcp,-,FIN,24,20,3270,1642,1.066243,254,252,621.694031,309.458435,7,6,1752.217174,2116.874,240911.3436,8123.07,255,1956161030,3530000812,255,0.166353,0.1079,0.058453,136,82,0,0,5,1,2,2,2,2,0,0,0,4,2,0,Fuzzers,1,1
1291,2.817478,tcp,http,FIN,180,34,227789,1472,75.599527,254,252,643196.5,4057.529541,87,1,15.605933,82.067852,1728.93609,93.084922,255,376508071,3755066201,255,0.21319,0.109236,0.103954,1265,43,1,0,2,1,1,1,1,1,0,0,1,2,1,0,Exploits,1,1
1356,2.716886,tcp,-,FIN,12,8,1042,696,6.9933,254,252,2814.987305,1793.22937,4,2,4686.442656,7032.1855,489690.6958,17622.054,255,2841999482,1672501128,255,0.165615,0.080174,0.085441,87,87,0,0,7,1,3,3,3,4,0,0,0,3,4,0,Fuzzers,1,1
1381,4e-06,udp,-,INT,2,0,1626,0,250000.0006,254,0,1626000000.0,0.0,0,0,0.004,0.0,0.0,0.0,0,0,0,0,0.0,0.0,0.0,813,0,0,0,39,2,15,15,1,39,0,0,0,15,39,0,Fuzzers,1,1
1407,0.454618,tcp,http,FIN,20,76,1228,94630,208.966646,62,252,20535.92188,1643313.75,2,36,23.927264,5.923253,1200.24707,738.853317,255,3645453803,3543698212,255,0.053313,0.006473,0.04684,61,1245,1,45524,2,1,1,1,1,1,0,0,1,1,2,0,Exploits,1,1
1425,43.982441,tcp,-,FIN,28,28,1568,1528,1.250499,254,252,275.018829,268.106995,16,10,1628.979295,1626.471125,258304.9003,8014.3895,255,4222814469,2282107141,255,0.094898,0.048388,0.04651,56,55,0,0,4,1,2,2,2,4,0,0,0,2,4,0,Fuzzers,1,1
1485,0.915074,tcp,-,FIN,16,10,1536,556,27.320195,254,252,12589.14551,4379.973633,8,4,7467.561188,11947.929,937514.5145,35567.552,255,1258417146,1861326755,255,0.108932,0.065087,0.043845,96,56,0,0,5,1,1,1,1,5,0,0,0,1,5,0,Fuzzers,1,1
1488,59.983738,tcp,smtp,CON,6874,1020,9045600,44360,131.585664,62,252,1206231.625,5910.535156,3436,6,8.758023,59.000805,1109.882364,68.736969,255,299823180,2496613478,255,0.087248,0.059591,0.027657,1316,43,0,0,1,3,1,1,1,1,0,0,0,1,1,0,Exploits,1,1
1521,2.699668,tcp,smtp,FIN,154,40,180799,2550,71.490274,62,252,532287.6875,7369.79541,74,8,17.760974,68.135922,1730.646465,84.128406,255,3784497293,2367442404,255,0.085808,0.042081,0.043727,1174,64,0,0,1,1,1,1,1,4,0,0,0,1,1,0,Exploits,1,1
1526,1.711654,tcp,smtp,FIN,284,58,347652,3334,199.222512,62,252,1619149.75,15316.17969,139,8,6.069695,29.704613,694.182807,37.900719,255,537823911,4113712469,255,0.032579,0.017766,0.014813,1224,57,0,0,1,1,1,1,1,2,0,0,0,1,1,0,Exploits,1,1
1546,1.193561,tcp,smtp,FIN,112,34,126046,2352,121.485207,62,252,837299.5,15302.10938,53,8,10.752802,35.922574,1045.529978,50.025969,255,2346945401,2116582502,255,0.053122,0.007369,0.045753,1125,69,0,0,1,1,1,1,1,1,0,0,0,1,2,0,Exploits,1,1
1548,2.582676,tcp,smtp,FIN,342,66,434459,3720,157.58849,62,252,1341830.0,11349.46875,168,8,7.616549,39.523906,829.703709,48.148516,255,216360022,280723117,255,0.062209,0.013613,0.048596,1270,56,0,0,1,1,1,1,1,1,0,0,0,1,1,0,Exploits,1,1
1553,1.17199,tcp,http,FIN,36,190,1932,242434,191.981154,62,252,12826.04785,1646150.5,2,93,33.485429,6.131218,1679.032221,740.766562,255,2091627885,664606451,255,0.045392,0.018579,0.026813,54,1276,1,117142,2,1,1,1,1,1,0,0,1,1,2,0,Exploits,1,1
1561,2.285887,tcp,http,FIN,74,448,3590,580884,227.920277,62,252,12396.06348,2028404.75,2,222,31.31352,5.125563,1655.643706,675.684695,255,2572204243,3368747100,255,0.030909,0.009352,0.021557,49,1297,1,281182,3,1,2,1,1,1,0,0,1,1,1,0,Exploits,1,1
1562,32.550049,tcp,http,FIN,20,14,2032,622,1.013823,254,252,474.592224,142.058151,4,1,1712.136316,2499.1875,226544.7112,8299.3925,255,1045111448,485397762,255,0.118041,0.060609,0.057432,102,44,1,0,3,1,1,1,1,3,0,0,2,1,3,0,Fuzzers,1,1
1612,0.963727,tcp,http,FIN,14,36,964,42940,50.844275,62,252,7437.791016,346554.5625,2,16,74.132849,20.371828,3971.730474,2414.413098,255,447607714,2705085083,255,0.313504,0.24998,0.063524,69,1193,1,20480,1,1,1,1,1,1,0,0,1,1,2,0,Exploits,1,1
1653,3.577953,tcp,pop3,FIN,60,296,2688,366322,99.21874,62,252,5911.759766,816299.125,7,146,60.643271,11.973996,3081.301302,1343.97163,255,7696662,2581864567,255,0.101483,0.026442,0.075041,45,1238,0,0,2,1,1,2,1,1,0,0,0,2,1,0,Exploits,1,1
1721,51.671165,tcp,-,FIN,24,20,2152,1630,0.832186,254,252,319.404449,239.82428,7,4,2245.324219,2715.77125,324885.0189,10995.676,255,370557113,48213778,255,0.13691,0.071506,0.065404,90,82,0,0,3,1,2,2,2,3,0,0,0,2,3,0,Fuzzers,1,1
1725,4.152673,tcp,smtp,FIN,202,48,240122,2958,59.961382,62,252,460299.2188,5580.983887,98,8,20.863206,86.513641,2101.07872,100.952602,255,533359528,547618634,255,0.171062,0.086528,0.084534,1189,62,0,0,1,1,1,1,1,1,0,0,0,1,1,0,Exploits,1,1
1738,44.22596,tcp,-,FIN,34,22,18872,1718,1.243613,254,252,3313.348145,296.658356,31,4,1337.902395,2102.1795,218117.9203,8414.999,255,2841999187,846254788,255,0.165615,0.080174,0.085441,555,78,0,0,6,1,3,3,3,4,0,0,0,4,4,0,Fuzzers,1,1
1751,1.886908,tcp,smtp,FIN,246,52,301477,3096,157.400356,62,252,1272990.5,12876.09082,120,8,7.701665,36.521,838.07472,44.781039,255,3964899407,3423052869,255,0.049312,0.014444,0.034868,1226,60,0,0,1,1,1,1,1,1,0,0,0,1,1,0,Exploits,1,1
1760,2.002472,tcp,http,FIN,152,26,193156,1128,88.390752,254,252,766596.5,4334.642578,73,1,12.968576,78.09268,1566.840003,122.150555,255,1767075271,2729791068,255,0.169305,0.050147,0.119158,1271,43,131,0,7,1,2,2,1,5,0,0,1,2,5,0,Exploits,1,1
1768,1.36633,tcp,http,FIN,40,220,2244,282289,189.558888,62,252,12810.96094,1645318.5,2,108,35.034103,6.211278,1798.362332,792.690383,255,2395278951,625237154,255,0.050982,0.005407,0.045575,56,1283,1,136455,1,1,1,1,1,1,0,0,1,1,1,0,DoS,1,1
1769,5.362619,tcp,smtp,FIN,82,32,84285,2194,21.071794,62,252,124204.9844,3171.584717,38,8,66.20332,168.762063,7283.968782,308.974,255,3283238526,1347906024,255,0.273323,0.130986,0.142337,1028,69,0,0,1,1,2,1,1,2,0,0,0,1,2,0,Exploits,1,1
1783,7.625766,tcp,http,FIN,20,80,1262,96960,12.982303,62,252,1257.840942,100446.8281,2,37,401.326674,93.951925,40181.59248,21184.15397,255,1271248883,1368105136,255,0.353033,0.203556,0.149477,63,1212,1,46592,1,1,1,1,1,1,0,0,1,3,1,0,Exploits,1,1
1786,1.300935,tcp,-,FIN,12,10,1112,808,16.142236,254,252,6272.411621,4476.780273,4,1,5649.594997,6788.4695,607418.4754,19964.87,255,3746830935,910581608,255,0.186898,0.109625,0.077273,93,81,0,0,5,1,2,2,2,3,0,0,0,3,3,0,Fuzzers,1,1
1789,18.717207,tcp,http,FIN,228,1464,10200,1936422,90.344676,62,252,4340.818359,827089.1875,2,729,82.454692,12.745864,4083.851554,1498.338432,255,2797749740,2009631362,255,0.163769,0.1,0.063769,45,1323,1,938572,1,1,2,1,1,1,0,0,1,1,1,0,Exploits,1,1
1873,1.198979,tcp,http,FIN,18,58,1124,69125,62.553221,62,252,7086.028809,453279.0,2,27,70.528176,18.916158,3436.614497,2127.384648,255,725866304,245408697,255,0.236696,0.096824,0.139872,62,1192,1,33161,1,1,1,1,1,1,0,0,1,1,1,0,Exploits,1,1
1902,1.502791,tcp,smtp,FIN,114,34,126347,2428,97.81799,62,252,666700.8125,12547.32031,54,8,13.299035,45.043637,1334.892854,62.046285,255,2652572599,3960818769,255,0.034378,0.01563,0.018748,1108,71,0,0,1,1,1,1,1,1,0,0,0,1,1,0,Exploits,1,1
1907,1.681626,tcp,smtp,FIN,158,40,186309,2630,117.148524,62,252,880719.0625,12202.47559,76,8,10.710994,41.72741,1080.004002,55.393426,255,3472532908,175629506,255,0.10082,0.053427,0.047393,1179,66,0,0,1,1,1,1,1,1,0,0,0,1,1,0,Exploits,1,1
1967,51.671165,tcp,-,FIN,24,20,2152,1630,0.832186,254,252,319.404449,239.82428,7,4,2245.324219,2715.77125,324885.0189,10995.676,255,370557113,48213778,255,0.13691,0.071506,0.065404,90,82,0,0,3,1,2,2,2,3,0,0,0,2,3,0,Fuzzers,1,1
1971,1.312769,tcp,http,FIN,46,12,51099,526,43.419671,254,252,304632.4063,2943.396729,20,1,29.150934,112.263453,2747.891487,189.223547,255,753350427,1581716943,255,0.157892,0.077863,0.080029,1111,44,1,0,2,1,1,2,1,1,0,0,1,2,1,0,Fuzzers,1,1
1984,44.22596,tcp,-,FIN,34,22,18872,1718,1.243613,254,252,3313.348145,296.658356,31,4,1337.902395,2102.1795,218117.9203,8414.999,255,2841999187,846254788,255,0.165615,0.080174,0.085441,555,78,0,0,6,1,3,3,3,4,0,0,0,4,4,0,Fuzzers,1,1
2045,12.468028,tcp,smtp,FIN,822,140,1073923,6280,77.077144,62,252,688235.1875,4001.27417,409,2,15.366204,90.116367,1758.197865,97.242961,255,3389262847,2615327027,255,0.206066,0.125563,0.080503,1306,45,0,0,1,1,1,1,1,1,0,0,0,1,1,0,Exploits,1,1
2063,5.411489,tcp,ftp,FIN,24,22,1240,1614,8.315641,62,252,1757.741699,2278.115967,7,9,235.282132,245.997286,15399.37887,18008.0847,255,2632477089,1819097284,255,0.321883,0.192026,0.129857,52,73,0,0,1,1,2,1,1,2,1,1,0,3,1,0,Exploits,1,1
2065,5.411489,tcp,ftp,FIN,24,22,1240,1614,8.315641,62,252,1757.741699,2278.115967,7,9,235.282132,245.997286,15399.37887,18008.0847,255,2632477089,1819097284,255,0.321883,0.192026,0.129857,52,73,0,0,1,1,2,1,1,2,1,1,0,3,1,0,Exploits,1,1
2208,3.044042,tcp,smtp,FIN,334,68,432613,3814,131.732737,62,252,1133540.125,9876.341797,164,8,9.141267,44.613672,1023.363565,56.143496,255,2431715499,1649260227,255,0.08161,0.022194,0.059416,1295,56,0,0,1,1,1,1,1,1,0,0,0,1,1,0,Exploits,1,1
2229,4e-06,udp,-,INT,2,0,1650,0,250000.0006,254,0,1650000000.0,0.0,0,0,0.004,0.0,0.0,0.0,0,0,0,0,0.0,0.0,0.0,825,0,0,0,37,2,15,15,1,37,0,0,0,15,37,0,Fuzzers,1,1
2353,6.808372,tcp,pop3,FIN,200,1250,8692,1633722,212.826208,62,252,10162.78223,1918127.875,7,623,34.212925,5.44441,1816.135973,717.902942,255,1869995145,2611313897,255,0.052414,0.007062,0.045352,43,1307,0,0,1,1,1,1,1,1,0,0,0,2,1,0,Exploits,1,1
2423,2.078872,tcp,-,FIN,60,320,2814,398020,182.31041,62,252,10651.93066,1526893.5,6,158,35.23512,6.450235,1788.781843,744.5841,255,562429095,32134549,255,0.056546,0.04642,0.010126,47,1244,0,0,1,1,1,1,1,1,0,0,0,1,1,0,Exploits,1,1
2438,1.016042,tcp,http,FIN,46,12,51099,526,56.100043,254,252,393597.9063,3802.992432,20,1,22.578711,86.546367,2162.038423,141.645125,255,57961930,1717269041,255,0.121139,0.063379,0.05776,1111,44,1,0,3,1,1,1,1,3,0,0,1,1,3,0,Fuzzers,1,1
2458,0.599778,tcp,http,FIN,112,20,136017,870,218.414148,254,252,1798038.625,11030.74805,53,1,5.258189,31.141422,568.733444,38.749523,255,2791894743,602164079,255,0.054391,0.008081,0.04631,1214,44,1,0,2,1,1,1,1,2,0,0,1,1,2,0,Exploits,1,1
2459,1.720077,tcp,smtp,FIN,160,40,185769,2538,115.692493,62,252,858603.375,11511.11231,77,8,10.818095,43.68123,1028.768909,50.905039,255,2224167490,3106914549,255,0.069759,0.01586,0.053899,1161,63,0,0,1,1,1,1,1,1,0,0,0,1,1,0,Exploits,1,1
2473,1.662951,tcp,smtp,FIN,194,44,233633,2650,142.51773,62,252,1118152.0,12459.77832,94,8,8.616327,37.727117,862.788258,43.82223,255,4249741392,2914974726,255,0.065059,0.013409,0.05165,1204,60,0,0,1,1,1,1,1,1,0,0,0,1,1,0,Exploits,1,1
2505,3.995532,tcp,ftp,FIN,24,22,1292,1620,11.26258,62,252,2480.770996,3097.459717,7,9,173.718777,187.174664,10461.58803,12916.04278,255,3509433815,4176217187,255,0.126656,0.061333,0.065323,54,74,0,0,1,1,3,1,1,3,1,1,0,3,1,0,Exploits,1,1
2520,0.505254,tcp,http,FIN,20,78,1206,96826,191.982658,62,252,18145.33008,1513456.625,2,37,26.592315,5.964935,1292.630355,704.947698,255,3621303494,1653301642,255,0.055804,0.029576,0.026228,60,1241,1,46592,1,1,1,1,1,1,0,0,1,1,1,0,Exploits,1,1
2694,2.395222,tcp,smtp,FIN,146,40,170017,2726,77.237101,62,252,563966.125,8877.673828,70,8,16.518772,59.63359,1631.040889,71.04625,255,2866936582,4013799094,255,0.067056,0.044173,0.022883,1165,68,0,0,1,1,1,1,1,1,0,0,0,1,1,0,Exploits,1,1
2829,0.775945,tcp,http,FIN,16,50,1036,59865,83.768823,62,252,10021.3291,604867.625,2,23,51.729667,11.786265,4255.615046,1779.164405,255,4256695902,964753080,255,0.505865,0.197737,0.308128,65,1197,1,28672,2,1,1,1,1,1,0,0,1,1,1,0,Fuzzers,1,1
2836,0.775945,tcp,http,FIN,16,50,1036,59865,83.768823,62,252,10021.3291,604867.625,2,23,51.729667,11.786265,4255.615046,1779.164405,255,4256695902,964753080,255,0.505865,0.197737,0.308128,65,1197,1,28672,2,1,1,1,1,1,0,0,1,1,1,0,Exploits,1,1
2845,2.897045,tcp,http,FIN,44,242,2246,309262,98.376107,62,252,6061.349121,850480.4375,2,118,67.352001,11.848267,3364.110155,1502.347671,255,4146739449,1692923879,255,0.144261,0.0653,0.078961,51,1278,1,149504,1,1,1,1,1,2,0,0,1,1,1,0,Exploits,1,1
2971,3.707501,tcp,ftp,FIN,24,22,1264,1656,12.137556,62,252,2615.23877,3411.462402,7,9,161.195702,171.289804,9863.627737,12028.64497,255,2752073044,3648910703,255,0.21534,0.10975,0.10559,53,75,0,0,1,1,2,1,1,2,1,1,0,2,1,0,Exploits,1,1
3180,3.401426,tcp,ftp,FIN,24,22,1284,1624,13.229745,62,252,2895.256104,3647.881836,7,9,147.846221,158.399423,8733.827734,10591.69544,255,1897333583,4056942535,255,0.124845,0.07503,0.049815,54,74,0,0,1,1,2,1,1,2,1,1,0,3,1,0,Exploits,1,1
3284,1.1e-05,udp,-,INT,2,0,1882,0,90909.0902,254,0,684363648.0,0.0,0,0,0.011,0.0,0.0,0.0,0,0,0,0,0.0,0.0,0.0,941,0,0,0,63,2,9,9,2,63,0,0,0,9,62,0,Fuzzers,1,1
3306,2.716886,tcp,-,FIN,12,8,1042,696,6.9933,254,252,2814.987305,1793.22937,4,2,4686.442656,7032.1855,489690.6958,17622.054,255,2841999482,1672501128,255,0.165615,0.080174,0.085441,87,87,0,0,7,1,3,3,3,4,0,0,0,3,4,0,Fuzzers,1,1
3324,12.015089,tcp,smtp,FIN,144,42,162538,2840,15.397306,62,252,107471.5313,1846.345093,65,8,84.020477,289.729781,14442.10817,767.409063,255,3703051522,815975954,255,0.291555,0.136153,0.155402,1129,68,0,0,1,1,2,1,1,1,0,0,0,1,1,0,Exploits,1,1
3347,12.46926,tcp,-,FIN,106,532,4792,711538,51.085629,62,252,3045.56958,455649.1563,6,264,119.896729,23.337473,8743.678908,3773.541689,255,2794658169,3498793159,255,0.159516,0.07637,0.083146,45,1337,0,0,2,1,1,1,1,2,0,0,0,1,1,0,Exploits,1,1
3358,0.471119,tcp,http,FIN,18,62,1224,74045,167.685876,62,252,19629.86133,1237071.75,2,29,27.712882,7.105393,1610.82472,1033.659884,255,988040966,302425646,255,0.079608,0.034336,0.045272,68,1194,1,35537,2,1,1,1,1,1,0,0,1,1,1,0,Exploits,1,1
3396,2.813805,tcp,http,FIN,108,24,135855,1042,46.556174,254,252,382678.9688,2840.281982,51,1,26.288197,118.555391,2759.478557,189.42375,255,287042878,1573293123,255,0.218708,0.087026,0.131682,1258,43,1,0,1,1,1,1,1,1,0,0,1,1,1,0,Exploits,1,1
3512,0.673822,tcp,http,FIN,112,20,136021,870,194.413366,254,252,1600505.75,9818.617188,53,1,6.070469,34.236422,630.014961,42.449266,255,96446309,3672296378,255,0.053045,0.007156,0.045889,1214,44,1,0,1,1,1,1,1,1,0,0,1,1,1,0,Exploits,1,1
3530,3.29123,tcp,ftp,FIN,24,22,1244,1608,13.6727,62,252,2899.827637,3731.12793,7,9,143.053696,161.684707,9531.948183,12102.01897,255,3254411315,1054859663,255,0.121915,0.057533,0.064382,52,73,0,0,1,1,2,1,1,2,1,1,0,3,1,0,Exploits,1,1
3543,0.345555,tcp,http,FIN,16,56,1102,67183,205.466564,62,252,23938.30078,1527606.25,2,26,23.037,5.229109,1275.497664,673.90061,255,3719617558,4139372732,255,0.101648,0.053247,0.048401,69,1200,1,32209,3,1,2,2,1,3,0,0,1,2,3,0,Exploits,1,1
3574,1.027194,tcp,http,FIN,26,118,1614,149371,139.214206,62,252,12087.29785,1153480.25,2,57,41.087759,8.428248,2034.421235,1001.768472,255,4018391188,3789961127,255,0.07124,0.040211,0.031029,62,1266,1,72067,1,1,1,1,1,1,0,0,1,3,1,0,DoS,1,1
3581,9.049997,tcp,http,FIN,262,1700,11730,2285861,216.685147,62,252,10330.16895,2019463.125,2,848,34.674316,5.322673,1902.769687,755.136585,255,4034417812,2085782977,255,0.050536,0.005927,0.044609,45,1345,1,1108612,1,1,1,1,1,1,0,0,1,1,1,0,Exploits,1,1
3623,2.284743,tcp,smtp,FIN,240,52,294198,3218,127.366619,62,252,1025841.375,11054.19727,117,8,9.599761,44.403512,1116.26381,64.992457,255,1066294237,2651191643,255,0.066571,0.011281,0.05529,1226,62,0,0,1,1,1,1,1,1,0,0,0,1,1,0,Exploits,1,1
3642,0.314723,tcp,http,FIN,54,12,62001,526,206.530813,254,252,1546833.125,12277.46289,24,1,5.733849,27.942545,607.068499,47.700238,255,3544105891,2957448178,255,0.055417,0.007346,0.048071,1148,44,1,0,1,1,1,1,1,1,0,0,1,1,1,0,Exploits,1,1
3650,1.2519,tcp,ftp,FIN,22,22,1150,1634,34.347793,62,252,7016.535156,9968.847656,7,9,59.614287,55.833141,3135.074449,3180.5277,255,96391806,3863720143,255,0.090668,0.051894,0.038774,52,74,0,0,1,1,2,1,1,2,1,1,0,19,1,0,Exploits,1,1
3671,4.627872,tcp,smtp,FIN,268,56,327640,3180,69.794497,62,252,564264.5,5400.322266,131,8,17.398015,82.959766,1938.061581,104.998992,255,3737028969,3974017299,255,0.138358,0.064366,0.073992,1223,57,0,0,1,1,1,1,1,1,0,0,0,1,1,0,Exploits,1,1
3688,6.331677,tcp,-,FIN,372,66,489399,2864,69.01805,254,252,616688.4375,3564.300537,183,2,17.112641,96.050875,2121.861253,138.058484,255,314210029,3869460298,255,0.178924,0.087746,0.091178,1316,43,0,0,4,1,1,1,1,2,0,0,0,1,1,0,Exploits,1,1
3744,1.689872,tcp,-,FIN,12,10,1068,796,12.426977,254,252,4634.67041,3394.339844,4,1,6652.441672,7979.723,713820.4209,23411.902,255,2615553759,2615880225,255,0.267578,0.119447,0.148131,89,80,0,0,3,1,2,2,2,2,0,0,0,2,2,0,Fuzzers,1,1
3755,1.300935,tcp,-,FIN,12,10,1112,808,16.142236,254,252,6272.411621,4476.780273,4,1,5649.594997,6788.4695,607418.4754,19964.87,255,3746830935,910581608,255,0.186898,0.109625,0.077273,93,81,0,0,5,1,2,2,2,3,0,0,0,3,3,0,Fuzzers,1,1
3759,1.984603,tcp,http,FIN,18,60,1178,75793,38.798691,62,252,4486.539551,300432.875,2,28,116.684059,31.699236,7230.784721,4614.438381,255,3961650072,2671487872,255,0.227451,0.114338,0.113113,65,1263,1,36419,1,1,1,1,1,1,0,0,1,1,1,0,Exploits,1,1
3775,4.209115,tcp,http,FIN,62,368,3016,474458,101.921662,62,252,5641.09082,899322.5625,2,181,68.987737,11.413019,3356.131747,1347.509385,255,1085381893,3130892504,255,0.1275,0.054767,0.072733,49,1289,1,229577,1,1,2,1,1,2,0,0,1,2,1,0,Exploits,1,1
3808,6.627816,tcp,pop3,FIN,44,152,2002,185236,29.421456,62,252,2362.165771,222116.0,7,74,154.135263,43.358655,8905.058085,4699.78847,255,3861640317,579557157,255,0.205028,0.079991,0.125037,46,1219,0,0,1,1,1,1,1,1,0,0,0,2,1,0,Exploits,1,1
3816,40.328518,tcp,-,FIN,24,20,3270,1642,1.066243,254,252,621.694031,309.458435,7,6,1752.217174,2116.874,240911.3436,8123.07,255,1956161030,3530000812,255,0.166353,0.1079,0.058453,136,82,0,0,5,1,2,2,2,2,0,0,0,4,2,0,Fuzzers,1,1
3817,1.623094,tcp,-,FIN,12,10,1082,850,12.938253,254,252,4889.427246,3770.576416,4,2,9728.873167,11670.511,1050926.624,34500.176,255,2449719037,2488416230,255,0.201758,0.105034,0.096724,90,85,0,0,3,1,2,2,2,2,0,0,0,2,3,0,Fuzzers,1,1
3850,2.718107,tcp,http,FIN,58,16,68117,698,26.856927,254,252,197028.2969,1927.812256,26,1,46.289403,175.002594,6896.501857,303.685063,255,1395106564,970529995,255,0.223541,0.093065,0.130476,1174,44,1,0,2,1,2,2,1,2,0,0,1,2,2,0,Exploits,1,1
3858,1.388546,tcp,-,FIN,14,8,6830,354,15.123734,254,252,36544.70313,1786.040894,6,0,4378.860788,7665.028,506772.8351,19801.698,255,3373552465,1585484148,255,0.221012,0.149195,0.071817,488,44,0,0,2,1,3,2,2,2,0,0,0,2,2,0,Fuzzers,1,1
3883,1.689872,tcp,-,FIN,12,10,1068,796,12.426977,254,252,4634.67041,3394.339844,4,1,6652.441672,7979.723,713820.4209,23411.902,255,2615553759,2615880225,255,0.267578,0.119447,0.148131,89,80,0,0,3,1,2,2,2,2,0,0,0,2,2,0,Fuzzers,1,1
3910,1.502791,tcp,smtp,FIN,114,34,126347,2428,97.81799,62,252,666700.8125,12547.32031,54,8,13.299035,45.043637,1334.892854,62.046285,255,2652572599,3960818769,255,0.034378,0.01563,0.018748,1108,71,0,0,1,1,1,1,1,1,0,0,0,1,1,0,Exploits,1,1
3928,2.946476,tcp,smtp,FIN,92,32,101972,2188,41.744783,62,252,273856.625,5756.028809,43,8,32.737266,91.36832,2700.603726,104.928758,255,823723614,364326065,255,0.179009,0.114055,0.064954,1108,68,0,0,1,1,2,1,1,1,0,0,0,10,1,0,Exploits,1,1
4025,4.137188,tcp,smtp,FIN,658,114,856692,5868,186.358466,62,252,1654053.0,11248.21973,326,8,6.306689,36.53107,831.192414,54.296984,255,3494083256,1657420438,255,0.05586,0.008474,0.047386,1302,51,0,0,1,1,1,1,1,1,0,0,0,1,1,0,Exploits,1,1
4082,2.564942,tcp,smtp,FIN,320,62,397727,3524,148.541377,62,252,1236628.375,10816.61914,157,8,8.04057,41.32782,868.501316,50.886434,255,3270721741,3048106128,255,0.063234,0.012845,0.050389,1243,57,0,0,1,1,1,1,1,1,0,0,0,1,1,0,Exploits,1,1
4302,3.995532,tcp,ftp,FIN,24,22,1292,1620,11.26258,62,252,2480.770996,3097.459717,7,9,173.718777,187.174664,10461.58803,12916.04278,255,3509433815,4176217187,255,0.126656,0.061333,0.065323,54,74,0,0,1,1,3,1,1,3,1,1,0,3,1,0,Exploits,1,1
4413,1.439175,tcp,http,FIN,222,36,281527,1558,178.574529,254,252,1557887.0,8421.491211,108,1,6.541704,40.323145,767.971891,49.304355,255,393301859,1982939626,255,0.063682,0.01345,0.050232,1268,43,1,0,1,1,1,1,1,1,0,0,1,1,1,0,Exploits,1,1
4446,3.385422,tcp,ftp,FIN,24,22,1288,1658,13.292287,62,252,2918.395508,3740.744873,7,9,147.192266,156.868661,8134.232985,9926.199864,255,1880485504,397668245,255,0.188618,0.090607,0.098011,54,75,0,0,1,1,2,1,1,2,1,1,0,2,1,0,Exploits,1,1
4467,3.067431,tcp,http,FIN,96,606,4532,791771,228.53,62,252,11697.08496,2061568.75,2,301,32.632244,5.05214,1710.372777,661.906924,255,3007731382,2921259687,255,0.051641,0.006498,0.045143,47,1307,1,383482,2,1,1,1,1,2,0,0,1,1,2,0,DoS,1,1
4471,0.418612,tcp,http,FIN,62,14,73873,612,179.16352,254,252,1389009.375,10874.03125,28,1,6.649967,30.924615,697.37216,45.69534,255,112356990,4120472777,255,0.029714,0.016587,0.013127,1192,44,1,0,1,1,1,1,1,1,0,0,1,1,1,0,Exploits,1,1
4506,31.145971,tcp,-,FIN,20,12,3224,536,0.995313,254,252,786.747009,126.372681,6,1,1638.050842,2825.553,220969.8751,8751.703,255,3465443404,2047848074,255,0.13198,0.06488,0.0671,161,45,0,0,6,1,2,2,2,5,0,0,0,2,5,0,Fuzzers,1,1
4518,3.584075,tcp,http,FIN,38,170,2358,225346,57.755488,62,252,5124.892578,500036.4063,3,82,96.866891,20.418024,5736.587142,2843.507967,255,977451383,201755504,255,0.150199,0.109686,0.040513,62,1326,1,1975,1,1,1,1,1,1,0,0,1,7,1,0,Exploits,1,1
4530,3.666901,tcp,smtp,FIN,196,46,231763,2898,65.72307,62,252,503053.6563,6185.059082,95,8,18.804621,80.09293,1912.939102,98.135008,255,2651031882,1889873584,255,0.113535,0.039446,0.074089,1182,63,0,0,1,1,1,1,1,1,0,0,0,1,1,0,Exploits,1,1
4730,1.731048,tcp,http,FIN,62,366,2988,474337,246.671382,62,252,13587.14453,2186148.5,2,181,28.377836,4.720627,1485.886835,624.591219,255,2462837559,1127960463,255,0.053321,0.007288,0.046033,48,1296,1,229576,2,1,1,1,1,1,0,0,1,1,1,0,Exploits,1,1
4759,8.141543,tcp,http,FIN,240,1534,11130,2069314,217.771977,62,252,10891.30078,2032013.75,3,765,34.065035,5.29496,1774.831322,677.82079,255,2757478783,3065716813,255,0.053831,0.008212,0.045619,46,1349,1,2378,2,1,1,1,1,1,0,0,1,1,1,0,Exploits,1,1
4849,3.006226,tcp,smtp,FIN,300,60,371800,3490,119.41883,62,252,986116.125,9133.045898,146,8,10.088007,50.33832,1128.953411,64.735938,255,2263610352,20828959,255,0.065018,0.021075,0.043943,1239,58,0,0,2,1,1,1,1,1,0,0,0,1,1,0,Exploits,1,1
4869,1.720203,tcp,smtp,FIN,162,40,191612,2638,116.846672,62,252,885616.375,11966.0293,78,8,10.684491,41.889949,1067.887754,52.468645,255,1068265390,1560160441,255,0.121814,0.069926,0.051888,1183,66,0,0,1,1,1,1,1,1,0,0,0,1,1,0,Exploits,1,1
4885,7.679072,tcp,http,FIN,224,1428,10028,1940235,214.99994,62,252,10401.25684,2019907.625,2,712,34.435299,5.353343,1784.354771,674.135344,255,1599969548,2431477242,255,0.072933,0.043847,0.029086,45,1359,1,941260,1,1,1,1,1,1,0,0,1,1,1,0,Exploits,1,1
4980,0.311774,tcp,http,FIN,54,12,62039,526,208.48436,254,252,1562439.5,12393.59375,24,1,5.600774,27.596637,578.385206,45.310477,255,2237573974,1148539425,255,0.053505,0.008202,0.045303,1149,44,1,0,1,1,1,1,1,1,0,0,1,1,1,0,Exploits,1,1
5079,3.401426,tcp,ftp,FIN,24,22,1284,1624,13.229745,62,252,2895.256104,3647.881836,7,9,147.846221,158.399423,8733.827734,10591.69544,255,1897333583,4056942535,255,0.124845,0.07503,0.049815,54,74,0,0,1,1,2,1,1,2,1,1,0,3,1,0,Exploits,1,1
5098,0.227456,tcp,http,FIN,12,20,876,18746,136.290094,62,252,28242.82422,626371.6875,2,8,20.677819,11.226316,1182.208295,1123.673457,255,1104961871,2866067867,255,0.031448,0.013563,0.017885,73,937,1,8704,1,1,35,1,1,39,0,0,1,35,2,0,Exploits,1,1
5110,1.29143,tcp,http,FIN,24,110,1424,136251,102.986612,62,252,8455.743164,836362.8125,2,53,56.149129,11.127101,2961.708526,1514.28903,255,1016317749,779582832,255,0.087401,0.044057,0.043344,59,1239,1,65666,1,1,1,1,1,1,0,0,1,1,1,0,Exploits,1,1
5144,5.580102,tcp,pop3,FIN,68,338,3030,423762,72.579319,62,252,4280.925293,605736.625,7,167,83.285108,16.285047,4841.138157,2120.144708,255,639929770,4155777743,255,0.151309,0.065207,0.086102,45,1254,0,0,1,1,1,1,1,2,0,0,0,3,1,0,Exploits,1,1
5173,4.591933,tcp,smtp,FIN,366,70,464856,4012,94.731352,62,252,807652.9375,6890.344727,180,8,12.649953,65.519246,1559.540998,89.169195,255,1457583890,4184986375,255,0.129487,0.07036,0.059127,1270,57,0,0,1,1,1,1,1,1,0,0,0,1,1,0,Exploits,1,1
5270,1.458236,tcp,smtp,FIN,114,28,140866,1434,96.692169,62,252,766026.9375,7587.249512,55,2,13.705272,57.1475,1455.331,63.348098,255,304207950,2496613739,255,0.087248,0.059591,0.027657,1236,51,0,0,1,1,1,1,1,1,0,0,0,1,1,0,Exploits,1,1
5320,1.84526,tcp,smtp,FIN,254,54,315886,3114,166.372216,62,252,1364113.5,13253.41699,124,8,7.293518,34.266039,812.109241,45.204242,255,3211431677,1697228211,255,0.060273,0.014477,0.045796,1244,58,0,0,2,1,1,1,1,1,0,0,0,1,1,0,Exploits,1,1
5635,1.982355,tcp,smtp,FIN,210,46,253612,2782,128.634881,62,252,1018606.688,10984.91406,102,8,9.530553,43.836512,957.944586,50.330074,255,3904972133,1912702423,255,0.056086,0.008961,0.047125,1208,60,0,0,1,1,1,1,1,1,0,0,0,1,1,0,Exploits,1,1
5643,0.902641,tcp,http,FIN,22,92,1770,115574,125.188198,62,252,14978.26953,1013186.875,2,44,42.982903,9.698274,2595.624092,1180.228864,255,4049214377,3638043403,255,0.034598,0.019078,0.01552,80,1256,1,55622,2,1,1,1,1,3,0,0,1,1,2,0,Reconnaissance,1,1
5644,3.839449,tcp,smtp,FIN,378,72,476422,4006,116.943866,62,252,990062.9375,8232.431641,186,8,10.180982,53.811945,1705.440603,106.577633,255,3782187340,1431921194,255,0.040608,0.018795,0.021813,1260,56,0,0,1,1,1,1,1,1,0,0,0,1,1,0,Exploits,1,1
5699,2.030666,tcp,smtp,FIN,310,62,386310,3582,182.698671,62,252,1516995.875,13887.06836,152,8,6.614547,32.655623,739.826215,41.74682,255,2196204240,1610163875,255,0.063507,0.019634,0.043873,1246,58,0,0,1,1,1,1,1,1,0,0,0,1,1,0,Exploits,1,1
5731,3.804986,tcp,smtp,FIN,162,42,194178,2742,53.35105,62,252,405741.3125,5628.404297,78,8,23.633454,89.819219,2515.982015,124.323445,255,2813521786,3026112836,255,0.236468,0.121666,0.114802,1199,65,0,0,1,1,1,1,1,1,0,0,0,1,1,0,Exploits,1,1
5753,2.374308,tcp,smtp,FIN,346,68,431805,3868,173.945411,62,252,1450723.25,12844.16309,170,8,6.902058,34.601625,880.544632,53.551172,255,1478792005,1437087695,255,0.078886,0.040648,0.038238,1248,57,0,0,1,1,2,1,1,1,0,0,0,1,1,0,Exploits,1,1
5784,0.737462,tcp,http,FIN,26,26,20644,26514,69.156107,62,252,215333.1406,276570.1875,9,10,29.49848,27.240321,2148.860533,2584.599426,255,881247984,1751885425,255,0.225647,0.055451,0.170196,794,1020,1,12463,1,1,1,1,1,1,0,0,1,1,1,0,Exploits,1,1
5808,2.039896,tcp,http,FIN,34,124,3246,163620,76.964708,62,252,12357.49219,636506.9375,6,60,61.81503,15.655236,3322.281528,1674.96718,255,3006698746,1219716814,255,0.198224,0.095547,0.102677,95,1320,1,109,1,1,1,1,1,1,0,0,1,1,1,0,Exploits,1,1
5885,31.145971,tcp,-,FIN,20,12,3224,536,0.995313,254,252,786.747009,126.372681,6,1,1638.050842,2825.553,220969.8751,8751.703,255,3465443404,2047848074,255,0.13198,0.06488,0.0671,161,45,0,0,6,1,2,2,2,5,0,0,0,2,5,0,Fuzzers,1,1
5890,1.530341,tcp,http,FIN,56,306,3102,407676,235.895133,62,252,15928.47559,2124201.0,3,151,27.824382,4.93199,1466.613353,641.271275,255,1633700096,3641706785,255,0.065966,0.019094,0.046872,55,1332,1,204,1,1,1,1,1,1,0,0,1,1,1,0,Exploits,1,1
5989,1.069397,tcp,smtp,FIN,104,32,115864,2168,126.23937,62,252,858427.6875,15717.26953,49,8,10.382495,34.264613,927.61502,42.605637,255,3393153553,877824605,255,0.051951,0.006475,0.045476,1114,68,0,0,1,1,1,1,1,1,0,0,0,2,1,0,Exploits,1,1
5995,0.251676,tcp,http,FIN,42,10,48858,440,202.641497,254,252,1516076.25,12587.61328,18,1,6.138439,27.166445,580.144706,42.558738,255,584616620,844469331,255,0.050915,0.006127,0.044788,1163,44,1,0,2,1,1,1,1,1,0,0,1,1,1,0,DoS,1,1
6118,5.156609,tcp,smtp,FIN,798,138,1071060,6770,181.320707,62,252,1659568.125,10427.00684,396,8,6.478152,37.590145,995.393406,69.471312,255,2363133152,982779130,255,0.052556,0.00603,0.046526,1342,49,0,0,1,1,1,1,1,1,0,0,0,1,1,0,Exploits,1,1
6146,1.103153,tcp,http,FIN,34,170,1776,217063,184.017994,62,252,12502.3457,1564874.5,2,83,33.428879,6.516559,1733.33578,824.591567,255,2283688795,318000420,255,0.062099,0.007542,0.054557,52,1277,1,104877,1,1,1,1,1,1,0,0,1,1,1,0,DoS,1,1
6182,3.904429,tcp,smtp,FIN,654,116,869644,6042,196.955818,62,252,1779138.5,12273.24121,324,8,5.979218,33.648027,716.996334,44.935816,255,2519203936,491603805,255,0.061807,0.006581,0.055226,1330,52,0,0,2,1,1,1,1,1,0,0,0,2,1,0,Exploits,1,1
6227,3.200878,tcp,smtp,FIN,564,100,741474,5144,207.130675,62,252,1849892.5,12729.00781,279,8,5.705665,32.11799,691.752029,42.701496,255,3189012208,3941088314,255,0.052954,0.006562,0.046392,1315,51,0,0,1,1,2,1,1,1,0,0,0,1,1,0,Exploits,1,1
6255,2.08259,tcp,http,FIN,48,276,2432,350585,155.09533,62,252,9150.144531,1341848.25,2,135,44.310424,7.547638,3398.695006,1201.398417,255,1171122112,2728635492,255,0.052676,0.00685,0.045826,51,1270,1,169472,2,1,1,1,1,1,0,0,1,2,1,0,Exploits,1,1
6258,1.450072,tcp,smtp,FIN,192,44,230057,2776,162.060913,254,252,1262607.625,14967.53223,93,8,7.592,33.302766,786.845801,39.29948,255,3064772169,2489884652,255,0.031821,0.01734,0.014481,1198,63,0,0,1,1,1,1,1,1,0,0,0,1,1,0,DoS,1,1
6405,22.168262,tcp,-,FIN,564,3692,24484,4930829,191.941069,62,252,8820.176758,1778937.375,6,1844,39.375237,6.009304,2116.871801,814.005933,255,3844826732,1571920377,255,0.050794,0.00598,0.044814,43,1336,0,0,5,1,1,1,1,1,0,0,0,2,1,0,Exploits,1,1
6420,2.259432,tcp,http,FIN,44,240,2254,308032,125.252714,62,252,7800.19043,1086110.125,2,118,52.544929,9.059676,2669.71719,1317.545718,255,3931828701,1090063213,255,0.19473,0.087051,0.107679,51,1283,1,148930,1,1,1,1,1,1,0,0,1,2,1,0,Exploits,1,1
6466,11.661147,tcp,smtp,FIN,1250,200,1633999,9580,124.258787,62,252,1120090.125,6540.008301,622,8,9.336387,57.595742,1110.223577,66.211805,255,4268114109,2238164699,255,0.191863,0.095441,0.096422,1307,48,0,0,1,1,2,1,1,1,0,0,0,1,1,0,Exploits,1,1
6475,59.970741,tcp,smtp,CON,6954,1032,9173970,44926,133.148262,254,252,1223616.875,5987.319824,3476,6,8.63883,58.263785,1117.315296,72.225836,255,1242053010,2594456173,255,0.079306,0.025946,0.05336,1319,44,0,0,1,0,1,1,1,1,0,0,0,1,1,0,DoS,1,1
6668,5.566142,tcp,http,FIN,64,376,3114,482584,78.869708,254,252,4406.642578,691755.25,2,185,88.351463,14.691118,4387.322053,1946.498734,255,2449907520,1243303547,255,0.153739,0.071058,0.082681,49,1283,1,233472,3,1,1,3,1,2,0,0,1,3,1,0,Worms,1,1
6740,4.118411,tcp,http,FIN,54,308,2748,394854,87.655165,62,252,5240.855957,764514.25,2,151,77.705869,13.018785,4072.772328,1661.22656,255,471083179,1109426452,255,0.17062,0.104311,0.066309,51,1282,1,190967,3,1,1,1,1,1,0,0,1,1,1,0,Exploits,1,1
6956,4.251696,tcp,ftp-data,FIN,44,252,1912,322785,69.384075,62,252,3516.714111,604944.4375,1,124,98.876649,16.358088,7326.559519,3007.311137,255,2104572728,3502491671,255,0.21033,0.16154,0.04879,43,1281,0,0,1,1,3,1,1,3,0,0,0,4,1,0,Exploits,1,1
7115,2.573971,tcp,smtp,FIN,346,68,437259,3748,160.452466,62,252,1355092.125,11477.98438,170,8,7.504289,37.940566,801.882484,43.031352,255,1575406038,2389400266,255,0.080338,0.031189,0.049149,1264,55,0,0,1,1,1,1,1,1,0,0,0,1,1,0,Exploits,1,1
7287,3.382015,tcp,ftp,FIN,26,22,1358,1652,13.897041,62,252,3089.282471,3730.320557,7,9,135.2806,158.228521,7671.973561,10030.85474,255,3454157216,2122096758,255,0.191485,0.041565,0.14992,52,75,0,0,1,1,2,1,1,2,1,1,0,2,1,0,Exploits,1,1
7317,3.382015,tcp,ftp,FIN,26,22,1358,1652,13.897041,62,252,3089.282471,3730.320557,7,9,135.2806,158.228521,7671.973561,10030.85474,255,3454157216,2122096758,255,0.191485,0.041565,0.14992,52,75,0,0,1,1,2,1,1,2,1,1,0,2,1,0,Exploits,1,1
7349,59.978867,tcp,smtp,CON,5974,896,7898271,39112,114.523671,62,252,1053297.5,5211.035645,2986,6,10.05987,66.932797,1224.954012,77.240297,255,63331322,412863976,255,0.144187,0.074034,0.070153,1322,44,0,0,1,3,1,1,1,1,0,0,0,10,1,0,Exploits,1,1
7359,3.144505,tcp,smtp,FIN,116,34,129846,2196,47.384246,62,252,327497.0,5424.064941,55,8,27.343521,91.005453,2795.77815,126.915297,255,2036845902,18785933,255,0.168986,0.112067,0.056919,1119,65,0,0,1,1,2,1,1,1,0,0,0,1,1,0,Exploits,1,1
7393,3.451301,tcp,ftp,FIN,22,20,1838,1838,11.879578,254,252,4068.031006,4049.487305,6,8,164.322146,178.984844,9344.147977,12337.46832,255,423673434,1929881482,255,0.129063,0.050588,0.078475,84,92,0,0,1,1,2,1,1,2,1,1,0,3,1,0,Exploits,1,1
7662,1.703256,tcp,http,FIN,32,162,1736,207751,113.312384,62,252,7900.163086,969761.4375,2,79,54.939937,10.230069,2634.391758,1219.697946,255,2399340546,519089956,255,0.163623,0.066438,0.097185,54,1282,1,100353,2,1,2,2,2,2,0,0,4,3,2,0,DoS,1,1
7665,1.703256,tcp,http,FIN,32,162,1736,207751,113.312384,62,252,7900.163086,969761.4375,2,79,54.939937,10.230069,2634.391758,1219.697946,255,2399340546,519089956,255,0.163623,0.066438,0.097185,54,1282,1,100353,2,1,2,2,2,2,0,0,4,3,2,0,DoS,1,1
7738,4.498018,tcp,ftp,FIN,24,22,1240,1624,10.004407,62,252,2114.709229,2758.54834,7,9,204.455364,210.964955,12527.25119,14404.72,255,4121310812,276571947,255,0.138514,0.06713,0.071384,52,74,0,0,1,1,3,1,1,3,1,1,0,3,1,0,Exploits,1,1
7770,5.735677,tcp,-,FIN,98,570,4440,741893,116.289677,62,252,6130.052734,1032962.0,6,283,59.130691,9.954246,2852.07567,1118.469286,255,626437501,3320216528,255,0.127111,0.071086,0.056025,45,1302,0,0,2,1,1,1,1,1,0,0,0,2,1,0,Exploits,1,1
7775,7.208494,tcp,ftp,FIN,24,26,1248,1806,6.797536,62,252,1327.322998,1927.72583,7,9,313.412788,285.843594,21034.18546,634.120688,255,1246233770,1997428564,255,0.10065,0.050991,0.049659,52,69,0,0,1,1,3,1,1,3,1,1,0,4,1,0,Exploits,1,1
7778,4.251696,tcp,ftp-data,FIN,44,252,1912,322785,69.384075,62,252,3516.714111,604944.4375,1,124,98.876649,16.358088,7326.559519,3007.311137,255,2104572728,3502491671,255,0.21033,0.16154,0.04879,43,1281,0,0,1,1,3,1,1,3,0,0,0,4,1,0,Exploits,1,1
7790,3.02316,tcp,smtp,FIN,90,32,98386,2270,40.024346,62,252,257460.4063,5821.723145,42,8,33.968089,94.714484,3126.303576,131.253422,255,2445661258,3750868335,255,0.218207,0.086339,0.131868,1093,71,0,0,1,1,2,1,1,1,0,0,0,3,1,0,Exploits,1,1
7794,3.02316,tcp,smtp,FIN,90,32,98386,2270,40.024346,62,252,257460.4063,5821.723145,42,8,33.968089,94.714484,3126.303576,131.253422,255,2445661258,3750868335,255,0.218207,0.086339,0.131868,1093,71,0,0,1,1,2,1,1,1,0,0,0,3,1,0,Exploits,1,1
7937,3.336912,tcp,smtp,FIN,160,40,186278,2720,59.635976,62,252,443797.1563,6357.974121,77,8,21.11888,83.556977,2069.855538,98.10543,255,644534049,4191569154,255,0.147023,0.078184,0.068839,1164,68,0,0,1,1,2,1,1,1,0,0,0,2,2,0,Exploits,1,1
8028,2.970574,tcp,ftp,FIN,24,22,1256,1630,15.148588,62,252,3242.471191,4190.436035,7,9,129.155397,137.00667,7080.402269,9071.738982,255,3202794214,1263199879,255,0.111516,0.054649,0.056867,52,74,0,0,1,1,2,1,1,2,1,1,0,10,1,0,Exploits,1,1
8047,3.1657,tcp,smtp,FIN,102,34,113996,2426,42.644597,62,252,285255.0938,5951.290527,48,8,31.657,92.815789,3252.315892,123.192711,255,1042918264,1009114897,255,0.164993,0.102201,0.062792,1118,71,0,0,1,1,1,1,1,1,0,0,0,2,1,0,Exploits,1,1
8052,3.385422,tcp,ftp,FIN,24,22,1288,1658,13.292287,62,252,2918.395508,3740.744873,7,9,147.192266,156.868661,8134.232985,9926.199864,255,1880485504,397668245,255,0.188618,0.090607,0.098011,54,75,0,0,1,1,2,1,1,2,1,1,0,2,1,0,Exploits,1,1
8146,22.856043,tcp,smtp,FIN,1872,300,2475544,13840,94.985821,62,252,866019.375,4828.132324,933,8,12.255256,76.130406,1446.269448,85.56318,255,135126026,1986892659,255,0.186931,0.092297,0.094634,1322,46,0,0,3,1,1,2,1,1,0,0,0,3,1,0,Exploits,1,1
8227,4.668218,tcp,smtp,FIN,184,48,220371,3072,49.483549,62,252,375602.0,5154.857422,88,8,25.649549,97.119297,2594.038368,128.023094,255,2973841956,1647616200,255,0.154086,0.066722,0.087364,1198,64,0,0,1,1,1,1,1,1,0,0,0,1,1,0,Exploits,1,1
8272,3.829145,tcp,ftp,FIN,24,22,1300,1662,11.751971,62,252,2603.192139,3315.622803,7,9,174.052043,179.311911,9976.051545,12430.31482,255,3084200012,561598571,255,0.143055,0.062777,0.080278,54,76,0,0,1,1,2,1,1,2,1,1,0,2,1,0,Exploits,1,1
8297,2.161787,tcp,smtp,FIN,144,40,166127,2730,84.652187,62,252,610509.75,9851.109375,68,8,15.117392,54.676129,1973.306088,82.248211,255,3684817848,1492928377,255,0.06079,0.022344,0.038446,1154,68,0,0,1,1,2,1,1,1,0,0,0,1,2,0,Exploits,1,1
8300,4.581184,tcp,http,FIN,62,352,3008,473769,90.151369,62,252,5168.969727,824981.5,2,174,75.101374,12.801197,3613.770459,1591.03343,255,2748039879,2660133173,255,0.152826,0.087276,0.06555,49,1346,1,229578,1,1,3,1,1,2,0,0,1,3,1,0,Exploits,1,1
8304,4.32382,tcp,-,FIN,112,662,5060,851304,178.777095,62,252,9278.832031,1572718.5,6,329,38.953332,6.511915,1954.014287,779.412974,255,2808409599,1702418380,255,0.057388,0.012308,0.04508,45,1286,0,0,1,1,6,1,1,1,0,0,0,1,1,0,Exploits,1,1
8306,1.2519,tcp,ftp,FIN,22,22,1150,1634,34.347793,62,252,7016.535156,9968.847656,7,9,59.614287,55.833141,3135.074449,3180.5277,255,96391806,3863720143,255,0.090668,0.051894,0.038774,52,74,0,0,1,1,2,1,1,2,1,1,0,19,1,0,Exploits,1,1
8334,0.656338,tcp,http,FIN,22,96,1304,119912,178.261817,62,252,15175.1084,1446364.625,2,46,31.25419,6.599747,1578.646941,811.148,255,1879482916,1575242210,255,0.055639,0.028592,0.027047,59,1249,1,57775,1,1,1,1,1,1,0,0,1,10,1,0,Exploits,1,1
8357,9.479752,tcp,smtp,FIN,970,150,1286147,6688,118.041068,62,252,1084266.375,5606.897949,478,2,9.894889,63.707246,1176.0797,71.768898,255,67160558,412864279,255,0.144187,0.074034,0.070153,1326,45,0,0,2,1,1,1,1,1,0,0,0,1,1,0,Exploits,1,1
8379,59.833561,udp,-,CON,298,298,168228,230574,9.944252,254,60,22417.38477,30725.36523,0,0,199.909547,201.078859,249.509641,249.842109,0,0,0,0,0.0,0.0,0.0,565,774,0,0,2,0,1,1,1,2,0,0,0,1,2,0,DoS,1,1
8385,8.906014,tcp,pop3,FIN,110,620,4848,799203,81.854797,62,252,4315.286133,716741.6875,7,308,81.69695,14.359586,3876.333829,1627.200214,255,4134590155,1056850153,255,0.147692,0.0605,0.087192,44,1289,0,0,1,1,2,1,1,2,0,0,0,1,1,0,Exploits,1,1
8389,2.321977,tcp,smtp,FIN,104,32,115278,2170,58.140113,62,252,393354.4688,7245.550293,49,8,22.543465,71.931969,2024.02805,88.599602,255,1219166389,2198810060,255,0.105018,0.066693,0.038325,1108,68,0,0,1,1,1,1,1,1,0,0,0,3,1,0,Exploits,1,1
8472,3.707501,tcp,ftp,FIN,24,22,1264,1656,12.137556,62,252,2615.23877,3411.462402,7,9,161.195702,171.289804,9863.627737,12028.64497,255,2752073044,3648910703,255,0.21534,0.10975,0.10559,53,75,0,0,1,1,2,1,1,2,1,1,0,2,1,0,Exploits,1,1
8483,38.333538,tcp,smtp,FIN,3960,602,5238681,26806,118.981973,254,252,1093008.25,5585.083008,1976,8,9.699786,63.892355,1163.305189,73.440328,255,87515965,2809867308,255,0.165527,0.060961,0.104566,1323,45,0,0,1,1,1,1,1,1,0,0,0,1,1,0,Exploits,1,1
8522,4.282982,tcp,ftp,FIN,24,26,1276,1824,11.440627,62,252,2284.389893,3276.222168,7,9,186.216607,166.64612,10614.70482,10890.0172,255,3215358903,858858818,255,0.167853,0.082978,0.084875,53,70,0,0,1,1,1,1,1,1,1,1,0,1,1,0,Exploits,1,1
8539,1.042508,tcp,http,FIN,24,102,1378,128295,119.903156,62,252,10137.09277,974864.4375,2,49,45.284129,9.89665,2230.648395,1122.761034,255,4024884152,3647383867,255,0.079131,0.052828,0.026303,57,1258,1,61842,1,1,1,1,1,1,0,0,1,1,1,0,Exploits,1,1
8589,1.84677,tcp,smtp,FIN,160,40,185856,2598,107.7557,62,252,800077.9375,10977.00293,77,8,11.614906,46.591027,1147.235821,53.20543,255,2519216476,1549633104,255,0.04791,0.028734,0.019176,1162,65,0,0,1,1,1,1,1,6,0,0,0,2,1,0,Exploits,1,1
8624,1.389783,tcp,http,FIN,18,60,1196,73123,55.404332,62,252,6504.612305,413906.3438,2,28,81.694,22.561355,4099.644593,2450.225814,255,2782223031,3729563030,255,0.085533,0.058654,0.026879,66,1219,1,35111,1,1,1,1,1,1,0,0,1,1,1,0,Exploits,1,1
8638,1.308665,tcp,http,FIN,26,122,1468,156057,112.328209,62,252,8631.697266,946173.375,2,59,52.346599,10.366233,2674.36523,1170.283387,255,3092398553,506875543,255,0.126497,0.063106,0.063391,56,1279,1,75323,1,1,1,1,1,1,0,0,1,9,1,0,DoS,1,1
8649,3.435962,tcp,smtp,FIN,186,46,221635,2782,67.230081,62,252,513262.9688,6337.671875,90,8,18.673707,73.792359,1974.61557,93.172742,255,269718758,531362792,255,0.198393,0.114638,0.083755,1192,60,0,0,1,1,1,1,1,1,0,0,0,1,1,0,Exploits,1,1
8708,4.862669,tcp,smtp,FIN,144,40,163490,2530,37.633654,62,252,267104.3438,4058.676514,69,8,34.244147,120.773461,3505.501656,160.015281,255,554886515,556026155,255,0.126962,0.072602,0.05436,1135,63,0,0,1,1,4,1,1,5,0,0,0,3,1,0,Exploits,1,1
8712,0.530944,tcp,http,FIN,12,20,882,17730,58.386573,62,252,12189.60938,253797.0156,2,7,48.267636,25.046789,3444.096789,2242.730512,255,1445216712,3881922617,255,0.107429,0.054364,0.053065,74,887,1,8192,1,1,18,1,1,18,0,0,1,18,1,0,Exploits,1,1
8729,2.576105,tcp,ftp,FIN,24,24,1276,1716,18.244597,62,252,3797.981689,5108.487305,7,9,112.004565,111.281738,6469.979806,6885.684838,255,3544713239,2714150423,255,0.057688,0.009921,0.047767,53,72,0,0,1,1,20,1,1,20,1,1,0,20,1,0,Exploits,1,1
8763,1.774513,tcp,smtp,FIN,114,32,127892,2276,81.71256,62,252,571519.0625,9940.755859,54,8,15.703654,55.425227,1810.102732,85.214977,255,796685212,1410031574,255,0.09769,0.042549,0.055141,1122,71,0,0,1,1,1,1,1,1,0,0,0,3,1,0,Exploits,1,1
8770,7.208494,tcp,ftp,FIN,24,26,1248,1806,6.797536,62,252,1327.322998,1927.72583,7,9,313.412788,285.843594,21034.18546,634.120688,255,1246233770,1997428564,255,0.10065,0.050991,0.049659,52,69,0,0,1,1,3,1,1,3,1,1,0,4,1,0,Exploits,1,1
8785,17.625374,sctp,-,CON,250,24,248562,1652,15.489033,254,60,112368.9063,718.963501,0,0,70.784617,169.608344,97.733031,196.928172,0,0,0,0,0.0,0.0,0.0,994,69,0,0,1,0,1,1,1,1,0,0,0,18,1,0,Exploits,1,1
8786,17.625374,sctp,-,CON,250,24,248562,1652,15.489033,254,60,112368.9063,718.963501,0,0,70.784617,169.608344,97.733031,196.928172,0,0,0,0,0.0,0.0,0.0,994,69,0,0,1,0,1,1,1,1,0,0,0,18,1,0,Exploits,1,1
8787,3.611977,tcp,smtp,FIN,108,34,121427,2458,39.036792,62,252,266453.5313,5284.640137,51,8,33.755522,107.182484,3203.441968,135.481766,255,1550734658,3694737215,255,0.136659,0.074951,0.061708,1124,72,0,0,1,1,1,1,1,2,0,0,0,1,1,0,Exploits,1,1
8788,17.625374,sctp,-,CON,250,24,248562,1652,15.489033,254,60,112368.9063,718.963501,0,0,70.784617,169.608344,97.733031,196.928172,0,0,0,0,0.0,0.0,0.0,994,69,0,0,1,0,1,1,1,1,0,0,0,18,1,0,Exploits,1,1
8790,0.92449,tcp,-,FIN,10,10,608,646,20.551872,254,252,4742.074219,5036.290527,1,4,7451.5429,7453.957,735893.1883,22081.702,255,2419238425,2996094669,255,0.190728,0.109768,0.08096,61,65,0,0,5,1,2,2,2,3,0,0,0,3,4,0,Exploits,1,1
8806,1.703256,tcp,http,FIN,32,162,1736,207751,113.312384,62,252,7900.163086,969761.4375,2,79,54.939937,10.230069,2634.391758,1219.697946,255,2399340546,519089956,255,0.163623,0.066438,0.097185,54,1282,1,100353,2,1,2,2,2,2,0,0,4,3,2,0,Exploits,1,1
8815,2.970574,tcp,ftp,FIN,24,22,1256,1630,15.148588,62,252,3242.471191,4190.436035,7,9,129.155397,137.00667,7080.402269,9071.738982,255,3202794214,1263199879,255,0.111516,0.054649,0.056867,52,74,0,0,1,1,2,1,1,2,1,1,0,10,1,0,Exploits,1,1
8818,3.820293,tcp,http,FIN,112,694,5228,917376,210.716825,62,252,10851.52344,1918292.625,2,345,34.729936,5.49458,1823.30797,706.275737,255,2262067843,672158979,255,0.038867,0.022927,0.01594,47,1322,1,444493,3,1,1,2,1,1,0,0,1,3,1,0,DoS,1,1
8834,4.498018,tcp,ftp,FIN,24,22,1240,1624,10.004407,62,252,2114.709229,2758.54834,7,9,204.455364,210.964955,12527.25119,14404.72,255,4121310812,276571947,255,0.138514,0.06713,0.071384,52,74,0,0,1,1,3,1,1,3,1,1,0,3,1,0,Exploits,1,1
8872,8.760914,tcp,smtp,FIN,580,104,741448,5518,77.959904,62,252,675883.8125,4990.347168,286,8,15.157291,83.843945,1749.41624,97.758047,255,4177234230,1087645044,255,0.162197,0.092456,0.069741,1278,53,0,0,1,1,2,1,1,1,0,0,0,11,1,0,Exploits,1,1
8884,2.306956,tcp,ftp,FIN,22,22,1166,1634,18.63928,62,252,3859.631348,5409.726074,7,9,109.855051,104.414807,5392.770365,6106.607853,255,275028241,3123076644,255,0.166305,0.113227,0.053078,53,74,0,0,1,1,2,1,1,2,1,1,0,3,1,0,Exploits,1,1
8887,3.757077,tcp,smtp,FIN,294,60,361561,3516,93.95602,62,252,767260.3125,7363.170898,144,8,12.863647,62.370797,1344.299663,69.514836,255,4040779605,3837872335,255,0.137801,0.077195,0.060606,1230,59,0,0,1,1,1,1,1,1,0,0,0,7,1,0,Exploits,1,1
8891,2.008628,tcp,http,FIN,38,204,1988,263696,119.982402,254,252,7710.736328,1045107.438,2,100,54.287245,9.438502,2700.060844,1144.644601,255,1224600597,3064456751,255,0.140677,0.0688,0.071877,52,1293,1,127488,2,1,1,1,1,1,0,0,1,1,1,0,Worms,1,1
8894,6.648002,tcp,smtp,FIN,556,98,716704,5048,98.224998,62,252,860908.25,6013.235352,275,8,12.043482,66.499844,1425.33032,81.306992,255,683736064,3398851702,255,0.276693,0.196528,0.080165,1289,52,0,0,1,1,3,1,1,2,0,0,0,10,1,0,Exploits,1,1
8911,1.608134,tcp,http,FIN,16,52,1606,60039,41.663194,62,252,7491.912598,292935.7813,2,23,107.208931,29.885097,7468.424132,3379.017025,255,45475734,3040535589,255,0.221526,0.08342,0.138106,100,1155,1,28672,2,1,1,1,1,1,0,0,1,1,1,0,Exploits,1,1
8912,2.531806,tcp,smtp,FIN,210,52,253709,3084,103.088468,62,252,797852.625,9558.394531,102,8,12.113904,49.246727,1700.828319,90.046883,255,2577762098,222851047,255,0.046135,0.019418,0.026717,1208,59,0,0,1,1,1,1,1,1,0,0,0,11,1,0,Exploits,1,1
8919,5.534517,tcp,smtp,FIN,386,74,483632,4210,82.934069,62,252,697267.75,6004.499023,189,8,14.412805,74.218258,1604.149229,95.875469,255,427024602,894475640,255,0.129618,0.058415,0.071203,1253,57,0,0,1,1,1,1,1,1,0,0,0,1,1,0,Exploits,1,1
8925,1.703256,tcp,http,FIN,32,162,1736,207751,113.312384,62,252,7900.163086,969761.4375,2,79,54.939937,10.230069,2634.391758,1219.697946,255,2399340546,519089956,255,0.163623,0.066438,0.097185,54,1282,1,100353,2,1,2,2,2,2,0,0,4,3,2,0,Exploits,1,1
8932,2.687232,tcp,-,FIN,62,332,2918,416119,146.247141,62,252,8547.084961,1235073.125,6,164,44.052984,8.03333,2279.581089,1000.89996,255,973825077,1129748973,255,0.054188,0.008036,0.046152,47,1253,0,0,2,1,1,1,1,2,0,0,0,1,2,0,Exploits,1,1
8935,3.670956,tcp,ftp,FIN,22,22,1182,1646,11.71357,62,252,2460.394531,3425.810791,7,9,174.807423,173.168756,11835.75455,14002.55643,255,1160243152,936039143,255,0.086155,0.033703,0.052452,54,75,0,0,1,1,2,1,1,2,1,1,0,3,1,0,Exploits,1,1
8936,19.923668,tcp,http,FIN,1624,252,2162355,10846,94.109178,254,252,867721.375,4337.755371,809,1,12.294593,79.421711,1427.051509,86.86932,255,3961156245,2418360694,255,0.147399,0.068233,0.079166,1331,43,1,0,1,1,1,1,1,1,0,0,1,1,1,0,Exploits,1,1
8948,1.61067,tcp,http,FIN,104,20,134429,870,76.365737,254,252,661275.125,4107.607422,49,1,15.139388,80.230422,1795.778927,135.613797,255,2266593740,2322344382,255,0.144111,0.086284,0.057827,1293,44,1,0,2,1,1,1,1,1,0,0,1,1,1,0,DoS,1,1
8998,17.625374,sctp,-,CON,250,24,248562,1652,15.489033,254,60,112368.9063,718.963501,0,0,70.784617,169.608344,97.733031,196.928172,0,0,0,0,0.0,0.0,0.0,994,69,0,0,1,0,1,1,1,1,0,0,0,18,1,0,Reconnaissance,1,1
8999,17.625374,sctp,-,CON,250,24,248562,1652,15.489033,254,60,112368.9063,718.963501,0,0,70.784617,169.608344,97.733031,196.928172,0,0,0,0,0.0,0.0,0.0,994,69,0,0,1,0,1,1,1,1,0,0,0,18,1,0,DoS,1,1
9000,17.625374,sctp,-,CON,250,24,248562,1652,15.489033,254,60,112368.9063,718.963501,0,0,70.784617,169.608344,97.733031,196.928172,0,0,0,0,0.0,0.0,0.0,994,69,0,0,1,0,1,1,1,1,0,0,0,18,1,0,Exploits,1,1
9001,17.625374,sctp,-,CON,250,24,248562,1652,15.489033,254,60,112368.9063,718.963501,0,0,70.784617,169.608344,97.733031,196.928172,0,0,0,0,0.0,0.0,0.0,994,69,0,0,1,0,1,1,1,1,0,0,0,18,1,0,Exploits,1,1
9023,2.280881,tcp,smtp,FIN,148,38,173971,2472,81.109013,62,252,606067.5625,8442.352539,71,8,15.615986,60.209648,1501.426576,67.09082,255,2285479358,528553204,255,0.081287,0.053115,0.028172,1175,65,0,0,1,1,2,1,1,1,0,0,0,1,1,0,Exploits,1,1
9024,4.282982,tcp,ftp,FIN,24,26,1276,1824,11.440627,62,252,2284.389893,3276.222168,7,9,186.216607,166.64612,10614.70482,10890.0172,255,3215358903,858858818,255,0.167853,0.082978,0.084875,53,70,0,0,1,1,1,1,1,1,1,1,0,1,1,0,Exploits,1,1
9031,3.304835,tcp,smtp,FIN,112,34,126464,2470,43.875109,62,252,303397.9063,5804.828125,53,8,29.773288,97.224242,3371.087832,151.491328,255,3928045627,3165002498,255,0.130055,0.083729,0.046326,1129,73,0,0,1,1,1,1,1,1,0,0,0,1,1,0,Exploits,1,1
9039,0.726655,tcp,http,FIN,48,10,52461,440,78.441626,254,252,565539.375,4359.703125,21,1,14.764617,76.599891,1653.666051,133.955797,255,3908823125,2675186371,255,0.054875,0.037253,0.017622,1093,44,1,0,1,1,4,1,1,1,0,0,1,2,1,0,Exploits,1,1
9043,5.903088,tcp,http,FIN,90,560,4296,724985,109.942456,62,252,5758.341797,980762.625,2,278,66.326834,10.408299,3155.957314,1240.777049,255,38722738,1286219903,255,0.212604,0.10491,0.107694,48,1295,1,350992,2,1,1,2,1,1,0,0,1,2,1,0,DoS,1,1
9054,5.715216,tcp,smtp,FIN,584,102,741453,5338,119.855484,62,252,1036088.875,7399.195312,289,8,9.819959,55.530395,1175.262134,66.684219,255,3608785547,834274141,255,0.062773,0.044174,0.018599,1270,52,0,0,1,1,1,1,1,1,0,0,0,2,1,0,Exploits,1,1
9056,3.464865,tcp,ftp,FIN,24,22,1256,1608,12.987519,62,252,2779.90625,3544.149658,7,9,150.646306,162.026908,7995.198979,10465.0145,255,3032980235,1390687965,255,0.127805,0.061582,0.066223,52,73,0,0,1,1,2,1,1,1,1,1,0,1,1,0,Exploits,1,1
9060,4.534839,tcp,ftp,FIN,22,22,1210,1646,9.482144,62,252,2037.558472,2773.196533,7,9,215.938613,212.036003,14268.68495,16625.1246,255,900890784,792742370,255,0.155429,0.082074,0.073355,55,75,0,0,1,1,1,1,1,2,1,1,0,1,1,0,Exploits,1,1
9061,4.534839,tcp,ftp,FIN,22,22,1210,1646,9.482144,62,252,2037.558472,2773.196533,7,9,215.938613,212.036003,14268.68495,16625.1246,255,900890784,792742370,255,0.155429,0.082074,0.073355,55,75,0,0,1,1,1,1,1,2,1,1,0,1,1,0,Exploits,1,1
9063,1.094252,tcp,smtp,FIN,100,30,108638,2140,117.888751,62,252,786305.1875,15126.31445,47,8,11.05305,36.300344,991.154505,43.080996,255,4271869076,2783467609,255,0.044778,0.031838,0.01294,1086,71,0,0,1,1,1,1,1,1,0,0,0,2,1,0,Exploits,1,1
9120,3.161087,tcp,smtp,FIN,248,54,301367,3200,95.220409,62,252,759617.1875,7949.164062,120,8,12.849947,59.190395,1595.783238,93.23307,255,2082934509,422743011,255,0.057643,0.023356,0.034287,1215,59,0,0,1,1,1,1,1,1,0,0,0,1,1,0,Exploits,1,1
9131,1.119979,tcp,http,FIN,26,108,1854,141974,118.752224,62,252,12735.95313,1004733.125,3,52,44.799161,10.192533,2378.650262,1190.54595,255,1370334561,3921180391,255,0.032451,0.011612,0.020839,71,1315,1,2554,1,1,1,1,1,1,0,0,1,1,1,0,Exploits,1,1
9132,0.996218,tcp,http,FIN,56,12,66933,526,67.254354,254,252,527900.5,3878.668945,25,1,18.113055,78.47318,1807.363556,126.100164,255,2368569743,2323041549,255,0.182227,0.104025,0.078202,1195,44,1,0,2,1,2,2,1,1,0,0,1,2,1,0,Exploits,1,1
9173,2.531535,tcp,smtp,FIN,108,32,122668,2170,54.9074,62,252,384061.0625,6645.770508,51,8,23.659206,77.229516,2226.082422,94.725469,255,144289654,1025537032,255,0.211999,0.136629,0.07537,1136,68,0,0,1,1,2,1,1,1,0,0,0,2,1,0,Exploits,1,1
9179,3.878864,tcp,pop3,FIN,54,234,2398,283207,73.990734,62,252,4855.029785,581607.375,7,114,73.184114,16.335549,4216.266463,1973.470747,255,1280870108,1116077940,255,0.140949,0.072672,0.068277,44,1210,0,0,1,1,1,1,1,1,0,0,0,16,1,0,Exploits,1,1
9224,3.530645,tcp,http,FIN,194,36,252231,1558,64.860672,254,252,568578.25,3432.800537,94,1,18.484503,99.802258,2182.570618,144.025187,255,356523070,3715181478,255,0.101649,0.037563,0.064086,1300,43,1,0,1,1,1,1,1,1,0,0,1,3,1,0,DoS,1,1
9232,0.355974,tcp,http,FIN,12,22,874,23964,92.703403,62,252,18023.78906,514082.5,2,9,32.361271,15.768191,2054.964546,2017.319276,255,248309853,39626738,255,0.059094,0.011086,0.048008,73,1089,1,11300,1,1,7,1,1,26,0,0,1,7,1,0,Exploits,1,1
9255,1.31283,tcp,smtp,FIN,116,34,130480,2412,113.495276,62,252,788257.4375,14271.45996,55,8,11.516052,39.501668,1048.456298,46.928438,255,842149702,1033091733,255,0.021759,0.008167,0.013592,1125,71,0,0,1,1,1,1,1,1,0,0,0,9,1,0,Exploits,1,1
9269,3.012892,tcp,smtp,FIN,148,38,172855,2450,61.402798,62,252,455875.625,6335.440918,71,8,20.495864,79.290055,2349.192312,121.636523,255,347777468,3507747029,255,0.09365,0.052516,0.041134,1168,64,0,0,1,1,1,1,1,1,0,0,0,1,1,0,Exploits,1,1
9281,3.793023,tcp,smtp,FIN,382,74,489830,4058,119.957086,62,252,1030414.0,8444.978516,188,8,9.981639,50.922754,1182.749985,61.575363,255,2180904781,1644353352,255,0.117417,0.060813,0.056604,1282,55,0,0,1,1,1,1,1,2,0,0,0,7,1,0,Exploits,1,1
9330,5.467064,tcp,smtp,FIN,170,44,202435,2714,38.960584,62,252,294483.4688,3882.156982,82,8,32.349492,124.878906,3388.261024,163.757328,255,3121268607,109446143,255,0.140591,0.096594,0.043997,1191,62,0,0,1,1,1,1,1,1,0,0,0,1,1,0,Exploits,1,1
9337,3.464865,tcp,ftp,FIN,24,22,1256,1608,12.987519,62,252,2779.90625,3544.149658,7,9,150.646306,162.026908,7995.198979,10465.0145,255,3032980235,1390687965,255,0.127805,0.061582,0.066223,52,73,0,0,1,1,2,1,1,1,1,1,0,1,1,0,Exploits,1,1
9343,59.956612,tcp,smtp,CON,9392,1412,12500367,61132,180.180295,254,252,1667744.25,8151.094238,4694,6,6.398949,42.486621,855.74942,54.495785,255,586475526,3051232160,255,0.05497,0.007969,0.047001,1331,43,0,0,1,0,1,1,1,1,0,0,0,1,1,0,Exploits,1,1
9380,1.361262,tcp,http,FIN,26,140,1118,185354,121.211056,62,252,6317.666992,1081531.75,0,64,55.880883,10.466272,60.884348,1096.412728,255,1567715182,2319017580,255,0.070335,0.015549,0.054786,43,1324,1,5242880,2,1,4,1,1,10,0,0,2,4,1,0,DoS,1,1
9391,0.390617,tcp,http,FIN,16,50,1076,59895,166.403402,62,252,20664.74219,1202159.625,2,23,26.041133,7.81798,1324.310653,939.41522,255,4067498769,289601299,255,0.050751,0.006813,0.043938,67,1198,1,28672,1,1,1,1,1,1,0,0,1,1,1,0,Exploits,1,1
9430,3.74885,tcp,smtp,FIN,144,38,164283,2632,48.281472,62,252,348145.1563,5469.410645,68,8,26.209826,98.833945,3019.19023,158.245453,255,76774279,3399940174,255,0.174278,0.091974,0.082304,1141,69,0,0,1,1,1,1,1,1,0,0,0,1,1,0,Exploits,1,1
9436,5.902488,tcp,smtp,FIN,694,122,921965,6238,138.077361,62,252,1247795.125,8385.616211,343,8,8.529607,48.123703,1001.657771,60.77891,255,3893657495,2211880509,255,0.067317,0.0271,0.040217,1328,51,0,0,1,1,1,1,1,1,0,0,0,3,1,0,Exploits,1,1
9448,8.91822,tcp,smtp,FIN,742,128,970488,6490,97.440974,62,252,869394.1875,5776.937988,368,8,12.034168,69.765477,1462.629663,86.576742,255,1230043601,321823483,255,0.118148,0.057995,0.060153,1308,51,0,0,1,1,1,1,1,1,0,0,0,2,1,0,DoS,1,1
9450,3.237115,tcp,smtp,FIN,122,38,138646,2568,49.117812,62,252,339833.4688,6180.8125,58,8,26.753017,86.070023,2714.477951,113.445281,255,1754406854,91277668,255,0.137296,0.051973,0.085323,1136,68,0,0,1,1,2,1,1,11,0,0,0,1,1,0,DoS,1,1
9474,17.625374,sctp,-,CON,250,24,248562,1652,15.489033,254,60,112368.9063,718.963501,0,0,70.784617,169.608344,97.733031,196.928172,0,0,0,0,0.0,0.0,0.0,994,69,0,0,1,0,1,1,1,1,0,0,0,18,1,0,Reconnaissance,1,1
9475,1.195055,tcp,smtp,FIN,132,36,152704,2586,139.742521,62,252,1014500.563,16836.04492,63,8,9.19273,33.902914,862.305037,39.885156,255,1218793211,294276583,255,0.052506,0.007828,0.044678,1157,72,0,0,1,1,1,1,1,1,0,0,0,2,1,0,Exploits,1,1
9477,17.625374,sctp,-,CON,250,24,248562,1652,15.489033,254,60,112368.9063,718.963501,0,0,70.784617,169.608344,97.733031,196.928172,0,0,0,0,0.0,0.0,0.0,994,69,0,0,1,0,1,1,1,1,0,0,0,18,1,0,DoS,1,1
9479,17.625374,sctp,-,CON,250,24,248562,1652,15.489033,254,60,112368.9063,718.963501,0,0,70.784617,169.608344,97.733031,196.928172,0,0,0,0,0.0,0.0,0.0,994,69,0,0,1,0,1,1,1,1,0,0,0,18,1,0,DoS,1,1
9482,16.997007,tcp,smtp,FIN,2494,378,3372842,16254,168.912088,254,252,1586862.875,7630.048828,1241,0,6.864618,45.120063,1313.716702,97.028586,255,599501878,3051232379,255,0.05497,0.007969,0.047001,1352,43,0,0,1,1,1,1,1,2,0,0,0,1,1,0,Exploits,1,1
9493,2.068878,tcp,http,FIN,46,250,2342,319792,142.589369,62,252,8862.775391,1231635.75,2,123,45.748334,8.191434,2301.985732,989.988403,255,3109762101,588349661,255,0.056419,0.029203,0.027216,51,1279,1,154627,1,1,1,1,1,1,0,0,1,1,1,0,Exploits,1,1
9494,1.764081,tcp,smtp,FIN,164,40,195196,2690,115.074081,62,252,879805.375,11895.14551,79,8,10.889389,44.148,1055.164202,51.169309,255,4054827438,1558203082,255,0.073178,0.021616,0.051562,1190,67,0,0,1,1,1,1,1,1,0,0,0,10,1,0,Exploits,1,1
9496,1.336734,tcp,smtp,FIN,122,34,136914,2232,115.954254,62,252,812679.25,12968.92188,58,8,11.13945,39.951547,1038.979871,46.382891,255,2633192183,2681395686,255,0.056709,0.008054,0.048655,1122,66,0,0,1,1,2,1,1,1,0,0,0,1,1,0,DoS,1,1
9507,42.894325,tcp,smtp,FIN,5422,818,7217941,36152,145.450475,62,252,1345932.875,6734.317383,2707,8,7.937511,52.503207,978.569427,62.90243,255,1537121132,3777465080,255,0.109361,0.05099,0.058371,1331,44,0,0,1,1,1,1,1,1,0,0,0,3,1,0,Exploits,1,1
9518,5.769549,tcp,http,FIN,98,608,4600,801193,122.193262,62,252,6314.531738,1109100.25,2,302,59.479887,9.352244,2959.634252,1271.299832,255,1739988229,3491787902,255,0.135711,0.092129,0.043582,47,1318,1,7077,1,1,4,1,1,1,0,0,1,1,1,0,Exploits,1,1
9537,59.944077,tcp,smtp,CON,10646,1582,14355774,68026,203.973448,254,252,1915709.0,9072.856445,5319,0,5.636593,37.998562,696.594404,45.615406,255,592537323,3051232379,255,0.05497,0.007969,0.047001,1348,43,0,0,3,0,1,2,1,1,0,0,0,3,1,0,Exploits,1,1
9542,59.982727,tcp,smtp,CON,8424,1272,11085528,55276,161.629864,62,252,1478320.625,7366.520508,4210,6,7.133658,47.225238,1067.42524,68.133789,255,2156376519,699808032,255,0.056349,0.006684,0.049665,1316,43,0,0,1,3,1,1,1,1,0,0,0,10,1,0,DoS,1,1
9556,5.294557,tcp,http,FIN,64,356,3088,473931,79.137875,62,252,4593.396484,714091.8125,2,176,84.038428,14.741713,4063.134414,1786.515604,255,3782640244,2716889649,255,0.13153,0.061241,0.070289,48,1331,1,229577,2,1,2,1,1,5,0,0,1,2,1,0,Exploits,1,1
9571,1.175039,tcp,smtp,FIN,118,34,134748,2402,128.506367,62,252,909634.4375,15876.91895,56,8,10.043068,35.023305,903.530122,40.635887,255,4247079020,2569183188,255,0.032562,0.018443,0.014119,1142,71,0,0,1,1,1,1,1,1,0,0,0,2,1,0,Exploits,1,1
9577,0.82879,tcp,http,FIN,20,76,1222,94540,114.624934,62,252,11206.69922,900561.0625,2,36,43.620527,10.53804,2148.025526,1249.053432,255,2634845126,2927248083,255,0.053159,0.026132,0.027027,61,1244,1,45503,1,1,1,1,1,1,0,0,1,1,2,0,Exploits,1,1
9598,2.763704,tcp,smtp,FIN,362,70,459136,3906,155.950127,62,252,1325374.875,11147.3584,178,8,7.65569,39.066754,920.522309,55.796148,255,3818753820,1028525291,255,0.10416,0.05099,0.05317,1268,56,0,0,1,1,1,1,1,1,0,0,0,18,1,0,DoS,1,1
9602,3.070052,tcp,http,FIN,48,272,2534,351681,103.907038,62,252,6467.643066,913050.375,2,134,65.320257,10.9449,3145.989217,1378.073875,255,3349169591,1110769050,255,0.153398,0.096247,0.057151,53,1293,1,0,1,1,1,1,1,1,0,0,1,3,1,0,Exploits,1,1
9609,0.391027,tcp,-,FIN,40,10,44958,440,125.311039,254,252,896817.875,8101.742188,17,1,10.026333,36.126555,912.551702,61.013246,255,102310955,2051962761,255,0.105573,0.065261,0.040312,1124,44,1,0,1,1,1,1,1,1,0,0,1,2,1,0,Exploits,1,1
9618,17.625374,sctp,-,CON,250,24,248562,1652,15.489033,254,60,112368.9063,718.963501,0,0,70.784617,169.608344,97.733031,196.928172,0,0,0,0,0.0,0.0,0.0,994,69,0,0,1,0,1,1,1,1,0,0,0,18,1,0,DoS,1,1
9628,4.929421,tcp,smtp,FIN,128,38,144007,2530,33.472491,62,252,231884.4375,3998.846924,61,8,38.814339,131.137266,3866.954535,180.751609,255,1003076180,4208701435,255,0.175348,0.076574,0.098774,1125,67,0,0,1,1,1,1,1,1,0,0,0,2,1,0,Exploits,1,1
9635,0.6804,tcp,http,FIN,72,18,86732,866,130.805406,254,252,1005620.188,9617.87207,33,2,9.244493,37.172117,1032.927359,54.77634,255,807937497,2792929799,255,0.08579,0.048471,0.037319,1205,48,1,0,1,1,3,1,1,1,0,0,1,9,1,0,Exploits,1,1
9679,2.306956,tcp,ftp,FIN,22,22,1166,1634,18.63928,62,252,3859.631348,5409.726074,7,9,109.855051,104.414807,5392.770365,6106.607853,255,275028241,3123076644,255,0.166305,0.113227,0.053078,53,74,0,0,1,1,2,1,1,2,1,1,0,3,1,0,Exploits,1,1
9687,6.489236,tcp,pop3,FIN,38,120,1730,137018,24.193912,62,252,2077.286133,167510.625,7,58,175.36765,53.694269,12695.23623,6720.944307,255,346403670,82611001,255,0.225269,0.099615,0.125654,46,1142,0,0,1,1,1,1,1,1,0,0,0,1,1,0,DoS,1,1
9702,59.78484,tcp,-,CON,816,386,389952,16608,20.088705,254,252,52116.89063,2216.615479,407,1,73.35563,154.929812,3539.136035,162.603922,255,2263749864,463094449,255,0.12066,0.080372,0.040288,478,43,0,0,4,0,2,2,2,2,0,0,0,2,2,0,DoS,1,1
9704,12.958407,tcp,-,FIN,208,1224,9212,1632890,110.430237,62,252,5659.95459,1007257.125,6,610,62.5967,10.541172,3211.685049,1352.965389,255,3623233253,4085400860,255,0.178813,0.087627,0.091186,44,1334,0,0,10,1,1,1,1,1,0,0,0,5,1,0,Exploits,1,1
9705,59.686649,tcp,-,CON,548,356,263040,15308,15.129011,254,252,35191.78906,2046.018677,274,0,109.433304,168.464703,5739.422178,187.021562,255,2263928505,463094449,255,0.12066,0.080372,0.040288,480,43,0,0,3,0,2,2,2,2,0,0,0,2,2,0,DoS,1,1
9718,1.820006,tcp,http,FIN,38,208,1998,269236,134.61494,62,252,8553.818359,1177763.125,2,102,49.166487,8.746385,2537.194712,1202.577052,255,4130351638,679942269,255,0.076705,0.026988,0.049717,53,1294,1,130168,1,1,1,1,1,1,0,0,1,1,1,0,Exploits,1,1
9732,1.970654,tcp,http,FIN,26,110,1454,142143,68.505176,62,252,5679.333008,571793.9375,2,53,78.82616,17.294834,4256.910947,2242.48832,255,3728077116,698098356,255,0.159021,0.084798,0.074223,56,1292,1,68612,1,1,1,1,1,1,0,0,1,5,1,0,Exploits,1,1
9760,0.551476,tcp,http,FIN,20,76,1252,92306,172.264976,62,252,17262.76367,1321428.25,2,36,29.025052,6.66724,1412.610188,744.839103,255,3886183405,4210437495,255,0.067724,0.051211,0.016513,63,1215,1,44354,1,1,1,1,1,1,0,0,1,1,1,0,Exploits,1,1
9789,0.585975,tcp,http,FIN,12,28,1008,31978,66.555741,254,252,12614.87305,420987.25,2,12,53.153728,20.231556,2692.744711,2055.489549,255,1463548382,689929941,255,0.135403,0.03972,0.095683,84,1142,1,14880,3,1,3,3,2,2,0,0,4,3,2,0,Exploits,1,1
9791,10.397177,tcp,ftp,FIN,34,40,1756,2124,7.021137,254,252,1311.894653,1593.509521,11,15,315.06597,269.50112,19506.12576,18931.07696,255,1489544946,591317468,255,0.222267,0.13992,0.082347,52,53,0,0,1,1,1,1,1,1,1,1,0,1,1,0,DoS,1,1
9810,3.363294,tcp,http,FIN,44,184,3460,244644,67.493358,62,252,8044.494629,578754.0625,6,89,78.194745,17.970377,4079.382927,1928.668706,255,2068082377,941343148,255,0.117207,0.074712,0.042495,79,1330,1,109,1,1,1,1,1,1,0,0,1,1,1,0,Exploits,1,1
9812,2.576105,tcp,ftp,FIN,24,24,1276,1716,18.244597,62,252,3797.981689,5108.487305,7,9,112.004565,111.281738,6469.979806,6885.684838,255,3544713239,2714150423,255,0.057688,0.009921,0.047767,53,72,0,0,1,1,20,1,1,20,1,1,0,20,1,0,Exploits,1,1
9818,17.625374,sctp,-,CON,250,24,248562,1652,15.489033,254,60,112368.9063,718.963501,0,0,70.784617,169.608344,97.733031,196.928172,0,0,0,0,0.0,0.0,0.0,994,69,0,0,1,0,1,1,1,1,0,0,0,18,1,0,Exploits,1,1
9822,17.625374,sctp,-,CON,250,24,248562,1652,15.489033,254,60,112368.9063,718.963501,0,0,70.784617,169.608344,97.733031,196.928172,0,0,0,0,0.0,0.0,0.0,994,69,0,0,1,0,1,1,1,1,0,0,0,18,1,0,Exploits,1,1
9823,17.625374,sctp,-,CON,250,24,248562,1652,15.489033,254,60,112368.9063,718.963501,0,0,70.784617,169.608344,97.733031,196.928172,0,0,0,0,0.0,0.0,0.0,994,69,0,0,1,0,1,1,1,1,0,0,0,18,1,0,Exploits,1,1
9827,17.625374,sctp,-,CON,250,24,248562,1652,15.489033,254,60,112368.9063,718.963501,0,0,70.784617,169.608344,97.733031,196.928172,0,0,0,0,0.0,0.0,0.0,994,69,0,0,1,0,1,1,1,1,0,0,0,18,1,0,Exploits,1,1
9830,4.324291,tcp,ftp,FIN,24,24,1256,1698,10.868833,62,252,2227.416992,3011.822998,7,9,187.973348,184.342353,11674.10969,13138.75562,255,1866493382,649258073,255,0.216264,0.084415,0.131849,52,71,0,0,1,1,2,1,1,2,1,1,0,1,1,0,Exploits,1,1
9831,17.625374,sctp,-,CON,250,24,248562,1652,15.489033,254,60,112368.9063,718.963501,0,0,70.784617,169.608344,97.733031,196.928172,0,0,0,0,0.0,0.0,0.0,994,69,0,0,1,0,1,1,1,1,0,0,0,18,1,0,Exploits,1,1
9832,2.179204,tcp,smtp,FIN,168,42,198344,2676,95.906579,62,252,723801.9375,9592.493164,81,8,13.049126,52.185414,1266.74368,58.226652,255,605672406,2513375920,255,0.068566,0.038859,0.029707,1181,64,0,0,1,1,1,1,1,1,0,0,0,1,1,0,Exploits,1,1
9833,4.324291,tcp,ftp,FIN,24,24,1256,1698,10.868833,62,252,2227.416992,3011.822998,7,9,187.973348,184.342353,11674.10969,13138.75562,255,1866493382,649258073,255,0.216264,0.084415,0.131849,52,71,0,0,1,1,2,1,1,2,1,1,0,1,1,0,Exploits,1,1
9867,1.782855,tcp,smtp,FIN,226,50,272366,3122,154.246977,62,252,1216749.5,13730.78516,110,8,7.959174,35.764512,876.945112,45.921379,255,1449390064,3483643424,255,0.073203,0.02974,0.043463,1205,62,0,0,1,1,1,1,1,1,0,0,0,1,1,0,DoS,1,1
9886,17.625374,sctp,-,CON,250,24,248562,1652,15.489033,254,60,112368.9063,718.963501,0,0,70.784617,169.608344,97.733031,196.928172,0,0,0,0,0.0,0.0,0.0,994,69,0,0,1,0,1,1,1,1,0,0,0,18,1,0,DoS,1,1
9887,17.625374,sctp,-,CON,250,24,248562,1652,15.489033,254,60,112368.9063,718.963501,0,0,70.784617,169.608344,97.733031,196.928172,0,0,0,0,0.0,0.0,0.0,994,69,0,0,1,0,1,1,1,1,0,0,0,18,1,0,Exploits,1,1
9891,5.323033,tcp,ftp,FIN,24,24,1268,1686,8.829553,62,252,1827.529541,2428.690674,7,9,231.436213,226.117482,17043.80965,20173.26501,255,2476018913,3830506220,255,0.2331,0.121674,0.111426,53,70,0,0,1,1,3,1,1,2,1,1,0,2,1,0,Exploits,1,1
9894,4.171991,tcp,ftp,FIN,24,24,1276,1744,11.265605,62,252,2345.16333,3206.143066,7,9,181.390913,178.24913,10580.18901,12939.37975,255,1492229629,686851007,255,0.157373,0.071556,0.085817,53,73,0,0,2,1,1,1,1,3,1,1,0,2,2,0,Exploits,1,1
9911,1.511261,tcp,http,FIN,46,258,2354,333624,200.49482,62,252,12191.14356,1759224.875,2,127,33.563221,5.661395,1706.007854,717.061457,255,3724157874,520431130,255,0.082028,0.061936,0.020092,51,1293,1,0,2,1,1,1,1,1,0,0,1,1,1,0,Exploits,1,1
9914,0.571786,tcp,http,FIN,12,26,1206,29462,64.709526,62,252,15474.32129,396358.0938,2,11,51.980546,18.946,2785.407305,2300.475456,255,301433019,938137334,255,0.156597,0.08186,0.074737,101,1133,1,13824,1,1,1,1,1,1,0,0,4,1,1,0,Exploits,1,1
9915,0.571786,tcp,http,FIN,12,26,1206,29462,64.709526,62,252,15474.32129,396358.0938,2,11,51.980546,18.946,2785.407305,2300.475456,255,301433019,938137334,255,0.156597,0.08186,0.074737,101,1133,1,13824,1,1,1,1,1,1,0,0,4,1,1,0,Exploits,1,1
9920,6.230837,tcp,-,FIN,106,624,4794,799511,116.99873,62,252,6097.415527,1024876.75,6,310,59.341307,9.868545,2853.887969,1150.55651,255,3285028926,3078223447,255,0.12364,0.052204,0.071436,45,1281,0,0,1,1,1,1,1,2,0,0,0,1,1,0,Exploits,1,1
9947,17.625374,sctp,-,CON,250,24,248562,1652,15.489033,254,60,112368.9063,718.963501,0,0,70.784617,169.608344,97.733031,196.928172,0,0,0,0,0.0,0.0,0.0,994,69,0,0,1,0,1,1,1,1,0,0,0,18,1,0,DoS,1,1
9949,17.625374,sctp,-,CON,250,24,248562,1652,15.489033,254,60,112368.9063,718.963501,0,0,70.784617,169.608344,97.733031,196.928172,0,0,0,0,0.0,0.0,0.0,994,69,0,0,1,0,1,1,1,1,0,0,0,18,1,0,Exploits,1,1
9952,3.244041,tcp,ftp,FIN,24,22,1268,1656,13.871588,62,252,2998.729004,3898.841064,7,9,141.045262,150.906235,7967.949096,8893.837267,255,3198625269,3641471487,255,0.117115,0.074139,0.042976,53,75,0,0,1,1,4,1,1,8,1,1,0,4,1,0,Exploits,1,1
9964,3.508601,tcp,ftp,FIN,24,22,1272,1636,12.825625,62,252,2779.455322,3561.533447,7,9,152.506125,162.171098,7943.169971,9867.471769,255,3179558918,38255281,255,0.193865,0.102999,0.090866,53,74,0,0,1,1,1,1,1,1,1,1,0,1,2,0,Exploits,1,1
9968,21.756893,tcp,-,CON,434,156,208320,6708,27.07188,254,252,76422.67969,2450.717529,216,0,50.297789,140.277469,2459.541477,144.795266,255,2264565625,463094449,255,0.12066,0.080372,0.040288,480,43,0,0,15,0,2,2,2,2,0,0,0,11,2,0,DoS,1,1
10037,2.35817,tcp,http,FIN,38,190,1998,251917,96.261082,62,252,6601.729004,850123.625,2,93,63.734326,12.219514,3077.02982,1413.763995,255,4193462562,1426334283,255,0.110204,0.047586,0.062618,53,1326,1,121907,3,1,1,3,1,1,0,0,1,3,1,0,Exploits,1,1
10038,0.585975,tcp,http,FIN,12,28,1008,31978,66.555741,254,252,12614.87305,420987.25,2,12,53.153728,20.231556,2692.744711,2055.489549,255,1463548382,689929941,255,0.135403,0.03972,0.095683,84,1142,1,14880,3,1,3,3,2,2,0,0,4,3,2,0,Exploits,1,1
10047,2.073025,tcp,smtp,FIN,114,32,126944,2380,69.946094,62,252,485593.75,8899.072266,54,8,18.345354,65.340547,1669.151826,72.383656,255,3702621546,3023628315,255,0.069029,0.046672,0.022357,1114,74,0,0,1,1,1,1,1,1,0,0,0,1,1,0,Exploits,1,1
10059,3.963314,tcp,smtp,FIN,486,88,611250,4718,144.575977,62,252,1231278.625,9416.362305,240,8,8.188665,45.079332,955.202117,56.079805,255,887820787,2549136449,255,0.051604,0.02677,0.024834,1258,54,0,0,3,1,1,1,1,1,0,0,0,1,1,0,Exploits,1,1
10092,3.076984,tcp,ftp,FIN,24,22,1244,1604,14.624711,62,252,3101.73877,3983.121338,7,9,133.781914,142.514953,6970.863843,222.955688,255,1162033751,1945178847,255,0.22533,0.083354,0.141976,52,73,0,0,1,1,2,1,1,2,1,1,0,11,1,0,Exploits,1,1
10096,3.385268,tcp,smtp,FIN,158,42,185813,2640,58.78412,62,252,436330.5938,6092.279785,76,8,21.695237,80.923953,2271.016388,95.677461,255,751910620,2891887372,255,0.121777,0.067367,0.05441,1176,63,0,0,1,1,1,1,1,1,0,0,0,6,1,0,Exploits,1,1
10099,3.791329,tcp,ftp,FIN,24,24,1252,1730,12.396709,62,252,2532.09375,3498.509521,7,9,164.840389,160.185125,10394.58156,11514.08161,255,3954080081,575739077,255,0.157562,0.106441,0.051121,52,72,0,0,1,1,2,1,1,2,1,1,0,2,1,0,Exploits,1,1
10152,2.64527,tcp,ftp,FIN,22,22,1182,1644,16.255429,62,252,3414.39624,4748.097168,7,9,125.965241,121.847908,6995.681464,8426.997609,255,1163428349,3257175225,255,0.147526,0.071468,0.076058,54,75,0,0,1,1,2,1,1,3,1,1,0,2,1,0,Exploits,1,1
10155,59.96682,tcp,http,CON,1192,7958,51734,10625785,152.567704,62,252,6895.946777,1417377.125,2,3978,50.349867,7.547923,2494.553704,962.573803,255,1567714949,2313864321,255,0.070335,0.015549,0.054786,43,1335,1,5242880,1,3,4,1,1,9,0,0,2,5,1,0,DoS,1,1
10159,2.583667,tcp,smtp,FIN,164,40,193949,2486,78.570496,62,252,596878.75,7505.611328,78,8,15.850718,64.29523,1672.629962,91.243648,255,319082449,1193630465,255,0.163852,0.075474,0.088378,1183,62,0,0,1,1,1,1,1,1,0,0,0,2,1,0,Exploits,1,1
10170,3.829145,tcp,ftp,FIN,24,22,1300,1662,11.751971,62,252,2603.192139,3315.622803,7,9,174.052043,179.311911,9976.051545,12430.31482,255,3084200012,561598571,255,0.143055,0.062777,0.080278,54,76,0,0,1,1,2,1,1,2,1,1,0,2,1,0,Exploits,1,1
10178,21.249113,tcp,smtp,FIN,3262,502,4315599,22468,177.089744,62,252,1624266.25,8442.329102,1627,8,6.524137,42.44348,1127.847125,72.101992,255,781382825,2640548903,255,0.092805,0.069136,0.023669,1323,45,0,0,1,1,1,1,1,1,0,0,0,1,1,0,Exploits,1,1
10181,2.64527,tcp,ftp,FIN,22,22,1182,1644,16.255429,62,252,3414.39624,4748.097168,7,9,125.965241,121.847908,6995.681464,8426.997609,255,1163428349,3257175225,255,0.147526,0.071468,0.076058,54,75,0,0,1,1,2,1,1,3,1,1,0,2,1,0,Exploits,1,1
10193,5.206789,tcp,smtp,FIN,424,80,537882,4258,96.604644,62,252,824483.5625,6460.795898,209,8,12.394907,65.734336,1422.329549,79.001141,255,3786770537,892848561,255,0.135741,0.079504,0.056237,1269,53,0,0,1,1,1,1,1,2,0,0,0,2,1,0,Exploits,1,1
10213,2.113777,tcp,smtp,FIN,164,40,196807,2710,96.036624,62,252,740312.75,10002.94727,79,8,13.048006,53.607488,1269.68548,59.911375,255,1636855091,1794045713,255,0.08197,0.022223,0.059747,1200,68,0,0,1,1,1,1,1,3,0,0,0,1,1,0,Exploits,1,1
10230,0.92449,tcp,-,FIN,10,10,608,646,20.551872,254,252,4742.074219,5036.290527,1,4,7451.5429,7453.957,735893.1883,22081.702,255,2419238425,2996094669,255,0.190728,0.109768,0.08096,61,65,0,0,5,1,2,2,2,3,0,0,0,3,4,0,Exploits,1,1
10245,26.090553,tcp,smtp,FIN,2726,420,3592262,18830,120.541714,62,252,1101071.375,5760.245605,1360,8,9.609781,62.140555,1149.289103,70.10332,255,3356246112,2683551750,255,0.07311,0.05331,0.0198,1318,45,0,0,2,1,2,1,1,9,0,0,0,2,1,0,Exploits,1,1
10262,3.07372,tcp,http,FIN,54,12,60037,526,21.147014,254,252,153367.25,1257.108643,26,1,57.486509,271.814,10043.83141,631.834562,255,3195840128,147011061,255,0.163288,0.083763,0.079525,1112,44,1,0,1,1,1,1,1,1,0,0,1,1,1,0,Exploits,1,1
10274,0.246673,tcp,http,FIN,40,10,43181,440,198.643546,254,252,1365435.25,12842.91309,17,1,6.301692,26.607777,596.281574,43.497043,255,1801940805,4242141477,255,0.052023,0.007194,0.044829,1080,44,1,0,1,1,1,1,1,2,0,0,1,1,1,0,Exploits,1,1
10299,2.174114,tcp,-,FIN,258,42,330718,1816,137.527288,62,252,1212216.125,6524.037109,126,1,8.256672,51.736684,953.253945,60.759422,255,4216593733,3238833445,255,0.073237,0.052902,0.020335,1282,43,1,0,2,1,1,1,1,2,0,0,1,1,2,0,DoS,1,1
10305,2.623103,tcp,-,FIN,260,42,330803,1816,114.749597,62,252,1005011.25,5407.336426,127,1,10.074413,62.923707,1126.819622,71.826789,255,3627575199,1358989963,255,0.082691,0.043226,0.039465,1272,43,1,0,1,1,1,1,1,1,0,0,1,1,1,0,DoS,1,1
10321,2.638323,tcp,-,FIN,256,42,330633,1816,112.571506,62,252,998640.375,5376.14209,125,1,10.387099,62.891879,1300.704039,69.156437,255,3074241247,2598674022,255,0.113601,0.059093,0.054508,1292,43,1,0,3,1,1,1,1,1,0,0,1,2,4,0,DoS,1,1
10326,5.207103,tcp,http,FIN,12,12,900,4004,4.417044,62,252,1267.499512,5639.98877,2,3,473.373,465.618091,32617.21184,33775.8605,255,2213544875,4029980903,255,0.158153,0.059566,0.098587,75,334,1,1506,1,1,1,1,1,1,0,0,1,1,1,0,Exploits,1,1
10328,3.670956,tcp,ftp,FIN,22,22,1182,1646,11.71357,62,252,2460.394531,3425.810791,7,9,174.807423,173.168756,11835.75455,14002.55643,255,1160243152,936039143,255,0.086155,0.033703,0.052452,54,75,0,0,1,1,2,1,1,2,1,1,0,3,1,0,Exploits,1,1
10331,1.455419,tcp,http,FIN,20,80,1250,100012,68.021651,62,252,6530.078613,542865.0,2,38,76.601002,17.080963,4042.897101,2445.803146,255,202447734,1714223427,255,0.195493,0.105458,0.090035,63,1250,1,48128,1,1,1,1,1,1,0,0,1,1,1,0,DoS,1,1
10339,7.509484,tcp,smtp,FIN,614,108,798864,5466,96.011925,62,252,849659.4375,5769.770508,304,8,12.270398,69.271477,1417.900191,80.254125,255,2249763967,26455522,255,0.117823,0.075244,0.042579,1301,51,0,0,1,1,1,1,1,1,0,0,0,1,1,0,Exploits,1,1
10346,1.181451,tcp,http,FIN,44,246,2268,318276,244.614469,62,252,15012.04883,2146398.0,2,121,27.475605,4.7004,1501.383422,672.183325,255,4122226403,3408488903,255,0.057798,0.00968,0.048118,52,1294,1,153934,2,1,1,1,1,1,0,0,1,1,1,0,Exploits,1,1
10357,6.872689,tcp,pop3,FIN,74,376,3286,476223,65.331054,62,252,3773.777832,552863.125,7,184,94.146425,18.019575,5408.243085,2219.48952,255,1771515923,4183256782,255,0.159074,0.092211,0.066863,44,1267,0,0,1,1,2,1,1,1,0,0,0,1,1,0,Exploits,1,1
10362,3.053858,tcp,http,FIN,10,16,864,11124,8.186366,62,252,2038.077759,27320.19531,2,5,339.317556,196.420467,25034.26411,16848.20416,255,2528475011,2434815290,255,0.116696,0.08326,0.033436,86,695,1,4987,2,1,1,1,1,1,0,0,1,1,1,0,Exploits,1,1
10369,15.968634,tcp,http,FIN,484,3148,21228,4304371,227.383261,62,252,10613.30664,2155728.0,2,1572,33.061352,5.075259,1705.930768,642.230825,255,26938493,571848815,255,0.041786,0.016469,0.025317,44,1367,1,2088918,1,1,1,1,1,1,0,0,1,1,1,0,Exploits,1,1
10372,0.409338,tcp,http,FIN,48,10,52371,440,139.249228,254,252,1002203.563,7739.325684,21,1,8.266723,39.686,780.813784,57.010312,255,65095851,2920278482,255,0.099761,0.05216,0.047601,1091,44,1,0,2,1,1,1,1,2,0,0,1,2,1,0,Exploits,1,1
10375,2.390745,tcp,-,FIN,102,50,110498,5556,63.16023,254,252,366128.5625,18220.26172,48,23,23.661337,48.499145,1533.499239,52.456551,255,3243603465,1190570260,255,0.062502,0.014278,0.048224,1083,111,0,0,1,1,1,1,1,1,0,0,0,9,1,0,Exploits,1,1
10382,0.394797,tcp,http,FIN,16,60,1084,71567,189.97105,62,252,20608.05859,1426049.375,2,28,26.319801,6.49983,1291.544965,821.095941,255,59963454,3997217859,255,0.052316,0.006555,0.045761,68,1193,1,34304,1,1,1,1,1,1,0,0,1,1,1,0,Exploits,1,1
10444,7.159985,tcp,http,FIN,224,1438,10248,1925649,231.983724,254,252,11400.02344,2150071.5,2,717,32.252184,4.951333,1715.668009,660.487271,255,3616197655,2908859439,255,0.097382,0.048809,0.048573,46,1339,1,933770,2,1,2,2,1,2,0,0,1,2,2,0,Exploits,1,1
10453,3.219297,tcp,-,FIN,66,338,3092,426205,125.182612,62,252,7569.354492,1055994.5,6,167,49.527646,9.460899,2547.394007,1118.82345,255,2932558825,182974846,255,0.072698,0.039721,0.032977,47,1261,0,0,2,1,1,1,1,1,0,0,0,1,1,0,Exploits,1,1
10461,0.690526,tcp,http,FIN,112,20,136019,870,189.71045,254,252,1561766.0,9581.101562,53,1,6.112216,35.518105,663.156097,49.687754,255,2743671158,2174902509,255,0.064714,0.015672,0.049042,1214,44,1,0,2,1,2,1,1,1,0,0,1,1,1,0,Exploits,1,1
10486,4.128032,tcp,ftp,FIN,26,22,1362,1650,11.38557,62,252,2538.73999,3052.301758,7,9,165.121285,191.472045,10278.73781,13014.49144,255,337087067,3610812982,255,0.187176,0.106041,0.081135,52,75,0,0,1,1,2,1,1,2,1,1,0,2,1,0,Exploits,1,1
10507,11.608691,tcp,-,FIN,140,810,6246,1071492,81.749095,62,252,4274.039062,737495.6875,6,403,83.515763,14.354686,4326.239799,1832.029451,255,351309189,830421897,255,0.125406,0.052439,0.072967,45,1323,0,0,3,1,1,1,1,1,0,0,0,3,1,0,Exploits,1,1
10514,3.92332,tcp,smtp,FIN,118,36,134274,2578,38.997583,62,252,271478.2188,5111.99707,56,8,33.53265,109.283484,3641.331785,146.361516,255,332110560,2096646465,255,0.139744,0.097661,0.042083,1138,72,0,0,1,1,1,1,1,1,0,0,0,2,1,0,Exploits,1,1
10520,3.924884,tcp,ftp,FIN,24,22,1244,1632,11.465307,62,252,2431.664062,3175.635254,7,9,170.647126,182.340568,9563.215126,11590.88259,255,1967216916,3518174216,255,0.173085,0.095065,0.07802,52,74,0,0,1,1,2,1,1,2,1,1,0,2,1,0,Exploits,1,1
10526,1.488744,tcp,smtp,FIN,254,54,309080,3362,206.214094,62,252,1654355.625,17733.06836,124,8,5.904103,27.124717,694.514354,38.837406,255,2054152352,1902222244,255,0.058743,0.051132,0.007611,1217,62,0,0,1,1,2,1,1,1,0,0,0,1,1,0,Exploits,1,1
10531,3.483844,tcp,ftp,FIN,24,22,1248,1618,12.916766,62,252,2746.391602,3547.805176,7,9,151.465261,149.091006,7675.018583,8429.709516,255,2344436177,3657439221,255,0.412662,0.352932,0.05973,52,74,0,0,1,1,3,1,1,2,1,1,0,2,1,0,Exploits,1,1
10555,59.983105,tcp,pop3,CON,1642,10872,70688,14590859,208.608742,62,252,9421.986328,1945816.875,6,5436,36.537742,5.523291,2574.687441,1002.060727,255,2029744812,1842832594,255,0.049488,0.005712,0.043776,43,1342,0,0,2,3,2,2,2,2,0,0,0,2,2,0,DoS,1,1
10557,3.248762,tcp,ftp-data,FIN,60,362,2600,467299,129.587829,62,252,6296.552734,1147536.25,1,179,55.063762,8.855202,2771.029729,1083.722935,255,1700615623,1656958562,255,0.075837,0.051314,0.024523,43,1291,0,0,1,1,2,1,1,2,0,0,0,2,1,0,Exploits,1,1
10587,2.056852,tcp,http,FIN,32,166,1730,212115,95.777426,62,252,6518.699219,820041.4375,2,81,66.317385,12.289951,3087.632889,1448.672668,255,3678839340,3284516647,255,0.103165,0.041291,0.061874,54,1278,1,102479,1,1,1,1,1,1,0,0,1,2,1,0,Exploits,1,1
10594,2.851802,tcp,smtp,FIN,148,40,174175,2534,65.572572,62,252,485304.375,6931.757324,71,8,19.53289,71.715797,1967.032402,91.557852,255,1900436359,1896458714,255,0.096567,0.054257,0.04231,1177,63,0,0,1,1,1,1,1,1,0,0,0,2,1,0,Exploits,1,1
10602,1.001783,tcp,http,FIN,18,60,1142,68481,76.862952,62,252,8616.636719,537761.1875,2,27,58.928412,16.912828,3816.581384,1877.634218,255,2303739512,3125772465,255,0.086479,0.02012,0.066359,63,1141,1,32768,2,1,1,1,1,1,0,0,1,18,1,0,Exploits,1,1
10603,2.972282,tcp,smtp,FIN,94,30,99329,2242,41.382346,62,252,264505.1875,5835.24707,44,8,32.297261,96.768031,2834.926036,116.136836,255,2154978203,2995510426,255,0.354413,0.166003,0.18841,1057,75,0,0,1,1,2,1,1,2,0,0,0,3,1,0,Exploits,1,1
10618,1.134686,tcp,http,FIN,18,62,1170,75123,69.622786,62,252,7790.70166,521109.8125,2,29,66.746235,17.33918,3195.344406,1855.864891,255,1904796717,3442975794,255,0.113685,0.076281,0.037404,65,1212,1,36060,5,1,2,1,1,1,0,0,1,3,1,0,Exploits,1,1
10637,3.239451,tcp,http,FIN,34,128,3322,168722,49.69978,62,252,7964.3125,413413.2813,6,62,101.222591,25.058385,5183.432585,2854.780708,255,2528374227,3624441847,255,0.098541,0.057028,0.041513,98,1318,1,109,4,1,2,2,2,4,0,0,4,3,5,0,Exploits,1,1
10645,2.155835,tcp,http,FIN,34,174,1856,223613,96.018484,62,252,6686.968262,825027.9375,2,85,65.328333,11.757416,3255.029819,1377.058128,255,789163996,1762881259,255,0.182706,0.105887,0.076819,55,1285,1,108032,1,1,1,1,1,1,0,0,1,9,1,0,Exploits,1,1
10668,0.689133,tcp,http,FIN,14,36,996,41942,71.103837,62,252,10738.13086,473371.625,2,16,52.936694,18.973972,2521.907313,1927.291849,255,235069099,2774450553,255,0.076383,0.025033,0.05135,71,1165,1,19968,1,1,1,1,1,1,0,0,1,10,1,0,Exploits,1,1
10670,4.171991,tcp,ftp,FIN,24,24,1276,1744,11.265605,62,252,2345.16333,3206.143066,7,9,181.390913,178.24913,10580.18901,12939.37975,255,1492229629,686851007,255,0.157373,0.071556,0.085817,53,73,0,0,2,1,1,1,1,3,1,1,0,2,2,0,Exploits,1,1
10674,4.128032,tcp,ftp,FIN,26,22,1362,1650,11.38557,62,252,2538.73999,3052.301758,7,9,165.121285,191.472045,10278.73781,13014.49144,255,337087067,3610812982,255,0.187176,0.106041,0.081135,52,75,0,0,1,1,2,1,1,2,1,1,0,2,1,0,Exploits,1,1
10710,59.686649,tcp,-,CON,548,356,263040,15308,15.129011,254,252,35191.78906,2046.018677,274,0,109.433304,168.464703,5739.422178,187.021562,255,2263928505,463094449,255,0.12066,0.080372,0.040288,480,43,0,0,3,0,2,2,2,2,0,0,0,2,2,0,DoS,1,1
10746,6.717175,tcp,smtp,FIN,392,80,502758,4428,70.118763,62,252,597246.3125,5208.141602,193,8,17.179476,83.317937,1988.348266,108.213398,255,2724256358,3792194912,255,0.183531,0.106964,0.076567,1283,55,0,0,1,1,1,1,1,1,0,0,0,1,1,0,Exploits,1,1
10748,59.997478,tcp,-,CON,900,402,432000,17286,21.684245,254,252,57538.41797,2299.16333,449,0,66.798998,149.753578,3316.869888,155.976687,255,2264367625,463094449,255,0.12066,0.080372,0.040288,480,43,0,0,10,0,2,2,2,2,0,0,0,5,2,0,DoS,1,1
10800,8.046361,tcp,-,FIN,118,662,5308,857006,96.813951,62,252,5233.67041,850781.625,6,329,68.772314,12.172397,3568.895453,1481.267574,255,3763274082,872310916,255,0.091478,0.036274,0.055204,45,1295,0,0,1,1,1,1,1,1,0,0,0,1,1,0,Exploits,1,1
10809,2.478982,tcp,http,FIN,40,222,2090,283895,105.285155,62,252,6576.893555,912042.125,2,109,63.563641,10.894964,3100.614397,1299.956191,255,4073274238,2573550997,255,0.127051,0.062787,0.064264,52,1279,1,137216,1,1,1,1,1,1,0,0,1,10,1,0,Exploits,1,1
10817,9.669425,tcp,pop3,FIN,32,52,1486,41086,8.583758,62,252,1191.384155,33338.90234,7,22,311.916931,186.254413,28727.30028,22082.12455,255,3888174943,1883262211,255,0.235232,0.147019,0.088213,46,790,0,0,1,1,2,1,1,1,0,0,0,1,1,0,Exploits,1,1
10823,0.8015,tcp,http,FIN,18,68,1166,84681,106.051151,62,252,10999.37598,832798.5,2,32,47.147059,10.469224,2310.348266,1197.943482,255,3741518178,3418025550,255,0.150781,0.077765,0.073016,65,1245,1,40710,2,1,1,1,1,1,0,0,1,1,1,0,Exploits,1,1
10827,34.817474,tcp,smtp,FIN,6778,1034,9177672,45520,224.341373,62,252,2108439.75,10449.00586,3386,8,5.139863,33.726234,691.081613,46.102848,255,3903758560,3051219409,255,0.057563,0.007598,0.049965,1354,44,0,0,1,1,1,1,1,1,0,0,0,2,1,0,Exploits,1,1
10832,7.366386,tcp,-,FIN,416,76,565707,3278,66.654124,254,252,612889.9375,3513.256104,205,1,17.750328,96.494438,1971.46967,123.148055,255,2273002119,211895812,255,0.251199,0.128727,0.122472,1360,43,0,0,2,1,2,1,1,1,0,0,0,2,1,0,DoS,1,1
10840,3.038062,tcp,ftp,FIN,24,22,1244,1654,14.812074,62,252,3141.476318,4157.913574,7,9,132.047606,137.711954,6688.892748,7882.764013,255,3460881704,1077889160,255,0.295201,0.146103,0.149098,52,75,0,0,1,1,1,1,1,2,1,1,0,1,1,0,Exploits,1,1
10856,3.239451,tcp,http,FIN,34,128,3322,168722,49.69978,62,252,7964.3125,413413.2813,6,62,101.222591,25.058385,5183.432585,2854.780708,255,2528374227,3624441847,255,0.098541,0.057028,0.041513,98,1318,1,109,4,1,2,2,2,4,0,0,4,3,5,0,Reconnaissance,1,1
10857,1.850224,tcp,http,FIN,104,20,131282,870,66.478437,254,252,562180.5625,3575.783203,49,1,16.702243,91.864898,1810.63979,112.840914,255,1979273865,2451160125,255,0.160784,0.104782,0.056002,1262,44,1,0,3,1,1,1,1,3,0,0,1,2,3,0,DoS,1,1
10872,6.223587,tcp,smtp,FIN,1118,184,1488433,8856,209.043433,62,252,1911569.0,11322.08789,556,8,5.571698,33.812539,700.592916,44.564824,255,2253851688,4113335028,255,0.033033,0.011792,0.021241,1331,48,0,0,1,1,1,1,1,1,0,0,0,1,1,0,Exploits,1,1
10880,9.427031,tcp,smtp,FIN,706,130,937227,6408,88.575081,62,252,794226.75,5396.396973,350,8,13.371675,72.5625,1583.495238,85.296273,255,3515447469,1676662655,255,0.079892,0.040819,0.039073,1328,49,0,0,1,1,1,1,1,1,0,0,0,2,1,0,Exploits,1,1
10895,11.953877,tcp,http,FIN,252,1618,11238,2139471,156.350942,62,252,7491.460449,1430932.5,2,806,47.625009,7.383574,2531.968285,974.572985,255,3884131296,1082366465,255,0.057146,0.034234,0.022912,45,1322,1,1036988,1,1,9,1,1,1,0,0,1,1,1,0,Exploits,1,1
10901,3.791329,tcp,ftp,FIN,24,24,1252,1730,12.396709,62,252,2532.09375,3498.509521,7,9,164.840389,160.185125,10394.58156,11514.08161,255,3954080081,575739077,255,0.157562,0.106441,0.051121,52,72,0,0,1,1,2,1,1,2,1,1,0,2,1,0,Exploits,1,1
10921,4.066784,tcp,smtp,FIN,506,84,663115,3860,144.83189,62,252,1301874.0,7504.70166,250,2,8.463641,50.367809,1290.247738,74.404289,255,2161750176,699808333,255,0.056349,0.006684,0.049665,1311,46,0,0,1,1,1,1,1,1,0,0,0,7,1,0,DoS,1,1
10940,3.906266,tcp,http,FIN,62,366,2982,474317,109.311553,62,252,6008.807617,968745.125,2,181,64.037149,10.609315,3136.569671,1284.931762,255,479001714,4113263275,255,0.08225,0.043373,0.038877,48,1296,1,229570,1,1,2,1,1,1,0,0,1,3,2,0,Exploits,1,1
10946,6.014813,tcp,ftp,FIN,24,22,1244,1634,7.481529,62,252,1586.749268,2074.877441,7,9,261.513614,276.157089,20612.71474,23479.16311,255,3452267491,1106044327,255,0.183636,0.106922,0.076714,52,74,0,0,1,1,2,1,1,3,1,1,0,3,1,0,Exploits,1,1
10950,5.323033,tcp,ftp,FIN,24,24,1268,1686,8.829553,62,252,1827.529541,2428.690674,7,9,231.436213,226.117482,17043.80965,20173.26501,255,2476018913,3830506220,255,0.2331,0.121674,0.111426,53,70,0,0,1,1,3,1,1,2,1,1,0,2,1,0,Exploits,1,1
10952,8.167016,tcp,http,FIN,626,102,825400,4396,89.0166,254,252,807229.4375,4263.980957,310,1,13.031555,79.954445,1518.021665,91.609742,255,483747077,2514020713,255,0.152254,0.091608,0.060646,1319,43,1,0,1,1,1,1,1,1,0,0,1,1,1,0,DoS,1,1
10970,0.720508,tcp,http,FIN,56,12,66947,526,92.989949,254,252,730062.6875,5362.882812,25,1,12.449654,56.206,1315.994385,92.006016,255,2757875273,509025878,255,0.168372,0.102233,0.066139,1195,44,1,0,2,1,1,1,1,1,0,0,1,1,1,0,Exploits,1,1
10972,3.234045,tcp,http,FIN,62,366,3004,474343,132.032794,62,252,7312.205078,1170168.0,2,181,53.017132,8.756176,2532.894263,1023.940213,255,1889074509,2295694947,255,0.103586,0.046037,0.057549,48,1296,1,229571,1,1,1,1,1,1,0,0,1,1,1,0,Exploits,1,1
10973,1.164192,tcp,smtp,FIN,118,34,132736,2282,129.703696,62,252,904400.6875,15220.85742,56,8,9.947701,34.913484,956.994418,46.432926,255,3521301310,591707890,255,0.060524,0.012039,0.048485,1125,67,0,0,1,1,1,1,1,1,0,0,0,1,1,0,Exploits,1,1
11005,59.995304,tcp,-,CON,676,380,324480,16340,17.58471,254,252,43203.38281,2173.103516,337,0,89.158479,158.619234,4538.320719,171.409219,255,2264049065,463094449,255,0.12066,0.080372,0.040288,480,43,0,0,2,0,2,2,2,2,0,0,0,2,2,0,DoS,1,1
11025,3.248762,tcp,ftp-data,FIN,60,362,2600,467299,129.587829,62,252,6296.552734,1147536.25,1,179,55.063762,8.855202,2771.029729,1083.722935,255,1700615623,1656958562,255,0.075837,0.051314,0.024523,43,1291,0,0,1,1,2,1,1,2,0,0,0,2,1,0,Exploits,1,1
11030,41.328411,tcp,-,FIN,730,290,348652,12470,24.656162,254,252,67396.73438,2405.512207,362,0,56.865285,143.149469,2753.852891,149.606203,255,2264919385,463094450,255,0.0,0.0,0.0,478,43,0,0,2,1,2,2,2,3,0,0,0,2,2,0,DoS,1,1
11035,33.386784,tcp,smtp,FIN,5646,856,7504042,37796,194.717769,62,252,1797768.375,9045.974609,2820,8,5.928933,39.073406,782.186765,51.254395,255,2539969750,1992255219,255,0.049207,0.018096,0.031111,1329,44,0,0,1,1,1,1,1,1,0,0,0,1,1,0,Exploits,1,1
11061,0.697001,tcp,http,FIN,112,20,136027,870,187.948086,254,252,1547349.375,9492.095703,53,1,6.109523,36.245367,634.744175,42.887227,255,2720794738,3852789080,255,0.055054,0.008329,0.046725,1215,44,1,0,1,1,1,1,1,1,0,0,1,1,1,0,Exploits,1,1
11072,1.687664,tcp,http,FIN,56,330,2798,428580,228.125973,62,252,13031.0293,2025436.25,2,163,30.684801,5.093732,1593.489068,674.386337,255,614041969,3948362639,255,0.087364,0.012334,0.07503,50,1299,1,207400,1,1,1,1,1,1,0,0,1,1,2,0,Exploits,1,1
11120,5.089369,tcp,http,FIN,80,484,3812,631312,110.622755,62,252,5918.219238,990312.1875,2,240,64.422394,10.383255,3249.119891,1360.439267,255,3476416599,3514609013,255,0.145124,0.073357,0.071767,48,1304,1,305664,1,1,1,1,1,1,0,0,1,1,1,0,Exploits,1,1
11129,6.86657,tcp,smtp,FIN,332,68,423099,3744,58.107614,62,252,491453.5313,4297.924805,161,8,20.744924,101.072789,2738.303897,171.337625,255,646274960,503035738,255,0.159479,0.094012,0.065467,1274,55,0,0,1,1,1,1,1,1,0,0,0,1,1,0,Exploits,1,1
11131,16.552114,tcp,ftp,FIN,34,30,1694,1962,3.80616,62,252,795.064575,916.861694,7,9,501.552758,568.632438,51850.48778,1757.722125,255,1809691831,2628992674,255,0.155262,0.061765,0.093497,50,65,0,0,1,1,1,1,1,2,1,1,0,1,1,0,Exploits,1,1
11180,0.87724,tcp,-,FIN,170,30,212432,1414,226.84784,254,252,1925885.75,12466.37207,82,2,5.190769,30.028586,570.293269,38.745586,255,1518734110,25916662,255,0.050166,0.005674,0.044492,1250,47,0,0,2,1,1,1,1,1,0,0,0,1,1,0,Exploits,1,1
11183,4.992805,tcp,-,FIN,784,122,1041378,5256,181.260834,254,252,1666478.0,8352.819336,389,1,6.234134,41.016844,800.576957,50.611602,255,1397798012,2325641879,255,0.079252,0.02976,0.049492,1328,43,0,0,1,1,1,1,1,1,0,0,0,2,1,0,DoS,1,1
11195,1.216805,tcp,http,FIN,32,114,3010,151626,119.164535,62,252,19171.51953,988135.3125,6,55,39.251773,10.572938,2159.411185,1316.796163,255,451939904,1219594824,255,0.021573,0.009799,0.011774,94,1330,1,109,1,1,1,1,1,1,0,0,1,1,1,0,Exploits,1,1
11209,33.361454,tcp,http,FIN,694,4518,30618,6182331,156.198228,62,252,7331.574707,1482180.75,3,2257,48.1406,7.384362,2310.484724,872.772688,255,695361184,2334842756,255,0.080692,0.020148,0.060544,44,1368,1,247,1,1,1,1,1,1,0,0,1,2,1,0,DoS,1,1
11211,2.091634,tcp,smtp,FIN,158,40,184453,2514,94.184736,62,252,701025.125,9378.313477,75,8,13.32251,52.344281,1412.921291,68.60593,255,2865710957,2627938543,255,0.075405,0.049579,0.025826,1167,63,0,0,1,1,3,1,1,1,0,0,0,1,1,0,Exploits,1,1
11235,0.566797,tcp,http,FIN,18,62,1262,74091,139.379703,62,252,16824.36523,1028883.313,2,29,33.341,9.148672,1932.331708,1298.192027,255,744396300,2072671430,255,0.053959,0.008015,0.045944,70,1195,1,35537,2,1,1,1,1,1,0,0,1,1,1,0,Exploits,1,1
11241,4.263585,tcp,pop3,FIN,114,644,4984,856218,177.55011,62,252,9271.071289,1604075.375,7,320,37.73084,6.596841,2072.90971,861.93187,255,3635896195,2544167472,255,0.06055,0.016563,0.043987,44,1330,0,0,1,1,1,1,1,1,0,0,0,2,1,0,Exploits,1,1
11251,14.424671,tcp,-,FIN,302,2012,13006,2649000,160.350276,62,252,7189.349121,1468419.75,1,1004,47.922493,7.176773,2385.170151,911.393596,255,1150712980,3704684202,255,0.039668,0.027358,0.01231,43,1317,0,0,1,1,1,1,1,1,0,0,0,1,1,0,Exploits,1,1
11263,3.53768,tcp,smtp,FIN,316,62,391815,3572,106.567018,62,252,883236.5,7948.712402,154,8,11.23073,57.111426,1294.416226,72.793836,255,999032886,3858257927,255,0.083843,0.028158,0.055685,1240,58,0,0,1,1,1,1,1,1,0,0,0,1,1,0,Exploits,1,1
11284,2.040821,tcp,-,FIN,258,42,330718,1816,146.509659,62,252,1291390.0,6950.144043,126,1,7.878121,48.859195,903.792247,58.71284,255,654400532,3488987473,255,0.091671,0.037578,0.054093,1282,43,1,0,2,1,1,1,1,1,0,0,1,2,1,0,DoS,1,1
11286,2.313299,tcp,-,FIN,256,42,330633,1816,128.388076,62,252,1138951.75,6131.503418,125,1,8.970741,54.945465,1051.812296,65.333512,255,714084703,543551157,255,0.096196,0.060528,0.035668,1292,43,1,0,2,1,1,1,1,2,0,0,1,1,2,0,DoS,1,1
11287,5.029716,tcp,-,FIN,70,358,3244,475662,84.895449,62,252,5086.569336,754450.5625,6,177,72.894436,13.961674,4501.538199,1993.728555,255,2122260773,3206694776,255,0.152332,0.033781,0.118551,46,1329,0,0,1,1,2,1,1,1,0,0,0,1,2,0,Exploits,1,1
11288,2.516263,tcp,-,FIN,260,42,330803,1816,119.621836,62,252,1047683.813,5636.930664,127,1,9.63978,59.959293,1120.856734,75.453195,255,421074346,4104049584,255,0.131379,0.057923,0.073456,1272,43,1,0,1,1,1,1,1,1,0,0,1,1,1,0,DoS,1,1
11297,16.552114,tcp,ftp,FIN,34,30,1694,1962,3.80616,62,252,795.064575,916.861694,7,9,501.552758,568.632438,51850.48778,1757.722125,255,1809691831,2628992674,255,0.155262,0.061765,0.093497,50,65,0,0,1,1,1,1,1,2,1,1,0,1,1,0,Exploits,1,1
11307,6.014813,tcp,ftp,FIN,24,22,1244,1634,7.481529,62,252,1586.749268,2074.877441,7,9,261.513614,276.157089,20612.71474,23479.16311,255,3452267491,1106044327,255,0.183636,0.106922,0.076714,52,74,0,0,1,1,2,1,1,3,1,1,0,3,1,0,Exploits,1,1
11308,5.329749,tcp,pop3,FIN,140,816,6120,1071649,179.182919,62,252,9121.629883,1606583.75,7,406,38.337273,6.548723,2738.507246,1166.115013,255,2274775582,618580243,255,0.049478,0.005633,0.043845,44,1313,0,0,1,1,1,1,1,1,0,0,0,1,1,0,Exploits,1,1
11321,59.995304,tcp,-,CON,676,380,324480,16340,17.58471,254,252,43203.38281,2173.103516,337,0,89.158479,158.619234,4538.320719,171.409219,255,2264049065,463094449,255,0.12066,0.080372,0.040288,480,43,0,0,2,0,2,2,2,2,0,0,0,2,2,0,DoS,1,1
11325,6.510469,tcp,-,FIN,68,340,3158,434573,62.514698,62,252,3823.994873,532428.625,6,168,98.643469,18.831883,6703.336819,2946.22608,255,3669001005,2965192815,255,0.177274,0.094739,0.082535,46,1278,0,0,5,1,1,1,1,1,0,0,0,12,1,0,Exploits,1,1
11342,59.977112,tcp,-,CON,772,390,370560,16770,19.357384,254,252,49362.83203,2231.117676,386,0,77.844442,154.078391,3679.166976,159.734406,255,2264197785,463094449,255,0.12066,0.080372,0.040288,480,43,0,0,9,0,2,2,2,2,0,0,0,4,2,0,DoS,1,1
11345,59.977112,tcp,-,CON,772,390,370560,16770,19.357384,254,252,49362.83203,2231.117676,386,0,77.844442,154.078391,3679.166976,159.734406,255,2264197785,463094449,255,0.12066,0.080372,0.040288,480,43,0,0,9,0,2,2,2,2,0,0,0,4,2,0,DoS,1,1
11360,59.997478,tcp,-,CON,900,402,432000,17286,21.684245,254,252,57538.41797,2299.16333,449,0,66.798998,149.753578,3316.869888,155.976687,255,2264367625,463094449,255,0.12066,0.080372,0.040288,480,43,0,0,10,0,2,2,2,2,0,0,0,5,2,0,DoS,1,1
11390,59.82692,tcp,-,CON,1174,430,563520,18490,26.793959,254,252,75289.1875,2466.715576,586,0,51.003273,139.318516,2485.52676,143.801312,255,2264661104,463094450,255,0.0,0.0,0.0,480,43,0,0,12,0,2,2,2,2,0,0,0,4,2,0,DoS,1,1
11398,5.546718,tcp,ftp,FIN,24,24,1256,1738,8.473479,62,252,1736.522339,2402.862305,7,9,241.120571,246.777595,18089.93647,20607.48918,255,3288415032,447236119,255,0.261972,0.117602,0.14437,52,72,0,0,1,1,2,1,1,2,1,1,0,6,1,0,Exploits,1,1
11401,2.463434,tcp,ftp,FIN,30,28,1467,21676,23.138432,62,252,4608.20166,67879.22656,11,12,84.909446,87.151039,4232.146442,108.587469,255,189196457,1754222538,255,0.239928,0.110348,0.12958,49,774,0,0,1,1,1,1,1,1,1,1,0,1,1,0,DoS,1,1
11402,59.946285,tcp,-,CON,1178,7728,50882,10422875,148.549655,62,252,6784.607422,1390782.0,6,3864,50.931448,7.755124,3000.315457,1179.001982,255,2555761601,248169504,255,0.123612,0.061477,0.062135,43,1349,0,0,2,3,1,1,1,1,0,0,0,1,1,0,DoS,1,1
11440,6.497764,tcp,http,FIN,72,420,3562,546438,75.564454,62,252,4325.180176,671168.6875,2,207,92.825198,15.274393,4441.257045,1824.414536,255,1107623755,3963237423,255,0.242701,0.127555,0.115146,49,1301,1,264546,3,1,1,1,1,2,0,0,1,1,2,0,DoS,1,1
11442,5.436668,tcp,-,FIN,78,424,3574,538424,92.152033,62,252,5192.886719,790417.9375,6,210,70.606075,12.612431,3815.174968,1541.258964,255,919564012,1852675732,255,0.130201,0.070517,0.059684,46,1270,0,0,1,1,1,1,1,1,0,0,0,2,1,0,Exploits,1,1
11454,1.327868,tcp,http,FIN,24,110,1376,136473,100.160559,62,252,7946.573242,814737.625,2,53,57.728652,11.722642,2809.881671,1323.299337,255,429440610,834032411,255,0.129408,0.050082,0.079326,57,1241,1,65769,1,1,1,1,1,1,0,0,1,1,1,0,Exploits,1,1
11463,3.483844,tcp,ftp,FIN,24,22,1248,1618,12.916766,62,252,2746.391602,3547.805176,7,9,151.465261,149.091006,7675.018583,8429.709516,255,2344436177,3657439221,255,0.412662,0.352932,0.05973,52,74,0,0,1,1,3,1,1,2,1,1,0,2,1,0,Exploits,1,1
11496,59.78484,tcp,-,CON,816,386,389952,16608,20.088705,254,252,52116.89063,2216.615479,407,1,73.35563,154.929812,3539.136035,162.603922,255,2263749864,463094449,255,0.12066,0.080372,0.040288,478,43,0,0,4,0,2,2,2,2,0,0,0,2,2,0,DoS,1,1
11500,5.357508,tcp,smtp,FIN,298,60,366538,3404,66.635456,62,252,545490.9375,4999.338867,145,8,18.038747,89.220664,2083.068022,123.220805,255,352232327,3874010730,255,0.163862,0.09238,0.071482,1230,57,0,0,1,1,1,1,1,1,0,0,0,2,1,0,Exploits,1,1
11509,21.756893,tcp,-,CON,434,156,208320,6708,27.07188,254,252,76422.67969,2450.717529,216,0,50.297789,140.277469,2459.541477,144.795266,255,2264565625,463094449,255,0.12066,0.080372,0.040288,480,43,0,0,15,0,2,2,2,2,0,0,0,11,2,0,DoS,1,1
11515,7.206474,tcp,-,FIN,54,218,2560,271849,37.605077,62,252,2789.713867,300398.7813,6,107,135.971205,32.962618,9643.467019,4527.73292,255,2049697212,3679872787,255,0.116695,0.052937,0.063758,47,1247,0,0,3,1,1,1,1,3,0,0,0,2,3,0,DoS,1,1
11519,4.353544,tcp,-,FIN,38,162,1852,195585,45.709884,62,252,3315.000244,357185.75,6,79,117.663351,26.163092,9010.62182,4382.73639,255,4191703541,2668272109,255,0.301725,0.140635,0.16109,49,1207,0,0,6,1,1,1,1,1,0,0,0,4,1,0,Exploits,1,1
11523,1.046722,tcp,http,FIN,76,18,87236,1634,88.848801,254,252,657970.25,11800.64941,35,2,13.641013,57.905469,1359.731783,72.251141,255,604406633,2859794807,255,0.16579,0.062326,0.103464,1148,91,1,98,2,1,1,1,1,1,0,0,1,1,1,0,DoS,1,1
11547,1.36358,tcp,http,FIN,112,20,136021,870,96.070638,254,252,790900.4375,4851.934082,53,1,12.129594,68.131055,1230.053986,78.680047,255,3235936689,889897260,255,0.128081,0.069063,0.059018,1214,44,1,0,1,1,1,1,1,1,0,0,1,1,2,0,Exploits,1,1
11552,6.045585,tcp,smtp,FIN,378,74,478150,4088,74.599892,62,252,631053.5625,5336.787109,186,8,16.16211,81.739711,1811.370606,98.201602,255,3321099141,3052978436,255,0.202681,0.078581,0.1241,1265,55,0,0,1,1,1,1,1,1,0,0,0,1,1,0,Exploits,1,1
11562,5.546718,tcp,ftp,FIN,24,24,1256,1738,8.473479,62,252,1736.522339,2402.862305,7,9,241.120571,246.777595,18089.93647,20607.48918,255,3288415032,447236119,255,0.261972,0.117602,0.14437,52,72,0,0,1,1,2,1,1,2,1,1,0,6,1,0,Exploits,1,1
11563,3.038062,tcp,ftp,FIN,24,22,1244,1654,14.812074,62,252,3141.476318,4157.913574,7,9,132.047606,137.711954,6688.892748,7882.764013,255,3460881704,1077889160,255,0.295201,0.146103,0.149098,52,75,0,0,1,1,1,1,1,2,1,1,0,1,1,0,Exploits,1,1
11567,3.239451,tcp,http,FIN,34,128,3322,168722,49.69978,62,252,7964.3125,413413.2813,6,62,101.222591,25.058385,5183.432585,2854.780708,255,2528374227,3624441847,255,0.098541,0.057028,0.041513,98,1318,1,109,4,1,2,2,2,4,0,0,4,3,5,0,Reconnaissance,1,1
11568,3.239451,tcp,http,FIN,34,128,3322,168722,49.69978,62,252,7964.3125,413413.2813,6,62,101.222591,25.058385,5183.432585,2854.780708,255,2528374227,3624441847,255,0.098541,0.057028,0.041513,98,1318,1,109,4,1,2,2,2,4,0,0,4,3,5,0,Exploits,1,1
11589,3.924884,tcp,ftp,FIN,24,22,1244,1632,11.465307,62,252,2431.664062,3175.635254,7,9,170.647126,182.340568,9563.215126,11590.88259,255,1967216916,3518174216,255,0.173085,0.095065,0.07802,52,74,0,0,1,1,2,1,1,2,1,1,0,2,1,0,Exploits,1,1
11601,2.465176,tcp,-,FIN,118,22,146273,956,56.385424,254,252,470664.9688,2962.871582,56,1,20.813325,114.003336,2564.742727,182.898188,255,1387423815,2444342623,255,0.162339,0.071097,0.091242,1240,43,0,0,2,1,2,1,1,1,0,0,0,1,2,0,DoS,1,1
11604,59.82692,tcp,-,CON,1174,430,563520,18490,26.793959,254,252,75289.1875,2466.715576,586,0,51.003273,139.318516,2485.52676,143.801312,255,2264661104,463094450,255,0.0,0.0,0.0,480,43,0,0,12,0,2,2,2,2,0,0,0,4,2,0,DoS,1,1
11606,3.508601,tcp,ftp,FIN,24,22,1272,1636,12.825625,62,252,2779.455322,3561.533447,7,9,152.506125,162.171098,7943.169971,9867.471769,255,3179558918,38255281,255,0.193865,0.102999,0.090866,53,74,0,0,1,1,1,1,1,1,1,1,0,1,2,0,Exploits,1,1
11611,41.328411,tcp,-,FIN,730,290,348652,12470,24.656162,254,252,67396.73438,2405.512207,362,0,56.865285,143.149469,2753.852891,149.606203,255,2264919385,463094450,255,0.0,0.0,0.0,478,43,0,0,2,1,2,2,2,3,0,0,0,2,2,0,DoS,1,1
11622,2.080948,tcp,http,FIN,34,170,1784,217069,97.551687,62,252,6658.503418,829594.9375,2,83,63.05903,11.99784,3260.744142,1595.347708,255,1168031117,2689369117,255,0.10371,0.052527,0.051183,52,1277,1,104877,2,1,1,1,1,1,0,0,1,2,1,0,DoS,1,1
11624,1.554522,tcp,smtp,FIN,154,38,181968,2494,122.867348,62,252,930379.875,12500.30566,74,8,10.227119,41.628164,1006.109323,50.703617,255,4217333369,446988881,255,0.060793,0.013505,0.047288,1182,66,0,0,1,1,1,1,1,1,0,0,0,1,1,0,Exploits,1,1
11638,3.244041,tcp,ftp,FIN,24,22,1268,1656,13.871588,62,252,2998.729004,3898.841064,7,9,141.045262,150.906235,7967.949096,8893.837267,255,3198625269,3641471487,255,0.117115,0.074139,0.042976,53,75,0,0,1,1,4,1,1,8,1,1,0,4,1,0,Exploits,1,1
11670,5.357508,tcp,smtp,FIN,298,60,366538,3404,66.635456,62,252,545490.9375,4999.338867,145,8,18.038747,89.220664,2083.068022,123.220805,255,352232327,3874010730,255,0.163862,0.09238,0.071482,1230,57,0,0,1,1,1,1,1,1,0,0,0,2,1,0,Exploits,1,1
11688,2.512522,tcp,smtp,FIN,160,40,186271,2560,79.203287,62,252,589390.25,7947.393066,77,8,15.902038,61.910719,1473.235259,68.189359,255,3653684946,2976273457,255,0.156848,0.078678,0.07817,1164,64,0,0,2,1,1,1,1,2,0,0,0,1,2,0,Exploits,1,1
11738,1.670482,tcp,smtp,FIN,218,48,263163,3020,158.636845,62,252,1254516.875,14165.9707,106,8,7.733713,35.370363,776.391558,38.980082,255,539375106,4251040518,255,0.053712,0.007308,0.046404,1207,63,0,0,1,1,2,1,1,1,0,0,0,1,1,0,DoS,1,1
11752,0.702405,tcp,http,FIN,22,66,1610,80833,123.86017,254,252,17505.57031,906702.0,3,31,33.401,10.558462,1936.473236,1415.331297,255,3927816348,1965622926,255,0.02987,0.016099,0.013771,73,1225,1,36772,1,1,1,1,1,1,0,0,1,1,1,0,Exploits,1,1
11759,0.338518,tcp,http,FIN,66,14,78481,612,233.370165,254,252,1826597.125,13446.84766,30,1,4.991231,25.489846,514.881352,38.656297,255,2381717425,307268346,255,0.05277,0.007146,0.045624,1189,44,1,0,1,1,1,1,1,1,0,0,1,1,1,0,Exploits,1,1
11791,2.516381,tcp,pop3,FIN,82,446,3628,564560,209.427744,62,252,11394.14063,1790809.875,7,221,31.066431,5.633535,1665.754195,695.115775,255,3429657990,1270365576,255,0.054796,0.008626,0.04617,44,1266,0,0,2,1,2,2,1,2,0,0,0,3,2,0,Exploits,1,1
11803,12.625416,tcp,http,FIN,10,14,826,6978,1.821722,62,252,471.430023,4106.003418,2,4,1402.824,962.4935,100303.5664,80453.74535,255,2815083602,3284625026,255,0.163269,0.072934,0.090335,83,498,1,2944,2,1,1,1,1,2,0,0,1,1,2,0,Exploits,1,1
11813,2.552104,tcp,-,FIN,80,444,3688,564684,204.928953,62,252,11416.46289,1766113.0,6,220,32.305113,5.7033,1742.386796,726.908477,255,287620396,910760615,255,0.044552,0.024649,0.019903,46,1272,0,0,2,1,1,1,1,1,0,0,0,2,1,0,Exploits,1,1
11839,0.299314,tcp,http,FIN,18,66,1148,82397,277.300768,62,252,28999.64648,2168933.0,2,31,17.606706,4.470141,933.3339,592.16155,255,197166421,1385936874,255,0.056296,0.010297,0.045999,64,1248,1,39609,1,1,1,1,1,1,0,0,1,1,1,0,Exploits,1,1
11846,3.076984,tcp,ftp,FIN,24,22,1244,1604,14.624711,62,252,3101.73877,3983.121338,7,9,133.781914,142.514953,6970.863843,222.955688,255,1162033751,1945178847,255,0.22533,0.083354,0.141976,52,73,0,0,1,1,2,1,1,2,1,1,0,11,1,0,Exploits,1,1
11855,0.607951,tcp,http,FIN,16,58,1080,67254,120.075469,62,252,13330.02246,869741.1875,2,26,40.530067,9.823772,2766.650469,1409.455012,255,569244226,4168380597,255,0.103604,0.045912,0.057692,68,1160,1,32209,3,1,2,2,1,3,0,0,1,2,3,0,Exploits,1,1
11867,3.439617,tcp,smtp,FIN,116,36,132692,2522,43.900238,62,252,305961.9688,5702.960449,55,8,29.901393,96.560828,2970.137195,131.095531,255,2128603485,1459995371,255,0.123232,0.059985,0.063247,1144,70,0,0,1,1,1,1,1,1,0,0,0,4,1,0,Exploits,1,1
11896,1.27576,tcp,http,FIN,40,220,2252,282289,203.016233,62,252,13770.61426,1762124.5,2,108,32.711795,5.847315,1690.3021,748.776299,255,3790029157,1482011139,255,0.051924,0.007009,0.044915,56,1283,1,136455,2,1,1,1,1,1,0,0,1,1,1,0,DoS,1,1
11897,4.525059,tcp,http,FIN,130,826,5972,1088341,211.046962,62,252,10478.53711,1921785.25,2,410,35.077977,5.440477,1904.520501,733.728963,255,1252872257,1695761435,255,0.093065,0.046934,0.046131,46,1318,1,527337,1,1,1,1,1,1,0,0,1,1,1,0,Exploits,1,1
11902,0.666325,tcp,http,FIN,20,80,1370,99142,148.576151,62,252,15632.01172,1175438.5,2,38,35.069736,7.491936,1787.175429,906.887341,255,1359347313,4228993436,255,0.108896,0.0566,0.052296,69,1239,1,47707,1,1,1,1,1,1,0,0,1,5,1,0,DoS,1,1
11922,2.511364,tcp,http,FIN,90,18,109184,784,42.606329,254,252,343943.7813,2360.470215,42,1,28.217573,141.765875,5390.508216,350.185156,255,3756704621,990269436,255,0.203324,0.079934,0.12339,1213,44,1,0,1,1,2,1,1,2,0,0,1,2,1,0,Exploits,1,1
11931,8e-06,udp,dns,INT,2,0,114,0,125000.0003,254,0,57000000.0,0.0,0,0,0.008,0.0,0.0,0.0,0,0,0,0,0.0,0.0,0.0,57,0,0,0,59,2,42,42,18,59,0,0,0,43,59,0,Generic,1,1
11935,8e-06,udp,dns,INT,2,0,114,0,125000.0003,254,0,57000000.0,0.0,0,0,0.008,0.0,0.0,0.0,0,0,0,0,0.0,0.0,0.0,57,0,0,0,59,2,42,42,18,59,0,0,0,43,59,0,Generic,1,1
11991,20.289862,tcp,-,FIN,210,210,33286,35406,20.650708,62,252,13061.89258,13893.83594,102,102,97.080648,96.679867,4646.601188,112.275898,255,3049486017,2119131615,255,0.110433,0.049199,0.061234,159,169,0,0,1,1,1,1,1,1,0,0,0,2,1,0,Exploits,1,1
12066,3e-06,udp,dns,INT,2,0,114,0,333333.3215,254,0,152000000.0,0.0,0,0,0.003,0.0,0.0,0.0,0,0,0,0,0.0,0.0,0.0,57,0,0,0,48,2,42,42,24,48,0,0,0,42,48,0,Generic,1,1
12111,1e-06,udp,dns,INT,2,0,114,0,1000000.003,254,0,456000000.0,0.0,0,0,0.001,0.0,0.0,0.0,0,0,0,0,0.0,0.0,0.0,57,0,0,0,45,2,29,29,13,45,0,0,0,29,45,0,Generic,1,1
12115,1e-06,udp,dns,INT,2,0,114,0,1000000.003,254,0,456000000.0,0.0,0,0,0.001,0.0,0.0,0.0,0,0,0,0,0.0,0.0,0.0,57,0,0,0,45,2,29,29,13,45,0,0,0,29,45,0,Generic,1,1
12171,3e-06,udp,dns,INT,2,0,114,0,333333.3215,254,0,152000000.0,0.0,0,0,0.003,0.0,0.0,0.0,0,0,0,0,0.0,0.0,0.0,57,0,0,0,48,2,42,42,24,48,0,0,0,42,48,0,Generic,1,1
12265,18.711939,tcp,ssl,FIN,76,372,3962,498346,23.888492,254,252,1671.660034,212487.6563,4,183,249.491132,50.240473,37584.54718,17358.04153,255,841031156,2612942689,255,0.175223,0.072719,0.102504,52,1340,0,0,4,1,4,3,1,4,0,0,0,3,4,0,Generic,1,1
12281,2.536265,tcp,smtp,FIN,120,36,134310,2414,61.11349,62,252,420117.0,7403.012207,56,8,21.313151,71.732258,2251.944515,99.702125,255,662781645,3614938877,255,0.089344,0.025027,0.064317,1119,67,0,0,2,1,2,2,1,8,0,0,0,3,1,0,Exploits,1,1
12321,3e-06,udp,dns,INT,2,0,114,0,333333.3215,254,0,152000000.0,0.0,0,0,0.003,0.0,0.0,0.0,0,0,0,0,0.0,0.0,0.0,57,0,0,0,48,2,42,42,24,48,0,0,0,42,48,0,Generic,1,1
12327,27.615623,tcp,-,FIN,470,3128,20210,4228188,130.252355,62,252,5842.200195,1224477.0,0,1558,58.986742,8.896994,66.062492,1042.44889,255,2555761721,253226086,255,0.123612,0.061477,0.062135,43,1352,0,0,1,1,1,1,1,1,0,0,0,1,1,0,DoS,1,1
12367,1e-06,udp,dns,INT,2,0,114,0,1000000.003,254,0,456000000.0,0.0,0,0,0.001,0.0,0.0,0.0,0,0,0,0,0.0,0.0,0.0,57,0,0,0,45,2,29,29,13,45,0,0,0,29,45,0,Generic,1,1
12371,1e-06,udp,dns,INT,2,0,114,0,1000000.003,254,0,456000000.0,0.0,0,0,0.001,0.0,0.0,0.0,0,0,0,0,0.0,0.0,0.0,57,0,0,0,45,2,29,29,13,45,0,0,0,29,45,0,Generic,1,1
12399,1e-06,udp,dns,INT,2,0,114,0,1000000.003,254,0,456000000.0,0.0,0,0,0.001,0.0,0.0,0.0,0,0,0,0,0.0,0.0,0.0,57,0,0,0,45,2,29,29,13,45,0,0,0,29,45,0,Generic,1,1
12418,3e-06,udp,dns,INT,2,0,114,0,333333.3215,254,0,152000000.0,0.0,0,0,0.003,0.0,0.0,0.0,0,0,0,0,0.0,0.0,0.0,57,0,0,0,48,2,42,42,24,48,0,0,0,42,48,0,Generic,1,1
12422,3e-06,udp,dns,INT,2,0,114,0,333333.3215,254,0,152000000.0,0.0,0,0,0.003,0.0,0.0,0.0,0,0,0,0,0.0,0.0,0.0,57,0,0,0,48,2,42,42,24,48,0,0,0,42,48,0,Generic,1,1
12428,3e-06,udp,dns,INT,2,0,114,0,333333.3215,254,0,152000000.0,0.0,0,0,0.003,0.0,0.0,0.0,0,0,0,0,0.0,0.0,0.0,57,0,0,0,48,2,42,42,24,48,0,0,0,42,48,0,Generic,1,1
12432,3e-06,udp,dns,INT,2,0,114,0,333333.3215,254,0,152000000.0,0.0,0,0,0.003,0.0,0.0,0.0,0,0,0,0,0.0,0.0,0.0,57,0,0,0,48,2,42,42,24,48,0,0,0,42,48,0,Generic,1,1
12463,1.494946,tcp,http,FIN,28,134,1894,169716,107.696198,254,252,9776.941406,901437.25,2,65,55.368371,9.92615,2758.031173,1220.854834,255,1809035660,2299040860,255,0.221847,0.117056,0.104791,68,1267,1,81780,1,1,1,1,1,1,0,0,1,1,2,0,Generic,1,1
12557,1e-06,udp,dns,INT,2,0,114,0,1000000.003,254,0,456000000.0,0.0,0,0,0.001,0.0,0.0,0.0,0,0,0,0,0.0,0.0,0.0,57,0,0,0,36,2,35,35,20,36,0,0,0,35,36,0,Generic,1,1
12560,7e-06,udp,dns,INT,2,0,114,0,142857.1409,254,0,65142856.0,0.0,0,0,0.007,0.0,0.0,0.0,0,0,0,0,0.0,0.0,0.0,57,0,0,0,59,2,59,59,32,59,0,0,0,60,59,0,Generic,1,1
12574,4e-06,udp,dns,INT,2,0,114,0,250000.0006,254,0,114000000.0,0.0,0,0,0.004,0.0,0.0,0.0,0,0,0,0,0.0,0.0,0.0,57,0,0,0,59,2,59,59,32,59,0,0,0,60,59,0,Generic,1,1
12578,4e-06,udp,dns,INT,2,0,114,0,250000.0006,254,0,114000000.0,0.0,0,0,0.004,0.0,0.0,0.0,0,0,0,0,0.0,0.0,0.0,57,0,0,0,59,2,59,59,32,59,0,0,0,60,59,0,Generic,1,1
12583,9e-06,udp,dns,INT,2,0,114,0,111111.1072,254,0,50666664.0,0.0,0,0,0.009,0.0,0.0,0.0,0,0,0,0,0.0,0.0,0.0,57,0,0,0,52,2,52,52,31,52,0,0,0,52,52,0,Generic,1,1
12587,9e-06,udp,dns,INT,2,0,114,0,111111.1072,254,0,50666664.0,0.0,0,0,0.009,0.0,0.0,0.0,0,0,0,0,0.0,0.0,0.0,57,0,0,0,52,2,52,52,31,52,0,0,0,52,52,0,Generic,1,1
12613,1e-06,udp,dns,INT,2,0,114,0,1000000.003,254,0,456000000.0,0.0,0,0,0.001,0.0,0.0,0.0,0,0,0,0,0.0,0.0,0.0,57,0,0,0,39,2,37,37,24,39,0,0,0,37,39,0,Generic,1,1
12621,3e-06,udp,dns,INT,2,0,114,0,333333.3215,254,0,152000000.0,0.0,0,0,0.003,0.0,0.0,0.0,0,0,0,0,0.0,0.0,0.0,57,0,0,0,52,2,52,52,31,52,0,0,0,52,52,0,Generic,1,1
12627,9e-06,udp,dns,INT,2,0,114,0,111111.1072,254,0,50666664.0,0.0,0,0,0.009,0.0,0.0,0.0,0,0,0,0,0.0,0.0,0.0,57,0,0,0,59,2,42,42,24,59,0,0,0,43,59,0,Generic,1,1
12630,9e-06,udp,dns,INT,2,0,114,0,111111.1072,254,0,50666664.0,0.0,0,0,0.009,0.0,0.0,0.0,0,0,0,0,0.0,0.0,0.0,57,0,0,0,59,2,42,42,24,59,0,0,0,43,59,0,Generic,1,1
12633,8e-06,udp,dns,INT,2,0,114,0,125000.0003,254,0,57000000.0,0.0,0,0,0.008,0.0,0.0,0.0,0,0,0,0,0.0,0.0,0.0,57,0,0,0,59,2,42,42,18,59,0,0,0,43,59,0,Generic,1,1
12639,8e-06,udp,dns,INT,2,0,114,0,125000.0003,254,0,57000000.0,0.0,0,0,0.008,0.0,0.0,0.0,0,0,0,0,0.0,0.0,0.0,57,0,0,0,59,2,42,42,18,59,0,0,0,43,59,0,Generic,1,1
12643,3e-06,udp,dns,INT,2,0,114,0,333333.3215,254,0,152000000.0,0.0,0,0,0.003,0.0,0.0,0.0,0,0,0,0,0.0,0.0,0.0,57,0,0,0,52,2,52,52,21,52,0,0,0,52,52,0,Generic,1,1
12692,3e-06,udp,dns,INT,2,0,114,0,333333.3215,254,0,152000000.0,0.0,0,0,0.003,0.0,0.0,0.0,0,0,0,0,0.0,0.0,0.0,57,0,0,0,52,2,52,52,21,52,0,0,0,52,52,0,Generic,1,1
12729,9e-06,udp,dns,INT,2,0,114,0,111111.1072,254,0,50666664.0,0.0,0,0,0.009,0.0,0.0,0.0,0,0,0,0,0.0,0.0,0.0,57,0,0,0,59,2,42,42,24,59,0,0,0,43,59,0,Generic,1,1
12735,9e-06,udp,dns,INT,2,0,114,0,111111.1072,254,0,50666664.0,0.0,0,0,0.009,0.0,0.0,0.0,0,0,0,0,0.0,0.0,0.0,57,0,0,0,59,2,42,42,24,59,0,0,0,43,59,0,Generic,1,1
12740,9e-06,udp,dns,INT,2,0,114,0,111111.1072,254,0,50666664.0,0.0,0,0,0.009,0.0,0.0,0.0,0,0,0,0,0.0,0.0,0.0,57,0,0,0,59,2,42,42,24,59,0,0,0,43,59,0,Generic,1,1
12751,1e-06,udp,dns,INT,2,0,114,0,1000000.003,254,0,456000000.0,0.0,0,0,0.001,0.0,0.0,0.0,0,0,0,0,0.0,0.0,0.0,57,0,0,0,45,2,29,29,13,45,0,0,0,29,45,0,Generic,1,1
12793,8e-06,udp,dns,INT,2,0,114,0,125000.0003,254,0,57000000.0,0.0,0,0,0.008,0.0,0.0,0.0,0,0,0,0,0.0,0.0,0.0,57,0,0,0,59,2,42,42,18,59,0,0,0,43,59,0,Generic,1,1
12800,8e-06,udp,dns,INT,2,0,114,0,125000.0003,254,0,57000000.0,0.0,0,0,0.008,0.0,0.0,0.0,0,0,0,0,0.0,0.0,0.0,57,0,0,0,59,2,42,42,18,59,0,0,0,43,59,0,Generic,1,1
12841,3e-06,udp,dns,INT,2,0,114,0,333333.3215,254,0,152000000.0,0.0,0,0,0.003,0.0,0.0,0.0,0,0,0,0,0.0,0.0,0.0,57,0,0,0,49,2,39,39,24,49,0,0,0,40,49,0,Generic,1,1
12845,3e-06,udp,dns,INT,2,0,114,0,333333.3215,254,0,152000000.0,0.0,0,0,0.003,0.0,0.0,0.0,0,0,0,0,0.0,0.0,0.0,57,0,0,0,49,2,39,39,24,49,0,0,0,40,49,0,Generic,1,1
12851,3e-06,udp,dns,INT,2,0,114,0,333333.3215,254,0,152000000.0,0.0,0,0,0.003,0.0,0.0,0.0,0,0,0,0,0.0,0.0,0.0,57,0,0,0,49,2,39,39,24,49,0,0,0,40,49,0,Generic,1,1
12856,0.571786,tcp,http,FIN,12,26,1206,29462,64.709526,62,252,15474.32129,396358.0938,2,11,51.980546,18.946,2785.407305,2300.475456,255,301433019,938137334,255,0.156597,0.08186,0.074737,101,1133,1,13824,1,1,1,1,1,1,0,0,4,1,1,0,Generic,1,1
12863,9e-06,udp,dns,INT,2,0,114,0,111111.1072,254,0,50666664.0,0.0,0,0,0.009,0.0,0.0,0.0,0,0,0,0,0.0,0.0,0.0,57,0,0,0,50,2,50,50,38,50,0,0,0,50,50,0,Generic,1,1
12898,1e-06,udp,dns,INT,2,0,114,0,1000000.003,254,0,456000000.0,0.0,0,0,0.001,0.0,0.0,0.0,0,0,0,0,0.0,0.0,0.0,57,0,0,0,45,2,29,29,13,45,0,0,0,29,45,0,Generic,1,1
13114,3e-06,udp,dns,INT,2,0,114,0,333333.3215,254,0,152000000.0,0.0,0,0,0.003,0.0,0.0,0.0,0,0,0,0,0.0,0.0,0.0,57,0,0,0,48,2,48,48,20,48,0,0,0,48,48,0,Generic,1,1
13119,5e-06,udp,dns,INT,2,0,114,0,200000.0051,254,0,91200000.0,0.0,0,0,0.005,0.0,0.0,0.0,0,0,0,0,0.0,0.0,0.0,57,0,0,0,48,2,48,48,28,48,0,0,0,48,48,0,Generic,1,1
13122,5e-06,udp,dns,INT,2,0,114,0,200000.0051,254,0,91200000.0,0.0,0,0,0.005,0.0,0.0,0.0,0,0,0,0,0.0,0.0,0.0,57,0,0,0,48,2,48,48,28,48,0,0,0,48,48,0,Generic,1,1
13126,5e-06,udp,dns,INT,2,0,114,0,200000.0051,254,0,91200000.0,0.0,0,0,0.005,0.0,0.0,0.0,0,0,0,0,0.0,0.0,0.0,57,0,0,0,48,2,48,48,28,48,0,0,0,48,48,0,Generic,1,1
13130,5e-06,udp,dns,INT,2,0,114,0,200000.0051,254,0,91200000.0,0.0,0,0,0.005,0.0,0.0,0.0,0,0,0,0,0.0,0.0,0.0,57,0,0,0,48,2,48,48,28,48,0,0,0,48,48,0,Generic,1,1
13133,3e-06,udp,dns,INT,2,0,114,0,333333.3215,254,0,152000000.0,0.0,0,0,0.003,0.0,0.0,0.0,0,0,0,0,0.0,0.0,0.0,57,0,0,0,48,2,48,48,28,48,0,0,0,48,48,0,Generic,1,1
13201,4e-06,udp,dns,INT,2,0,114,0,250000.0006,254,0,114000000.0,0.0,0,0,0.004,0.0,0.0,0.0,0,0,0,0,0.0,0.0,0.0,57,0,0,0,59,2,59,59,32,59,0,0,0,60,59,0,Generic,1,1
13328,2e-06,udp,dns,INT,2,0,114,0,500000.0013,254,0,228000000.0,0.0,0,0,0.002,0.0,0.0,0.0,0,0,0,0,0.0,0.0,0.0,57,0,0,0,43,2,43,43,25,43,0,0,0,45,43,0,Generic,1,1
13333,2e-06,udp,dns,INT,2,0,114,0,500000.0013,254,0,228000000.0,0.0,0,0,0.002,0.0,0.0,0.0,0,0,0,0,0.0,0.0,0.0,57,0,0,0,43,2,43,43,25,43,0,0,0,45,43,0,Generic,1,1
13366,4e-06,udp,dns,INT,2,0,114,0,250000.0006,254,0,114000000.0,0.0,0,0,0.004,0.0,0.0,0.0,0,0,0,0,0.0,0.0,0.0,57,0,0,0,59,2,59,59,32,59,0,0,0,60,59,0,Generic,1,1
13367,1.266042,tcp,http,FIN,40,220,2832,282807,204.574573,62,252,17452.81836,1778911.0,2,108,32.462615,5.67455,1672.339555,757.355254,255,523710080,3788436579,255,0.054392,0.007844,0.046548,71,1285,1,136586,1,1,1,1,1,1,0,0,1,1,1,0,Generic,1,1
13369,4e-06,udp,dns,INT,2,0,114,0,250000.0006,254,0,114000000.0,0.0,0,0,0.004,0.0,0.0,0.0,0,0,0,0,0.0,0.0,0.0,57,0,0,0,59,2,59,59,32,59,0,0,0,60,59,0,Generic,1,1
13375,4e-06,udp,dns,INT,2,0,114,0,250000.0006,254,0,114000000.0,0.0,0,0,0.004,0.0,0.0,0.0,0,0,0,0,0.0,0.0,0.0,57,0,0,0,59,2,59,59,32,59,0,0,0,60,59,0,Generic,1,1
13401,9e-06,udp,dns,INT,2,0,114,0,111111.1072,254,0,50666664.0,0.0,0,0,0.009,0.0,0.0,0.0,0,0,0,0,0.0,0.0,0.0,57,0,0,0,59,2,59,59,27,59,0,0,0,60,59,0,Generic,1,1
13405,9e-06,udp,dns,INT,2,0,114,0,111111.1072,254,0,50666664.0,0.0,0,0,0.009,0.0,0.0,0.0,0,0,0,0,0.0,0.0,0.0,57,0,0,0,59,2,59,59,27,59,0,0,0,60,59,0,Generic,1,1
13410,5e-06,udp,dns,INT,2,0,114,0,200000.0051,254,0,91200000.0,0.0,0,0,0.005,0.0,0.0,0.0,0,0,0,0,0.0,0.0,0.0,57,0,0,0,59,2,59,59,27,59,0,0,0,60,59,0,Generic,1,1
13672,3e-06,udp,dns,INT,2,0,114,0,333333.3215,254,0,152000000.0,0.0,0,0,0.003,0.0,0.0,0.0,0,0,0,0,0.0,0.0,0.0,57,0,0,0,48,2,42,42,24,48,0,0,0,42,48,0,Generic,1,1
13822,9e-06,udp,dns,INT,2,0,114,0,111111.1072,254,0,50666664.0,0.0,0,0,0.009,0.0,0.0,0.0,0,0,0,0,0.0,0.0,0.0,57,0,0,0,50,2,43,43,25,50,0,0,0,43,50,0,Generic,1,1
13828,9e-06,udp,dns,INT,2,0,114,0,111111.1072,254,0,50666664.0,0.0,0,0,0.009,0.0,0.0,0.0,0,0,0,0,0.0,0.0,0.0,57,0,0,0,50,2,43,43,25,50,0,0,0,43,50,0,Generic,1,1
13832,9e-06,udp,dns,INT,2,0,114,0,111111.1072,254,0,50666664.0,0.0,0,0,0.009,0.0,0.0,0.0,0,0,0,0,0.0,0.0,0.0,57,0,0,0,50,2,43,43,25,50,0,0,0,43,50,0,Generic,1,1
13867,9e-06,udp,dns,INT,2,0,114,0,111111.1072,254,0,50666664.0,0.0,0,0,0.009,0.0,0.0,0.0,0,0,0,0,0.0,0.0,0.0,57,0,0,0,50,2,43,43,25,50,0,0,0,43,50,0,Generic,1,1
13872,9e-06,udp,dns,INT,2,0,114,0,111111.1072,254,0,50666664.0,0.0,0,0,0.009,0.0,0.0,0.0,0,0,0,0,0.0,0.0,0.0,57,0,0,0,50,2,43,43,25,50,0,0,0,43,50,0,Generic,1,1
13877,9e-06,udp,dns,INT,2,0,114,0,111111.1072,254,0,50666664.0,0.0,0,0,0.009,0.0,0.0,0.0,0,0,0,0,0.0,0.0,0.0,57,0,0,0,50,2,43,43,25,50,0,0,0,43,50,0,Generic,1,1
13977,6e-06,udp,dns,INT,2,0,114,0,166666.6608,254,0,76000000.0,0.0,0,0,0.006,0.0,0.0,0.0,0,0,0,0,0.0,0.0,0.0,57,0,0,0,50,2,43,43,25,50,0,0,0,44,50,0,Generic,1,1
13982,9e-06,udp,dns,INT,2,0,114,0,111111.1072,254,0,50666664.0,0.0,0,0,0.009,0.0,0.0,0.0,0,0,0,0,0.0,0.0,0.0,57,0,0,0,50,2,43,43,25,50,0,0,0,43,50,0,Generic,1,1
13988,9e-06,udp,dns,INT,2,0,114,0,111111.1072,254,0,50666664.0,0.0,0,0,0.009,0.0,0.0,0.0,0,0,0,0,0.0,0.0,0.0,57,0,0,0,50,2,43,43,25,50,0,0,0,43,50,0,Generic,1,1
13993,9e-06,udp,dns,INT,2,0,114,0,111111.1072,254,0,50666664.0,0.0,0,0,0.009,0.0,0.0,0.0,0,0,0,0,0.0,0.0,0.0,57,0,0,0,50,2,43,43,25,50,0,0,0,43,50,0,Generic,1,1
13999,9e-06,udp,dns,INT,2,0,114,0,111111.1072,254,0,50666664.0,0.0,0,0,0.009,0.0,0.0,0.0,0,0,0,0,0.0,0.0,0.0,57,0,0,0,50,2,43,43,25,50,0,0,0,43,50,0,Generic,1,1
14005,9e-06,udp,dns,INT,2,0,114,0,111111.1072,254,0,50666664.0,0.0,0,0,0.009,0.0,0.0,0.0,0,0,0,0,0.0,0.0,0.0,57,0,0,0,50,2,43,43,25,50,0,0,0,43,50,0,Generic,1,1
14012,6e-06,udp,dns,INT,2,0,114,0,166666.6608,254,0,76000000.0,0.0,0,0,0.006,0.0,0.0,0.0,0,0,0,0,0.0,0.0,0.0,57,0,0,0,50,2,43,43,25,50,0,0,0,44,50,0,Generic,1,1
14033,6e-06,udp,dns,INT,2,0,114,0,166666.6608,254,0,76000000.0,0.0,0,0,0.006,0.0,0.0,0.0,0,0,0,0,0.0,0.0,0.0,57,0,0,0,50,2,43,43,25,50,0,0,0,44,50,0,Generic,1,1
14039,6e-06,udp,dns,INT,2,0,114,0,166666.6608,254,0,76000000.0,0.0,0,0,0.006,0.0,0.0,0.0,0,0,0,0,0.0,0.0,0.0,57,0,0,0,50,2,43,43,25,50,0,0,0,44,50,0,Generic,1,1
14122,6e-06,udp,dns,INT,2,0,114,0,166666.6608,254,0,76000000.0,0.0,0,0,0.006,0.0,0.0,0.0,0,0,0,0,0.0,0.0,0.0,57,0,0,0,51,2,40,40,22,51,0,0,0,40,51,0,Generic,1,1
14192,3.5e-05,udp,dns,INT,2,0,114,0,28571.42781,254,0,13028571.0,0.0,0,0,0.035,0.0,0.0,0.0,0,0,0,0,0.0,0.0,0.0,57,0,0,0,51,2,40,40,18,51,0,0,0,40,51,0,Generic,1,1
14240,1e-06,udp,dns,INT,2,0,114,0,1000000.003,254,0,456000000.0,0.0,0,0,0.001,0.0,0.0,0.0,0,0,0,0,0.0,0.0,0.0,57,0,0,0,45,2,41,41,24,45,0,0,0,41,45,0,Generic,1,1
14245,1e-06,udp,dns,INT,2,0,114,0,1000000.003,254,0,456000000.0,0.0,0,0,0.001,0.0,0.0,0.0,0,0,0,0,0.0,0.0,0.0,57,0,0,0,45,2,41,41,24,45,0,0,0,41,45,0,Generic,1,1
14251,1e-06,udp,dns,INT,2,0,114,0,1000000.003,254,0,456000000.0,0.0,0,0,0.001,0.0,0.0,0.0,0,0,0,0,0.0,0.0,0.0,57,0,0,0,45,2,41,41,24,45,0,0,0,41,45,0,Generic,1,1
14256,1e-06,udp,dns,INT,2,0,114,0,1000000.003,254,0,456000000.0,0.0,0,0,0.001,0.0,0.0,0.0,0,0,0,0,0.0,0.0,0.0,57,0,0,0,45,2,41,41,24,45,0,0,0,41,45,0,Generic,1,1
14315,9e-06,udp,dns,INT,2,0,114,0,111111.1072,254,0,50666664.0,0.0,0,0,0.009,0.0,0.0,0.0,0,0,0,0,0.0,0.0,0.0,57,0,0,0,52,2,43,43,25,52,0,0,0,43,52,0,Generic,1,1
14326,9e-06,udp,dns,INT,2,0,114,0,111111.1072,254,0,50666664.0,0.0,0,0,0.009,0.0,0.0,0.0,0,0,0,0,0.0,0.0,0.0,57,0,0,0,52,2,43,43,25,52,0,0,0,43,52,0,Generic,1,1
14332,9e-06,udp,dns,INT,2,0,114,0,111111.1072,254,0,50666664.0,0.0,0,0,0.009,0.0,0.0,0.0,0,0,0,0,0.0,0.0,0.0,57,0,0,0,52,2,43,43,25,52,0,0,0,43,52,0,Generic,1,1
14336,9e-06,udp,dns,INT,2,0,114,0,111111.1072,254,0,50666664.0,0.0,0,0,0.009,0.0,0.0,0.0,0,0,0,0,0.0,0.0,0.0,57,0,0,0,52,2,43,43,25,52,0,0,0,43,52,0,Generic,1,1
14337,1e-06,udp,dns,INT,2,0,114,0,1000000.003,254,0,456000000.0,0.0,0,0,0.001,0.0,0.0,0.0,0,0,0,0,0.0,0.0,0.0,57,0,0,0,45,2,41,41,24,45,0,0,0,41,45,0,Generic,1,1
14339,3e-06,udp,dns,INT,2,0,114,0,333333.3215,254,0,152000000.0,0.0,0,0,0.003,0.0,0.0,0.0,0,0,0,0,0.0,0.0,0.0,57,0,0,0,52,2,43,43,18,52,0,0,0,43,52,0,Generic,1,1
14340,1e-06,udp,dns,INT,2,0,114,0,1000000.003,254,0,456000000.0,0.0,0,0,0.001,0.0,0.0,0.0,0,0,0,0,0.0,0.0,0.0,57,0,0,0,45,2,41,41,24,45,0,0,0,41,45,0,Generic,1,1
14371,3e-06,udp,dns,INT,2,0,114,0,333333.3215,254,0,152000000.0,0.0,0,0,0.003,0.0,0.0,0.0,0,0,0,0,0.0,0.0,0.0,57,0,0,0,52,2,43,43,18,52,0,0,0,43,52,0,Generic,1,1
14375,3e-06,udp,dns,INT,2,0,114,0,333333.3215,254,0,152000000.0,0.0,0,0,0.003,0.0,0.0,0.0,0,0,0,0,0.0,0.0,0.0,57,0,0,0,52,2,43,43,18,52,0,0,0,43,52,0,Generic,1,1
14491,2e-06,udp,dns,INT,2,0,114,0,500000.0013,254,0,228000000.0,0.0,0,0,0.002,0.0,0.0,0.0,0,0,0,0,0.0,0.0,0.0,57,0,0,0,45,2,43,43,18,45,0,0,0,43,45,0,Generic,1,1
14497,2e-06,udp,dns,INT,2,0,114,0,500000.0013,254,0,228000000.0,0.0,0,0,0.002,0.0,0.0,0.0,0,0,0,0,0.0,0.0,0.0,57,0,0,0,45,2,43,43,18,45,0,0,0,43,45,0,Generic,1,1
14503,2e-06,udp,dns,INT,2,0,114,0,500000.0013,254,0,228000000.0,0.0,0,0,0.002,0.0,0.0,0.0,0,0,0,0,0.0,0.0,0.0,57,0,0,0,45,2,43,43,18,45,0,0,0,43,45,0,Generic,1,1
14618,4e-06,udp,dns,INT,2,0,114,0,250000.0006,254,0,114000000.0,0.0,0,0,0.004,0.0,0.0,0.0,0,0,0,0,0.0,0.0,0.0,57,0,0,0,51,2,43,43,25,51,0,0,0,43,51,0,Generic,1,1
14624,4e-06,udp,dns,INT,2,0,114,0,250000.0006,254,0,114000000.0,0.0,0,0,0.004,0.0,0.0,0.0,0,0,0,0,0.0,0.0,0.0,57,0,0,0,51,2,43,43,25,51,0,0,0,43,51,0,Generic,1,1
14694,4e-06,udp,dns,INT,2,0,114,0,250000.0006,254,0,114000000.0,0.0,0,0,0.004,0.0,0.0,0.0,0,0,0,0,0.0,0.0,0.0,57,0,0,0,51,2,43,43,25,51,0,0,0,43,51,0,Generic,1,1
14698,4e-06,udp,dns,INT,2,0,114,0,250000.0006,254,0,114000000.0,0.0,0,0,0.004,0.0,0.0,0.0,0,0,0,0,0.0,0.0,0.0,57,0,0,0,51,2,43,43,25,51,0,0,0,43,51,0,Generic,1,1
14705,4e-06,udp,dns,INT,2,0,114,0,250000.0006,254,0,114000000.0,0.0,0,0,0.004,0.0,0.0,0.0,0,0,0,0,0.0,0.0,0.0,57,0,0,0,51,2,43,43,25,51,0,0,0,43,51,0,Generic,1,1
14710,4e-06,udp,dns,INT,2,0,114,0,250000.0006,254,0,114000000.0,0.0,0,0,0.004,0.0,0.0,0.0,0,0,0,0,0.0,0.0,0.0,57,0,0,0,51,2,43,43,25,51,0,0,0,43,51,0,Generic,1,1
14717,4e-06,udp,dns,INT,2,0,114,0,250000.0006,254,0,114000000.0,0.0,0,0,0.004,0.0,0.0,0.0,0,0,0,0,0.0,0.0,0.0,57,0,0,0,51,2,43,43,25,51,0,0,0,43,51,0,Generic,1,1
14728,1e-06,udp,dns,INT,2,0,114,0,1000000.003,254,0,456000000.0,0.0,0,0,0.001,0.0,0.0,0.0,0,0,0,0,0.0,0.0,0.0,57,0,0,0,43,2,44,43,18,46,0,0,0,44,43,0,Generic,1,1
14733,1e-06,udp,dns,INT,2,0,114,0,1000000.003,254,0,456000000.0,0.0,0,0,0.001,0.0,0.0,0.0,0,0,0,0,0.0,0.0,0.0,57,0,0,0,43,2,44,43,18,46,0,0,0,44,43,0,Generic,1,1
14748,9e-06,udp,dns,INT,2,0,114,0,111111.1072,254,0,50666664.0,0.0,0,0,0.009,0.0,0.0,0.0,0,0,0,0,0.0,0.0,0.0,57,0,0,0,51,2,43,43,18,51,0,0,0,43,51,0,Generic,1,1
14958,6e-06,udp,dns,INT,2,0,114,0,166666.6608,254,0,76000000.0,0.0,0,0,0.006,0.0,0.0,0.0,0,0,0,0,0.0,0.0,0.0,57,0,0,0,50,2,43,43,25,50,0,0,0,44,50,0,Generic,1,1
14964,6e-06,udp,dns,INT,2,0,114,0,166666.6608,254,0,76000000.0,0.0,0,0,0.006,0.0,0.0,0.0,0,0,0,0,0.0,0.0,0.0,57,0,0,0,50,2,43,43,25,50,0,0,0,44,50,0,Generic,1,1
15037,6e-06,udp,dns,INT,2,0,114,0,166666.6608,254,0,76000000.0,0.0,0,0,0.006,0.0,0.0,0.0,0,0,0,0,0.0,0.0,0.0,57,0,0,0,50,2,43,43,25,50,0,0,0,44,50,0,Generic,1,1
15234,4e-06,udp,dns,INT,2,0,114,0,250000.0006,254,0,114000000.0,0.0,0,0,0.004,0.0,0.0,0.0,0,0,0,0,0.0,0.0,0.0,57,0,0,0,51,2,42,42,18,51,0,0,0,42,51,0,Generic,1,1
15238,4e-06,udp,dns,INT,2,0,114,0,250000.0006,254,0,114000000.0,0.0,0,0,0.004,0.0,0.0,0.0,0,0,0,0,0.0,0.0,0.0,57,0,0,0,51,2,42,42,18,51,0,0,0,42,51,0,Generic,1,1
15245,4e-06,udp,dns,INT,2,0,114,0,250000.0006,254,0,114000000.0,0.0,0,0,0.004,0.0,0.0,0.0,0,0,0,0,0.0,0.0,0.0,57,0,0,0,51,2,42,42,18,51,0,0,0,42,51,0,Generic,1,1
15358,6e-06,udp,dns,INT,2,0,114,0,166666.6608,254,0,76000000.0,0.0,0,0,0.006,0.0,0.0,0.0,0,0,0,0,0.0,0.0,0.0,57,0,0,0,51,2,42,42,24,51,0,0,0,42,51,0,Generic,1,1
15364,6e-06,udp,dns,INT,2,0,114,0,166666.6608,254,0,76000000.0,0.0,0,0,0.006,0.0,0.0,0.0,0,0,0,0,0.0,0.0,0.0,57,0,0,0,51,2,42,42,24,51,0,0,0,42,51,0,Generic,1,1
15368,6e-06,udp,dns,INT,2,0,114,0,166666.6608,254,0,76000000.0,0.0,0,0,0.006,0.0,0.0,0.0,0,0,0,0,0.0,0.0,0.0,57,0,0,0,51,2,42,42,24,51,0,0,0,42,51,0,Generic,1,1
15404,6e-06,udp,dns,INT,2,0,114,0,166666.6608,254,0,76000000.0,0.0,0,0,0.006,0.0,0.0,0.0,0,0,0,0,0.0,0.0,0.0,57,0,0,0,51,2,42,42,24,51,0,0,0,42,51,0,Generic,1,1
15408,1e-06,udp,dns,INT,2,0,114,0,1000000.003,254,0,456000000.0,0.0,0,0,0.001,0.0,0.0,0.0,0,0,0,0,0.0,0.0,0.0,57,0,0,0,43,2,44,43,18,46,0,0,0,44,43,0,Generic,1,1
15410,4e-06,udp,dns,INT,2,0,114,0,250000.0006,254,0,114000000.0,0.0,0,0,0.004,0.0,0.0,0.0,0,0,0,0,0.0,0.0,0.0,57,0,0,0,51,2,42,42,18,51,0,0,0,42,51,0,Generic,1,1
15414,1e-06,udp,dns,INT,2,0,114,0,1000000.003,254,0,456000000.0,0.0,0,0,0.001,0.0,0.0,0.0,0,0,0,0,0.0,0.0,0.0,57,0,0,0,43,2,44,43,18,46,0,0,0,44,43,0,Generic,1,1
15416,4e-06,udp,dns,INT,2,0,114,0,250000.0006,254,0,114000000.0,0.0,0,0,0.004,0.0,0.0,0.0,0,0,0,0,0.0,0.0,0.0,57,0,0,0,51,2,42,42,18,51,0,0,0,42,51,0,Generic,1,1
15424,4e-06,udp,dns,INT,2,0,114,0,250000.0006,254,0,114000000.0,0.0,0,0,0.004,0.0,0.0,0.0,0,0,0,0,0.0,0.0,0.0,57,0,0,0,51,2,42,42,18,51,0,0,0,42,51,0,Generic,1,1
15425,9e-06,udp,dns,INT,2,0,114,0,111111.1072,254,0,50666664.0,0.0,0,0,0.009,0.0,0.0,0.0,0,0,0,0,0.0,0.0,0.0,57,0,0,0,50,2,43,43,25,50,0,0,0,43,50,0,Generic,1,1
15431,4e-06,udp,dns,INT,2,0,114,0,250000.0006,254,0,114000000.0,0.0,0,0,0.004,0.0,0.0,0.0,0,0,0,0,0.0,0.0,0.0,57,0,0,0,51,2,42,42,18,51,0,0,0,42,51,0,Generic,1,1
15460,9e-06,udp,dns,INT,2,0,114,0,111111.1072,254,0,50666664.0,0.0,0,0,0.009,0.0,0.0,0.0,0,0,0,0,0.0,0.0,0.0,57,0,0,0,50,2,43,43,25,50,0,0,0,43,50,0,Generic,1,1
15461,4e-06,udp,dns,INT,2,0,114,0,250000.0006,254,0,114000000.0,0.0,0,0,0.004,0.0,0.0,0.0,0,0,0,0,0.0,0.0,0.0,57,0,0,0,51,2,42,42,18,51,0,0,0,42,51,0,Generic,1,1
15689,6e-06,udp,dns,INT,2,0,114,0,166666.6608,254,0,76000000.0,0.0,0,0,0.006,0.0,0.0,0.0,0,0,0,0,0.0,0.0,0.0,57,0,0,0,51,2,42,42,24,51,0,0,0,42,51,0,Generic,1,1
15695,6e-06,udp,dns,INT,2,0,114,0,166666.6608,254,0,76000000.0,0.0,0,0,0.006,0.0,0.0,0.0,0,0,0,0,0.0,0.0,0.0,57,0,0,0,51,2,42,42,24,51,0,0,0,42,51,0,Generic,1,1
15703,6e-06,udp,dns,INT,2,0,114,0,166666.6608,254,0,76000000.0,0.0,0,0,0.006,0.0,0.0,0.0,0,0,0,0,0.0,0.0,0.0,57,0,0,0,51,2,42,42,24,51,0,0,0,42,51,0,Generic,1,1
15710,6e-06,udp,dns,INT,2,0,114,0,166666.6608,254,0,76000000.0,0.0,0,0,0.006,0.0,0.0,0.0,0,0,0,0,0.0,0.0,0.0,57,0,0,0,51,2,42,42,24,51,0,0,0,42,51,0,Generic,1,1
15716,4e-06,udp,dns,INT,2,0,114,0,250000.0006,254,0,114000000.0,0.0,0,0,0.004,0.0,0.0,0.0,0,0,0,0,0.0,0.0,0.0,57,0,0,0,51,2,42,42,18,51,0,0,0,42,51,0,Generic,1,1
15829,1e-06,udp,dns,INT,2,0,114,0,1000000.003,254,0,456000000.0,0.0,0,0,0.001,0.0,0.0,0.0,0,0,0,0,0.0,0.0,0.0,57,0,0,0,43,2,43,43,18,43,0,0,0,43,43,0,Generic,1,1
15838,3e-06,udp,dns,INT,2,0,114,0,333333.3215,254,0,152000000.0,0.0,0,0,0.003,0.0,0.0,0.0,0,0,0,0,0.0,0.0,0.0,57,0,0,0,48,2,42,42,25,48,0,0,0,42,48,0,Generic,1,1
15879,4e-06,udp,dns,INT,2,0,114,0,250000.0006,254,0,114000000.0,0.0,0,0,0.004,0.0,0.0,0.0,0,0,0,0,0.0,0.0,0.0,57,0,0,0,51,2,43,43,25,51,0,0,0,43,51,0,Generic,1,1
15887,4e-06,udp,dns,INT,2,0,114,0,250000.0006,254,0,114000000.0,0.0,0,0,0.004,0.0,0.0,0.0,0,0,0,0,0.0,0.0,0.0,57,0,0,0,51,2,43,43,25,51,0,0,0,43,51,0,Generic,1,1
15893,4e-06,udp,dns,INT,2,0,114,0,250000.0006,254,0,114000000.0,0.0,0,0,0.004,0.0,0.0,0.0,0,0,0,0,0.0,0.0,0.0,57,0,0,0,51,2,43,43,25,51,0,0,0,43,51,0,Generic,1,1
15896,2e-06,udp,dns,INT,2,0,114,0,500000.0013,254,0,228000000.0,0.0,0,0,0.002,0.0,0.0,0.0,0,0,0,0,0.0,0.0,0.0,57,0,0,0,43,2,43,43,25,43,0,0,0,45,43,0,Generic,1,1
15898,9e-06,udp,dns,INT,2,0,114,0,111111.1072,254,0,50666664.0,0.0,0,0,0.009,0.0,0.0,0.0,0,0,0,0,0.0,0.0,0.0,57,0,0,0,51,2,43,43,18,51,0,0,0,43,51,0,Generic,1,1
15902,2e-06,udp,dns,INT,2,0,114,0,500000.0013,254,0,228000000.0,0.0,0,0,0.002,0.0,0.0,0.0,0,0,0,0,0.0,0.0,0.0,57,0,0,0,43,2,43,43,25,43,0,0,0,45,43,0,Generic,1,1
15906,9e-06,udp,dns,INT,2,0,114,0,111111.1072,254,0,50666664.0,0.0,0,0,0.009,0.0,0.0,0.0,0,0,0,0,0.0,0.0,0.0,57,0,0,0,51,2,43,43,18,51,0,0,0,43,51,0,Generic,1,1
16060,6e-06,udp,dns,INT,2,0,114,0,166666.6608,254,0,76000000.0,0.0,0,0,0.006,0.0,0.0,0.0,0,0,0,0,0.0,0.0,0.0,57,0,0,0,51,2,42,42,24,51,0,0,0,42,51,0,Generic,1,1
16065,6e-06,udp,dns,INT,2,0,114,0,166666.6608,254,0,76000000.0,0.0,0,0,0.006,0.0,0.0,0.0,0,0,0,0,0.0,0.0,0.0,57,0,0,0,50,2,43,43,25,50,0,0,0,44,50,0,Generic,1,1
16068,4e-06,udp,dns,INT,2,0,114,0,250000.0006,254,0,114000000.0,0.0,0,0,0.004,0.0,0.0,0.0,0,0,0,0,0.0,0.0,0.0,57,0,0,0,51,2,42,42,18,51,0,0,0,42,51,0,Generic,1,1
16072,6e-06,udp,dns,INT,2,0,114,0,166666.6608,254,0,76000000.0,0.0,0,0,0.006,0.0,0.0,0.0,0,0,0,0,0.0,0.0,0.0,57,0,0,0,50,2,43,43,25,50,0,0,0,44,50,0,Generic,1,1
16075,4e-06,udp,dns,INT,2,0,114,0,250000.0006,254,0,114000000.0,0.0,0,0,0.004,0.0,0.0,0.0,0,0,0,0,0.0,0.0,0.0,57,0,0,0,51,2,42,42,18,51,0,0,0,42,51,0,Generic,1,1
16078,6e-06,udp,dns,INT,2,0,114,0,166666.6608,254,0,76000000.0,0.0,0,0,0.006,0.0,0.0,0.0,0,0,0,0,0.0,0.0,0.0,57,0,0,0,50,2,43,43,25,50,0,0,0,44,50,0,Generic,1,1
16080,4e-06,udp,dns,INT,2,0,114,0,250000.0006,254,0,114000000.0,0.0,0,0,0.004,0.0,0.0,0.0,0,0,0,0,0.0,0.0,0.0,57,0,0,0,51,2,42,42,18,51,0,0,0,42,51,0,Generic,1,1
16086,6e-06,udp,dns,INT,2,0,114,0,166666.6608,254,0,76000000.0,0.0,0,0,0.006,0.0,0.0,0.0,0,0,0,0,0.0,0.0,0.0,57,0,0,0,50,2,43,43,25,50,0,0,0,44,50,0,Generic,1,1
16125,6e-06,udp,dns,INT,2,0,114,0,166666.6608,254,0,76000000.0,0.0,0,0,0.006,0.0,0.0,0.0,0,0,0,0,0.0,0.0,0.0,57,0,0,0,50,2,43,43,25,50,0,0,0,44,50,0,Generic,1,1
16140,8e-06,udp,dns,INT,2,0,114,0,125000.0003,254,0,57000000.0,0.0,0,0,0.008,0.0,0.0,0.0,0,0,0,0,0.0,0.0,0.0,57,0,0,0,54,2,44,43,25,54,0,0,0,43,54,0,Generic,1,1
16148,8e-06,udp,dns,INT,2,0,114,0,125000.0003,254,0,57000000.0,0.0,0,0,0.008,0.0,0.0,0.0,0,0,0,0,0.0,0.0,0.0,57,0,0,0,54,2,44,43,25,54,0,0,0,43,54,0,Generic,1,1
16155,8e-06,udp,dns,INT,2,0,114,0,125000.0003,254,0,57000000.0,0.0,0,0,0.008,0.0,0.0,0.0,0,0,0,0,0.0,0.0,0.0,57,0,0,0,54,2,44,43,25,54,0,0,0,43,54,0,Generic,1,1
16162,3e-06,udp,dns,INT,2,0,114,0,333333.3215,254,0,152000000.0,0.0,0,0,0.003,0.0,0.0,0.0,0,0,0,0,0.0,0.0,0.0,57,0,0,0,54,2,44,43,18,54,0,0,0,43,54,0,Generic,1,1
16165,3e-06,udp,dns,INT,2,0,114,0,333333.3215,254,0,152000000.0,0.0,0,0,0.003,0.0,0.0,0.0,0,0,0,0,0.0,0.0,0.0,57,0,0,0,54,2,44,43,18,54,0,0,0,43,54,0,Generic,1,1
16204,4e-06,udp,dns,INT,2,0,114,0,250000.0006,254,0,114000000.0,0.0,0,0,0.004,0.0,0.0,0.0,0,0,0,0,0.0,0.0,0.0,57,0,0,0,51,2,43,43,25,51,0,0,0,43,51,0,Generic,1,1
16211,4e-06,udp,dns,INT,2,0,114,0,250000.0006,254,0,114000000.0,0.0,0,0,0.004,0.0,0.0,0.0,0,0,0,0,0.0,0.0,0.0,57,0,0,0,51,2,43,43,25,51,0,0,0,43,51,0,Generic,1,1
16218,4e-06,udp,dns,INT,2,0,114,0,250000.0006,254,0,114000000.0,0.0,0,0,0.004,0.0,0.0,0.0,0,0,0,0,0.0,0.0,0.0,57,0,0,0,51,2,43,43,25,51,0,0,0,43,51,0,Generic,1,1
16223,9e-06,udp,dns,INT,2,0,114,0,111111.1072,254,0,50666664.0,0.0,0,0,0.009,0.0,0.0,0.0,0,0,0,0,0.0,0.0,0.0,57,0,0,0,51,2,43,43,18,51,0,0,0,43,51,0,Generic,1,1
16384,9e-06,udp,dns,INT,2,0,114,0,111111.1072,254,0,50666664.0,0.0,0,0,0.009,0.0,0.0,0.0,0,0,0,0,0.0,0.0,0.0,57,0,0,0,51,2,43,43,18,51,0,0,0,43,51,0,Generic,1,1
16385,1e-05,udp,dns,INT,2,0,114,0,100000.0025,254,0,45600000.0,0.0,0,0,0.01,0.0,0.0,0.0,0,0,0,0,0.0,0.0,0.0,57,0,0,0,53,2,43,43,25,53,0,0,0,43,53,0,Generic,1,1
16392,9e-06,udp,dns,INT,2,0,114,0,111111.1072,254,0,50666664.0,0.0,0,0,0.009,0.0,0.0,0.0,0,0,0,0,0.0,0.0,0.0,57,0,0,0,51,2,43,43,18,51,0,0,0,43,51,0,Generic,1,1
16393,1e-05,udp,dns,INT,2,0,114,0,100000.0025,254,0,45600000.0,0.0,0,0,0.01,0.0,0.0,0.0,0,0,0,0,0.0,0.0,0.0,57,0,0,0,53,2,43,43,25,53,0,0,0,43,53,0,Generic,1,1
16399,5e-06,udp,dns,INT,2,0,114,0,200000.0051,254,0,91200000.0,0.0,0,0,0.005,0.0,0.0,0.0,0,0,0,0,0.0,0.0,0.0,57,0,0,0,53,2,43,43,18,53,0,0,0,43,53,0,Generic,1,1
16405,5e-06,udp,dns,INT,2,0,114,0,200000.0051,254,0,91200000.0,0.0,0,0,0.005,0.0,0.0,0.0,0,0,0,0,0.0,0.0,0.0,57,0,0,0,53,2,43,43,18,53,0,0,0,43,53,0,Generic,1,1
16431,0.513353,tcp,http,FIN,12,26,1620,27492,72.075162,62,252,23141.9707,411958.25,2,11,46.668454,16.3604,2511.166873,2035.350298,255,3304586677,582482044,255,0.125213,0.087112,0.038101,135,1057,1,12836,1,1,2,1,1,1,0,0,1,19,1,0,Generic,1,1
16446,1e-06,udp,dns,INT,2,0,114,0,1000000.003,254,0,456000000.0,0.0,0,0,0.001,0.0,0.0,0.0,0,0,0,0,0.0,0.0,0.0,57,0,0,0,43,2,43,43,18,43,0,0,0,43,43,0,Generic,1,1
16451,9e-06,udp,dns,INT,2,0,114,0,111111.1072,254,0,50666664.0,0.0,0,0,0.009,0.0,0.0,0.0,0,0,0,0,0.0,0.0,0.0,57,0,0,0,50,2,43,43,25,50,0,0,0,43,50,0,Generic,1,1
16458,9e-06,udp,dns,INT,2,0,114,0,111111.1072,254,0,50666664.0,0.0,0,0,0.009,0.0,0.0,0.0,0,0,0,0,0.0,0.0,0.0,57,0,0,0,50,2,43,43,25,50,0,0,0,43,50,0,Generic,1,1
16464,9e-06,udp,dns,INT,2,0,114,0,111111.1072,254,0,50666664.0,0.0,0,0,0.009,0.0,0.0,0.0,0,0,0,0,0.0,0.0,0.0,57,0,0,0,50,2,43,43,25,50,0,0,0,43,50,0,Generic,1,1
16470,9e-06,udp,dns,INT,2,0,114,0,111111.1072,254,0,50666664.0,0.0,0,0,0.009,0.0,0.0,0.0,0,0,0,0,0.0,0.0,0.0,57,0,0,0,50,2,43,43,25,50,0,0,0,43,50,0,Generic,1,1
16482,1e-06,udp,dns,INT,2,0,114,0,1000000.003,254,0,456000000.0,0.0,0,0,0.001,0.0,0.0,0.0,0,0,0,0,0.0,0.0,0.0,57,0,0,0,43,2,26,25,25,44,0,0,0,28,43,0,Generic,1,1
16489,1e-06,udp,dns,INT,2,0,114,0,1000000.003,254,0,456000000.0,0.0,0,0,0.001,0.0,0.0,0.0,0,0,0,0,0.0,0.0,0.0,57,0,0,0,43,2,26,25,25,44,0,0,0,28,43,0,Generic,1,1
16496,1e-06,udp,dns,INT,2,0,114,0,1000000.003,254,0,456000000.0,0.0,0,0,0.001,0.0,0.0,0.0,0,0,0,0,0.0,0.0,0.0,57,0,0,0,43,2,26,25,25,44,0,0,0,28,43,0,Generic,1,1
16500,1e-06,udp,dns,INT,2,0,114,0,1000000.003,254,0,456000000.0,0.0,0,0,0.001,0.0,0.0,0.0,0,0,0,0,0.0,0.0,0.0,57,0,0,0,43,2,26,25,25,44,0,0,0,28,43,0,Generic,1,1
16505,1e-06,udp,dns,INT,2,0,114,0,1000000.003,254,0,456000000.0,0.0,0,0,0.001,0.0,0.0,0.0,0,0,0,0,0.0,0.0,0.0,57,0,0,0,43,2,26,25,25,44,0,0,0,28,43,0,Generic,1,1
16563,8e-06,udp,dns,INT,2,0,114,0,125000.0003,254,0,57000000.0,0.0,0,0,0.008,0.0,0.0,0.0,0,0,0,0,0.0,0.0,0.0,57,0,0,0,58,2,43,43,18,58,0,0,0,43,58,0,Generic,1,1
16647,1e-06,udp,dns,INT,2,0,114,0,1000000.003,254,0,456000000.0,0.0,0,0,0.001,0.0,0.0,0.0,0,0,0,0,0.0,0.0,0.0,57,0,0,0,43,2,43,43,18,43,0,0,0,43,43,0,Generic,1,1
16654,1e-06,udp,dns,INT,2,0,114,0,1000000.003,254,0,456000000.0,0.0,0,0,0.001,0.0,0.0,0.0,0,0,0,0,0.0,0.0,0.0,57,0,0,0,43,2,43,43,18,43,0,0,0,43,43,0,Generic,1,1
16659,1e-06,udp,dns,INT,2,0,114,0,1000000.003,254,0,456000000.0,0.0,0,0,0.001,0.0,0.0,0.0,0,0,0,0,0.0,0.0,0.0,57,0,0,0,43,2,43,43,18,43,0,0,0,43,43,0,Generic,1,1
16660,9e-06,udp,dns,INT,2,0,114,0,111111.1072,254,0,50666664.0,0.0,0,0,0.009,0.0,0.0,0.0,0,0,0,0,0.0,0.0,0.0,57,0,0,0,52,2,43,43,25,52,0,0,0,43,52,0,Generic,1,1
16666,9e-06,udp,dns,INT,2,0,114,0,111111.1072,254,0,50666664.0,0.0,0,0,0.009,0.0,0.0,0.0,0,0,0,0,0.0,0.0,0.0,57,0,0,0,52,2,43,43,25,52,0,0,0,43,52,0,Generic,1,1
16673,3e-06,udp,dns,INT,2,0,114,0,333333.3215,254,0,152000000.0,0.0,0,0,0.003,0.0,0.0,0.0,0,0,0,0,0.0,0.0,0.0,57,0,0,0,52,2,43,43,18,52,0,0,0,43,52,0,Generic,1,1
16682,3e-06,udp,dns,INT,2,0,114,0,333333.3215,254,0,152000000.0,0.0,0,0,0.003,0.0,0.0,0.0,0,0,0,0,0.0,0.0,0.0,57,0,0,0,52,2,43,43,18,52,0,0,0,43,52,0,Generic,1,1
16732,1e-06,udp,dns,INT,2,0,114,0,1000000.003,254,0,456000000.0,0.0,0,0,0.001,0.0,0.0,0.0,0,0,0,0,0.0,0.0,0.0,57,0,0,0,43,2,43,43,18,43,0,0,0,43,43,0,Generic,1,1
16801,6e-06,udp,dns,INT,2,0,114,0,166666.6608,254,0,76000000.0,0.0,0,0,0.006,0.0,0.0,0.0,0,0,0,0,0.0,0.0,0.0,57,0,0,0,51,2,40,40,22,51,0,0,0,40,51,0,Generic,1,1
16807,6e-06,udp,dns,INT,2,0,114,0,166666.6608,254,0,76000000.0,0.0,0,0,0.006,0.0,0.0,0.0,0,0,0,0,0.0,0.0,0.0,57,0,0,0,51,2,40,40,22,51,0,0,0,40,51,0,Generic,1,1
16809,1e-06,udp,dns,INT,2,0,114,0,1000000.003,254,0,456000000.0,0.0,0,0,0.001,0.0,0.0,0.0,0,0,0,0,0.0,0.0,0.0,57,0,0,0,43,2,44,43,18,46,0,0,0,44,43,0,Generic,1,1
16813,6e-06,udp,dns,INT,2,0,114,0,166666.6608,254,0,76000000.0,0.0,0,0,0.006,0.0,0.0,0.0,0,0,0,0,0.0,0.0,0.0,57,0,0,0,51,2,40,40,22,51,0,0,0,40,51,0,Generic,1,1
16815,1e-06,udp,dns,INT,2,0,114,0,1000000.003,254,0,456000000.0,0.0,0,0,0.001,0.0,0.0,0.0,0,0,0,0,0.0,0.0,0.0,57,0,0,0,43,2,44,43,18,46,0,0,0,44,43,0,Generic,1,1
16820,1e-06,udp,dns,INT,2,0,114,0,1000000.003,254,0,456000000.0,0.0,0,0,0.001,0.0,0.0,0.0,0,0,0,0,0.0,0.0,0.0,57,0,0,0,43,2,44,43,18,46,0,0,0,44,43,0,Generic,1,1
16822,6e-06,udp,dns,INT,2,0,114,0,166666.6608,254,0,76000000.0,0.0,0,0,0.006,0.0,0.0,0.0,0,0,0,0,0.0,0.0,0.0,57,0,0,0,51,2,40,40,22,51,0,0,0,40,51,0,Generic,1,1
16857,2e-06,udp,dns,INT,2,0,114,0,500000.0013,254,0,228000000.0,0.0,0,0,0.002,0.0,0.0,0.0,0,0,0,0,0.0,0.0,0.0,57,0,0,0,45,2,43,43,18,45,0,0,0,43,45,0,Generic,1,1
16861,3.5e-05,udp,dns,INT,2,0,114,0,28571.42781,254,0,13028571.0,0.0,0,0,0.035,0.0,0.0,0.0,0,0,0,0,0.0,0.0,0.0,57,0,0,0,51,2,40,40,18,51,0,0,0,40,51,0,Generic,1,1
16862,2e-06,udp,dns,INT,2,0,114,0,500000.0013,254,0,228000000.0,0.0,0,0,0.002,0.0,0.0,0.0,0,0,0,0,0.0,0.0,0.0,57,0,0,0,45,2,43,43,18,45,0,0,0,43,45,0,Generic,1,1
16868,3.5e-05,udp,dns,INT,2,0,114,0,28571.42781,254,0,13028571.0,0.0,0,0,0.035,0.0,0.0,0.0,0,0,0,0,0.0,0.0,0.0,57,0,0,0,51,2,40,40,18,51,0,0,0,40,51,0,Generic,1,1
16874,3.5e-05,udp,dns,INT,2,0,114,0,28571.42781,254,0,13028571.0,0.0,0,0,0.035,0.0,0.0,0.0,0,0,0,0,0.0,0.0,0.0,57,0,0,0,51,2,40,40,18,51,0,0,0,40,51,0,Generic,1,1
16985,6e-06,udp,dns,INT,2,0,114,0,166666.6608,254,0,76000000.0,0.0,0,0,0.006,0.0,0.0,0.0,0,0,0,0,0.0,0.0,0.0,57,0,0,0,51,2,40,40,22,51,0,0,0,40,51,0,Generic,1,1
16991,3.5e-05,udp,dns,INT,2,0,114,0,28571.42781,254,0,13028571.0,0.0,0,0,0.035,0.0,0.0,0.0,0,0,0,0,0.0,0.0,0.0,57,0,0,0,51,2,40,40,18,51,0,0,0,40,51,0,Generic,1,1
16998,3.5e-05,udp,dns,INT,2,0,114,0,28571.42781,254,0,13028571.0,0.0,0,0,0.035,0.0,0.0,0.0,0,0,0,0,0.0,0.0,0.0,57,0,0,0,51,2,40,40,18,51,0,0,0,40,51,0,Generic,1,1
17069,2e-06,udp,dns,INT,2,0,114,0,500000.0013,254,0,228000000.0,0.0,0,0,0.002,0.0,0.0,0.0,0,0,0,0,0.0,0.0,0.0,57,0,0,0,43,2,43,43,25,43,0,0,0,45,43,0,Generic,1,1
17076,2e-06,udp,dns,INT,2,0,114,0,500000.0013,254,0,228000000.0,0.0,0,0,0.002,0.0,0.0,0.0,0,0,0,0,0.0,0.0,0.0,57,0,0,0,43,2,43,43,25,43,0,0,0,45,43,0,Generic,1,1
17208,1e-05,udp,dns,INT,2,0,114,0,100000.0025,254,0,45600000.0,0.0,0,0,0.01,0.0,0.0,0.0,0,0,0,0,0.0,0.0,0.0,57,0,0,0,53,2,43,43,25,53,0,0,0,43,53,0,Generic,1,1
17216,1e-05,udp,dns,INT,2,0,114,0,100000.0025,254,0,45600000.0,0.0,0,0,0.01,0.0,0.0,0.0,0,0,0,0,0.0,0.0,0.0,57,0,0,0,53,2,43,43,25,53,0,0,0,43,53,0,Generic,1,1
17220,1e-06,udp,dns,INT,2,0,114,0,1000000.003,254,0,456000000.0,0.0,0,0,0.001,0.0,0.0,0.0,0,0,0,0,0.0,0.0,0.0,57,0,0,0,43,2,26,25,25,44,0,0,0,28,43,0,Generic,1,1
17225,1e-05,udp,dns,INT,2,0,114,0,100000.0025,254,0,45600000.0,0.0,0,0,0.01,0.0,0.0,0.0,0,0,0,0,0.0,0.0,0.0,57,0,0,0,53,2,43,43,25,53,0,0,0,43,53,0,Generic,1,1
17226,1e-06,udp,dns,INT,2,0,114,0,1000000.003,254,0,456000000.0,0.0,0,0,0.001,0.0,0.0,0.0,0,0,0,0,0.0,0.0,0.0,57,0,0,0,43,2,26,25,25,44,0,0,0,28,43,0,Generic,1,1
17232,1e-06,udp,dns,INT,2,0,114,0,1000000.003,254,0,456000000.0,0.0,0,0,0.001,0.0,0.0,0.0,0,0,0,0,0.0,0.0,0.0,57,0,0,0,43,2,26,25,25,44,0,0,0,28,43,0,Generic,1,1
17234,5e-06,udp,dns,INT,2,0,114,0,200000.0051,254,0,91200000.0,0.0,0,0,0.005,0.0,0.0,0.0,0,0,0,0,0.0,0.0,0.0,57,0,0,0,53,2,43,43,18,53,0,0,0,43,53,0,Generic,1,1
17239,1e-06,udp,dns,INT,2,0,114,0,1000000.003,254,0,456000000.0,0.0,0,0,0.001,0.0,0.0,0.0,0,0,0,0,0.0,0.0,0.0,57,0,0,0,43,2,26,25,25,44,0,0,0,28,43,0,Generic,1,1
17240,5e-06,udp,dns,INT,2,0,114,0,200000.0051,254,0,91200000.0,0.0,0,0,0.005,0.0,0.0,0.0,0,0,0,0,0.0,0.0,0.0,57,0,0,0,53,2,43,43,18,53,0,0,0,43,53,0,Generic,1,1
17248,1e-06,udp,dns,INT,2,0,114,0,1000000.003,254,0,456000000.0,0.0,0,0,0.001,0.0,0.0,0.0,0,0,0,0,0.0,0.0,0.0,57,0,0,0,43,2,26,25,25,44,0,0,0,28,43,0,Generic,1,1
17253,9e-06,udp,dns,INT,2,0,114,0,111111.1072,254,0,50666664.0,0.0,0,0,0.009,0.0,0.0,0.0,0,0,0,0,0.0,0.0,0.0,57,0,0,0,52,2,43,43,25,52,0,0,0,43,52,0,Generic,1,1
17260,9e-06,udp,dns,INT,2,0,114,0,111111.1072,254,0,50666664.0,0.0,0,0,0.009,0.0,0.0,0.0,0,0,0,0,0.0,0.0,0.0,57,0,0,0,52,2,43,43,25,52,0,0,0,43,52,0,Generic,1,1
17302,6e-06,udp,dns,INT,2,0,114,0,166666.6608,254,0,76000000.0,0.0,0,0,0.006,0.0,0.0,0.0,0,0,0,0,0.0,0.0,0.0,57,0,0,0,51,2,42,42,24,51,0,0,0,42,51,0,Generic,1,1
17304,2e-06,udp,dns,INT,2,0,114,0,500000.0013,254,0,228000000.0,0.0,0,0,0.002,0.0,0.0,0.0,0,0,0,0,0.0,0.0,0.0,57,0,0,0,43,2,43,43,25,43,0,0,0,45,43,0,Generic,1,1
17309,6e-06,udp,dns,INT,2,0,114,0,166666.6608,254,0,76000000.0,0.0,0,0,0.006,0.0,0.0,0.0,0,0,0,0,0.0,0.0,0.0,57,0,0,0,51,2,42,42,24,51,0,0,0,42,51,0,Generic,1,1
17317,6e-06,udp,dns,INT,2,0,114,0,166666.6608,254,0,76000000.0,0.0,0,0,0.006,0.0,0.0,0.0,0,0,0,0,0.0,0.0,0.0,57,0,0,0,51,2,42,42,24,51,0,0,0,42,51,0,Generic,1,1
17324,6e-06,udp,dns,INT,2,0,114,0,166666.6608,254,0,76000000.0,0.0,0,0,0.006,0.0,0.0,0.0,0,0,0,0,0.0,0.0,0.0,57,0,0,0,51,2,42,42,24,51,0,0,0,42,51,0,Generic,1,1
17328,6e-06,udp,dns,INT,2,0,114,0,166666.6608,254,0,76000000.0,0.0,0,0,0.006,0.0,0.0,0.0,0,0,0,0,0.0,0.0,0.0,57,0,0,0,51,2,42,42,24,51,0,0,0,42,51,0,Generic,1,1
17333,6e-06,udp,dns,INT,2,0,114,0,166666.6608,254,0,76000000.0,0.0,0,0,0.006,0.0,0.0,0.0,0,0,0,0,0.0,0.0,0.0,57,0,0,0,51,2,42,42,24,51,0,0,0,42,51,0,Generic,1,1
17339,4e-06,udp,dns,INT,2,0,114,0,250000.0006,254,0,114000000.0,0.0,0,0,0.004,0.0,0.0,0.0,0,0,0,0,0.0,0.0,0.0,57,0,0,0,51,2,42,42,18,51,0,0,0,42,51,0,Generic,1,1
17346,4e-06,udp,dns,INT,2,0,114,0,250000.0006,254,0,114000000.0,0.0,0,0,0.004,0.0,0.0,0.0,0,0,0,0,0.0,0.0,0.0,57,0,0,0,51,2,42,42,18,51,0,0,0,42,51,0,Generic,1,1
17352,4e-06,udp,dns,INT,2,0,114,0,250000.0006,254,0,114000000.0,0.0,0,0,0.004,0.0,0.0,0.0,0,0,0,0,0.0,0.0,0.0,57,0,0,0,51,2,42,42,18,51,0,0,0,42,51,0,Generic,1,1
17360,2e-06,udp,dns,INT,2,0,114,0,500000.0013,254,0,228000000.0,0.0,0,0,0.002,0.0,0.0,0.0,0,0,0,0,0.0,0.0,0.0,57,0,0,0,43,2,43,43,25,43,0,0,0,45,43,0,Generic,1,1
17365,2e-06,udp,dns,INT,2,0,114,0,500000.0013,254,0,228000000.0,0.0,0,0,0.002,0.0,0.0,0.0,0,0,0,0,0.0,0.0,0.0,57,0,0,0,43,2,43,43,25,43,0,0,0,45,43,0,Generic,1,1
17402,1e-05,udp,dns,INT,2,0,114,0,100000.0025,254,0,45600000.0,0.0,0,0,0.01,0.0,0.0,0.0,0,0,0,0,0.0,0.0,0.0,57,0,0,0,53,2,43,43,25,53,0,0,0,43,53,0,Generic,1,1
17408,1e-05,udp,dns,INT,2,0,114,0,100000.0025,254,0,45600000.0,0.0,0,0,0.01,0.0,0.0,0.0,0,0,0,0,0.0,0.0,0.0,57,0,0,0,53,2,43,43,25,53,0,0,0,43,53,0,Generic,1,1
17447,1e-05,udp,dns,INT,2,0,114,0,100000.0025,254,0,45600000.0,0.0,0,0,0.01,0.0,0.0,0.0,0,0,0,0,0.0,0.0,0.0,57,0,0,0,53,2,43,43,25,53,0,0,0,43,53,0,Generic,1,1
17454,1e-05,udp,dns,INT,2,0,114,0,100000.0025,254,0,45600000.0,0.0,0,0,0.01,0.0,0.0,0.0,0,0,0,0,0.0,0.0,0.0,57,0,0,0,53,2,43,43,25,53,0,0,0,43,53,0,Generic,1,1
17460,5e-06,udp,dns,INT,2,0,114,0,200000.0051,254,0,91200000.0,0.0,0,0,0.005,0.0,0.0,0.0,0,0,0,0,0.0,0.0,0.0,57,0,0,0,53,2,43,43,18,53,0,0,0,43,53,0,Generic,1,1
17467,5e-06,udp,dns,INT,2,0,114,0,200000.0051,254,0,91200000.0,0.0,0,0,0.005,0.0,0.0,0.0,0,0,0,0,0.0,0.0,0.0,57,0,0,0,53,2,43,43,18,53,0,0,0,43,53,0,Generic,1,1
17584,1e-06,udp,dns,INT,2,0,114,0,1000000.003,254,0,456000000.0,0.0,0,0,0.001,0.0,0.0,0.0,0,0,0,0,0.0,0.0,0.0,57,0,0,0,45,2,42,42,24,45,0,0,0,42,45,0,Generic,1,1
17590,1e-06,udp,dns,INT,2,0,114,0,1000000.003,254,0,456000000.0,0.0,0,0,0.001,0.0,0.0,0.0,0,0,0,0,0.0,0.0,0.0,57,0,0,0,45,2,42,42,24,45,0,0,0,42,45,0,Generic,1,1
17597,1e-06,udp,dns,INT,2,0,114,0,1000000.003,254,0,456000000.0,0.0,0,0,0.001,0.0,0.0,0.0,0,0,0,0,0.0,0.0,0.0,57,0,0,0,45,2,42,42,24,45,0,0,0,42,45,0,Generic,1,1
17633,2e-06,udp,dns,INT,2,0,114,0,500000.0013,254,0,228000000.0,0.0,0,0,0.002,0.0,0.0,0.0,0,0,0,0,0.0,0.0,0.0,57,0,0,0,43,2,43,43,25,43,0,0,0,45,43,0,Generic,1,1
17639,2e-06,udp,dns,INT,2,0,114,0,500000.0013,254,0,228000000.0,0.0,0,0,0.002,0.0,0.0,0.0,0,0,0,0,0.0,0.0,0.0,57,0,0,0,43,2,43,43,25,43,0,0,0,45,43,0,Generic,1,1
17733,1e-06,udp,dns,INT,2,0,114,0,1000000.003,254,0,456000000.0,0.0,0,0,0.001,0.0,0.0,0.0,0,0,0,0,0.0,0.0,0.0,57,0,0,0,43,2,43,43,18,43,0,0,0,43,43,0,Generic,1,1
17740,1e-06,udp,dns,INT,2,0,114,0,1000000.003,254,0,456000000.0,0.0,0,0,0.001,0.0,0.0,0.0,0,0,0,0,0.0,0.0,0.0,57,0,0,0,43,2,43,43,18,43,0,0,0,43,43,0,Generic,1,1
17766,4e-06,udp,dns,INT,2,0,114,0,250000.0006,254,0,114000000.0,0.0,0,0,0.004,0.0,0.0,0.0,0,0,0,0,0.0,0.0,0.0,57,0,0,0,51,2,43,43,25,51,0,0,0,43,51,0,Generic,1,1
17767,4e-06,udp,dns,INT,2,0,114,0,250000.0006,254,0,114000000.0,0.0,0,0,0.004,0.0,0.0,0.0,0,0,0,0,0.0,0.0,0.0,57,0,0,0,51,2,43,43,25,51,0,0,0,43,51,0,Generic,1,1
17770,4e-06,udp,dns,INT,2,0,114,0,250000.0006,254,0,114000000.0,0.0,0,0,0.004,0.0,0.0,0.0,0,0,0,0,0.0,0.0,0.0,57,0,0,0,51,2,43,43,25,51,0,0,0,43,51,0,Generic,1,1
17772,9e-06,udp,dns,INT,2,0,114,0,111111.1072,254,0,50666664.0,0.0,0,0,0.009,0.0,0.0,0.0,0,0,0,0,0.0,0.0,0.0,57,0,0,0,51,2,43,43,18,51,0,0,0,43,51,0,Generic,1,1
17776,9e-06,udp,dns,INT,2,0,114,0,111111.1072,254,0,50666664.0,0.0,0,0,0.009,0.0,0.0,0.0,0,0,0,0,0.0,0.0,0.0,57,0,0,0,51,2,43,43,18,51,0,0,0,43,51,0,Generic,1,1
17778,1e-06,udp,dns,INT,2,0,114,0,1000000.003,254,0,456000000.0,0.0,0,0,0.001,0.0,0.0,0.0,0,0,0,0,0.0,0.0,0.0,57,0,0,0,43,2,43,43,18,43,0,0,0,43,43,0,Generic,1,1
17814,1e-06,udp,dns,INT,2,0,114,0,1000000.003,254,0,456000000.0,0.0,0,0,0.001,0.0,0.0,0.0,0,0,0,0,0.0,0.0,0.0,57,0,0,0,43,2,26,25,25,44,0,0,0,28,43,0,Generic,1,1
17820,1e-06,udp,dns,INT,2,0,114,0,1000000.003,254,0,456000000.0,0.0,0,0,0.001,0.0,0.0,0.0,0,0,0,0,0.0,0.0,0.0,57,0,0,0,43,2,26,25,25,44,0,0,0,28,43,0,Generic,1,1
17830,6e-06,udp,dns,INT,2,0,114,0,166666.6608,254,0,76000000.0,0.0,0,0,0.006,0.0,0.0,0.0,0,0,0,0,0.0,0.0,0.0,57,0,0,0,50,2,43,43,25,50,0,0,0,44,50,0,Generic,1,1
17843,8e-06,udp,dns,INT,2,0,114,0,125000.0003,254,0,57000000.0,0.0,0,0,0.008,0.0,0.0,0.0,0,0,0,0,0.0,0.0,0.0,57,0,0,0,54,2,44,43,25,54,0,0,0,43,54,0,Generic,1,1
17850,3e-06,udp,dns,INT,2,0,114,0,333333.3215,254,0,152000000.0,0.0,0,0,0.003,0.0,0.0,0.0,0,0,0,0,0.0,0.0,0.0,57,0,0,0,54,2,44,43,18,54,0,0,0,43,54,0,Generic,1,1
17855,3e-06,udp,dns,INT,2,0,114,0,333333.3215,254,0,152000000.0,0.0,0,0,0.003,0.0,0.0,0.0,0,0,0,0,0.0,0.0,0.0,57,0,0,0,54,2,44,43,18,54,0,0,0,43,54,0,Generic,1,1
17872,6e-06,udp,dns,INT,2,0,114,0,166666.6608,254,0,76000000.0,0.0,0,0,0.006,0.0,0.0,0.0,0,0,0,0,0.0,0.0,0.0,57,0,0,0,50,2,43,43,25,50,0,0,0,44,50,0,Generic,1,1
17987,1e-05,udp,dns,INT,2,0,114,0,100000.0025,254,0,45600000.0,0.0,0,0,0.01,0.0,0.0,0.0,0,0,0,0,0.0,0.0,0.0,57,0,0,0,53,2,43,43,25,53,0,0,0,43,53,0,Generic,1,1
17992,1e-05,udp,dns,INT,2,0,114,0,100000.0025,254,0,45600000.0,0.0,0,0,0.01,0.0,0.0,0.0,0,0,0,0,0.0,0.0,0.0,57,0,0,0,53,2,43,43,25,53,0,0,0,43,53,0,Generic,1,1
17997,5e-06,udp,dns,INT,2,0,114,0,200000.0051,254,0,91200000.0,0.0,0,0,0.005,0.0,0.0,0.0,0,0,0,0,0.0,0.0,0.0,57,0,0,0,53,2,43,43,18,53,0,0,0,43,53,0,Generic,1,1
18002,5e-06,udp,dns,INT,2,0,114,0,200000.0051,254,0,91200000.0,0.0,0,0,0.005,0.0,0.0,0.0,0,0,0,0,0.0,0.0,0.0,57,0,0,0,53,2,43,43,18,53,0,0,0,43,53,0,Generic,1,1
18014,1e-06,udp,dns,INT,2,0,114,0,1000000.003,254,0,456000000.0,0.0,0,0,0.001,0.0,0.0,0.0,0,0,0,0,0.0,0.0,0.0,57,0,0,0,45,2,41,41,24,45,0,0,0,41,45,0,Generic,1,1
18019,1e-06,udp,dns,INT,2,0,114,0,1000000.003,254,0,456000000.0,0.0,0,0,0.001,0.0,0.0,0.0,0,0,0,0,0.0,0.0,0.0,57,0,0,0,45,2,41,41,24,45,0,0,0,41,45,0,Generic,1,1
18025,1e-06,udp,dns,INT,2,0,114,0,1000000.003,254,0,456000000.0,0.0,0,0,0.001,0.0,0.0,0.0,0,0,0,0,0.0,0.0,0.0,57,0,0,0,45,2,41,41,24,45,0,0,0,41,45,0,Generic,1,1
18029,1e-06,udp,dns,INT,2,0,114,0,1000000.003,254,0,456000000.0,0.0,0,0,0.001,0.0,0.0,0.0,0,0,0,0,0.0,0.0,0.0,57,0,0,0,43,2,26,25,25,44,0,0,0,28,43,0,Generic,1,1
18035,1e-06,udp,dns,INT,2,0,114,0,1000000.003,254,0,456000000.0,0.0,0,0,0.001,0.0,0.0,0.0,0,0,0,0,0.0,0.0,0.0,57,0,0,0,45,2,41,41,24,45,0,0,0,41,45,0,Generic,1,1
18037,1e-06,udp,dns,INT,2,0,114,0,1000000.003,254,0,456000000.0,0.0,0,0,0.001,0.0,0.0,0.0,0,0,0,0,0.0,0.0,0.0,57,0,0,0,43,2,26,25,25,44,0,0,0,28,43,0,Generic,1,1
18043,1e-06,udp,dns,INT,2,0,114,0,1000000.003,254,0,456000000.0,0.0,0,0,0.001,0.0,0.0,0.0,0,0,0,0,0.0,0.0,0.0,57,0,0,0,43,2,26,25,25,44,0,0,0,28,43,0,Generic,1,1
18049,1e-06,udp,dns,INT,2,0,114,0,1000000.003,254,0,456000000.0,0.0,0,0,0.001,0.0,0.0,0.0,0,0,0,0,0.0,0.0,0.0,57,0,0,0,43,2,26,25,25,44,0,0,0,28,43,0,Generic,1,1
18056,1e-06,udp,dns,INT,2,0,114,0,1000000.003,254,0,456000000.0,0.0,0,0,0.001,0.0,0.0,0.0,0,0,0,0,0.0,0.0,0.0,57,0,0,0,43,2,26,25,25,44,0,0,0,28,43,0,Generic,1,1
18186,1e-06,udp,dns,INT,2,0,114,0,1000000.003,254,0,456000000.0,0.0,0,0,0.001,0.0,0.0,0.0,0,0,0,0,0.0,0.0,0.0,57,0,0,0,43,2,43,43,18,43,0,0,0,43,43,0,Generic,1,1
18192,1e-06,udp,dns,INT,2,0,114,0,1000000.003,254,0,456000000.0,0.0,0,0,0.001,0.0,0.0,0.0,0,0,0,0,0.0,0.0,0.0,57,0,0,0,43,2,43,43,18,43,0,0,0,43,43,0,Generic,1,1
18200,6e-06,udp,dns,INT,2,0,114,0,166666.6608,254,0,76000000.0,0.0,0,0,0.006,0.0,0.0,0.0,0,0,0,0,0.0,0.0,0.0,57,0,0,0,50,2,43,43,25,50,0,0,0,44,50,0,Generic,1,1
18437,6e-06,udp,dns,INT,2,0,114,0,166666.6608,254,0,76000000.0,0.0,0,0,0.006,0.0,0.0,0.0,0,0,0,0,0.0,0.0,0.0,57,0,0,0,51,2,40,40,22,51,0,0,0,40,51,0,Generic,1,1
18441,6e-06,udp,dns,INT,2,0,114,0,166666.6608,254,0,76000000.0,0.0,0,0,0.006,0.0,0.0,0.0,0,0,0,0,0.0,0.0,0.0,57,0,0,0,51,2,40,40,22,51,0,0,0,40,51,0,Generic,1,1
18449,6e-06,udp,dns,INT,2,0,114,0,166666.6608,254,0,76000000.0,0.0,0,0,0.006,0.0,0.0,0.0,0,0,0,0,0.0,0.0,0.0,57,0,0,0,51,2,40,40,22,51,0,0,0,40,51,0,Generic,1,1
18486,3.5e-05,udp,dns,INT,2,0,114,0,28571.42781,254,0,13028571.0,0.0,0,0,0.035,0.0,0.0,0.0,0,0,0,0,0.0,0.0,0.0,57,0,0,0,51,2,40,40,18,51,0,0,0,40,51,0,Generic,1,1
18609,6e-06,udp,dns,INT,2,0,114,0,166666.6608,254,0,76000000.0,0.0,0,0,0.006,0.0,0.0,0.0,0,0,0,0,0.0,0.0,0.0,57,0,0,0,50,2,43,43,25,50,0,0,0,44,50,0,Generic,1,1
18616,1e-06,udp,dns,INT,2,0,114,0,1000000.003,254,0,456000000.0,0.0,0,0,0.001,0.0,0.0,0.0,0,0,0,0,0.0,0.0,0.0,57,0,0,0,45,2,41,41,24,45,0,0,0,41,45,0,Generic,1,1
18623,1e-06,udp,dns,INT,2,0,114,0,1000000.003,254,0,456000000.0,0.0,0,0,0.001,0.0,0.0,0.0,0,0,0,0,0.0,0.0,0.0,57,0,0,0,45,2,41,41,24,45,0,0,0,41,45,0,Generic,1,1
18635,6e-06,udp,dns,INT,2,0,114,0,166666.6608,254,0,76000000.0,0.0,0,0,0.006,0.0,0.0,0.0,0,0,0,0,0.0,0.0,0.0,57,0,0,0,50,2,43,43,25,50,0,0,0,44,50,0,Generic,1,1
18641,6e-06,udp,dns,INT,2,0,114,0,166666.6608,254,0,76000000.0,0.0,0,0,0.006,0.0,0.0,0.0,0,0,0,0,0.0,0.0,0.0,57,0,0,0,50,2,43,43,25,50,0,0,0,44,50,0,Generic,1,1
18681,6e-06,udp,dns,INT,2,0,114,0,166666.6608,254,0,76000000.0,0.0,0,0,0.006,0.0,0.0,0.0,0,0,0,0,0.0,0.0,0.0,57,0,0,0,50,2,43,43,25,50,0,0,0,44,50,0,Generic,1,1
18705,9e-06,udp,dns,INT,2,0,114,0,111111.1072,254,0,50666664.0,0.0,0,0,0.009,0.0,0.0,0.0,0,0,0,0,0.0,0.0,0.0,57,0,0,0,52,2,43,43,25,52,0,0,0,43,52,0,Generic,1,1
18715,9e-06,udp,dns,INT,2,0,114,0,111111.1072,254,0,50666664.0,0.0,0,0,0.009,0.0,0.0,0.0,0,0,0,0,0.0,0.0,0.0,57,0,0,0,52,2,43,43,25,52,0,0,0,43,52,0,Generic,1,1
18722,9e-06,udp,dns,INT,2,0,114,0,111111.1072,254,0,50666664.0,0.0,0,0,0.009,0.0,0.0,0.0,0,0,0,0,0.0,0.0,0.0,57,0,0,0,52,2,43,43,25,52,0,0,0,43,52,0,Generic,1,1
18753,3e-06,udp,dns,INT,2,0,114,0,333333.3215,254,0,152000000.0,0.0,0,0,0.003,0.0,0.0,0.0,0,0,0,0,0.0,0.0,0.0,57,0,0,0,52,2,43,43,18,52,0,0,0,43,52,0,Generic,1,1
18761,3e-06,udp,dns,INT,2,0,114,0,333333.3215,254,0,152000000.0,0.0,0,0,0.003,0.0,0.0,0.0,0,0,0,0,0.0,0.0,0.0,57,0,0,0,52,2,43,43,18,52,0,0,0,43,52,0,Generic,1,1
18766,3e-06,udp,dns,INT,2,0,114,0,333333.3215,254,0,152000000.0,0.0,0,0,0.003,0.0,0.0,0.0,0,0,0,0,0.0,0.0,0.0,57,0,0,0,52,2,43,43,18,52,0,0,0,43,52,0,Generic,1,1
18802,1e-06,udp,dns,INT,2,0,114,0,1000000.003,254,0,456000000.0,0.0,0,0,0.001,0.0,0.0,0.0,0,0,0,0,0.0,0.0,0.0,57,0,0,0,45,2,42,42,24,45,0,0,0,42,45,0,Generic,1,1
18808,1e-06,udp,dns,INT,2,0,114,0,1000000.003,254,0,456000000.0,0.0,0,0,0.001,0.0,0.0,0.0,0,0,0,0,0.0,0.0,0.0,57,0,0,0,45,2,42,42,24,45,0,0,0,42,45,0,Generic,1,1
18809,3e-06,udp,dns,INT,2,0,114,0,333333.3215,254,0,152000000.0,0.0,0,0,0.003,0.0,0.0,0.0,0,0,0,0,0.0,0.0,0.0,57,0,0,0,50,2,44,43,25,50,0,0,0,43,50,0,Generic,1,1
18816,1e-06,udp,dns,INT,2,0,114,0,1000000.003,254,0,456000000.0,0.0,0,0,0.001,0.0,0.0,0.0,0,0,0,0,0.0,0.0,0.0,57,0,0,0,45,2,42,42,24,45,0,0,0,42,45,0,Generic,1,1
18822,1e-06,udp,dns,INT,2,0,114,0,1000000.003,254,0,456000000.0,0.0,0,0,0.001,0.0,0.0,0.0,0,0,0,0,0.0,0.0,0.0,57,0,0,0,45,2,42,42,24,45,0,0,0,42,45,0,Generic,1,1
18917,1e-06,udp,dns,INT,2,0,114,0,1000000.003,254,0,456000000.0,0.0,0,0,0.001,0.0,0.0,0.0,0,0,0,0,0.0,0.0,0.0,57,0,0,0,43,2,26,25,25,44,0,0,0,28,43,0,Generic,1,1
18928,1e-06,udp,dns,INT,2,0,114,0,1000000.003,254,0,456000000.0,0.0,0,0,0.001,0.0,0.0,0.0,0,0,0,0,0.0,0.0,0.0,57,0,0,0,45,2,42,42,24,45,0,0,0,42,45,0,Generic,1,1
18954,1e-06,udp,dns,INT,2,0,114,0,1000000.003,254,0,456000000.0,0.0,0,0,0.001,0.0,0.0,0.0,0,0,0,0,0.0,0.0,0.0,57,0,0,0,43,2,26,25,25,44,0,0,0,28,43,0,Generic,1,1
18960,1e-06,udp,dns,INT,2,0,114,0,1000000.003,254,0,456000000.0,0.0,0,0,0.001,0.0,0.0,0.0,0,0,0,0,0.0,0.0,0.0,57,0,0,0,43,2,26,25,25,44,0,0,0,28,43,0,Generic,1,1
19113,1e-06,udp,dns,INT,2,0,114,0,1000000.003,254,0,456000000.0,0.0,0,0,0.001,0.0,0.0,0.0,0,0,0,0,0.0,0.0,0.0,57,0,0,0,45,2,41,41,24,45,0,0,0,41,45,0,Generic,1,1
19118,1e-06,udp,dns,INT,2,0,114,0,1000000.003,254,0,456000000.0,0.0,0,0,0.001,0.0,0.0,0.0,0,0,0,0,0.0,0.0,0.0,57,0,0,0,45,2,41,41,24,45,0,0,0,41,45,0,Generic,1,1
19122,1e-06,udp,dns,INT,2,0,114,0,1000000.003,254,0,456000000.0,0.0,0,0,0.001,0.0,0.0,0.0,0,0,0,0,0.0,0.0,0.0,57,0,0,0,45,2,41,41,24,45,0,0,0,41,45,0,Generic,1,1
19127,1e-06,udp,dns,INT,2,0,114,0,1000000.003,254,0,456000000.0,0.0,0,0,0.001,0.0,0.0,0.0,0,0,0,0,0.0,0.0,0.0,57,0,0,0,45,2,41,41,24,45,0,0,0,41,45,0,Generic,1,1
19134,1e-06,udp,dns,INT,2,0,114,0,1000000.003,254,0,456000000.0,0.0,0,0,0.001,0.0,0.0,0.0,0,0,0,0,0.0,0.0,0.0,57,0,0,0,45,2,41,41,24,45,0,0,0,41,45,0,Generic,1,1
19204,8e-06,udp,dns,INT,2,0,114,0,125000.0003,254,0,57000000.0,0.0,0,0,0.008,0.0,0.0,0.0,0,0,0,0,0.0,0.0,0.0,57,0,0,0,58,2,43,43,18,58,0,0,0,43,58,0,Generic,1,1
19329,3e-06,udp,dns,INT,2,0,114,0,333333.3215,254,0,152000000.0,0.0,0,0,0.003,0.0,0.0,0.0,0,0,0,0,0.0,0.0,0.0,57,0,0,0,48,2,42,42,25,48,0,0,0,42,48,0,Generic,1,1
19334,3e-06,udp,dns,INT,2,0,114,0,333333.3215,254,0,152000000.0,0.0,0,0,0.003,0.0,0.0,0.0,0,0,0,0,0.0,0.0,0.0,57,0,0,0,48,2,42,42,25,48,0,0,0,42,48,0,Generic,1,1
19337,3e-06,udp,dns,INT,2,0,114,0,333333.3215,254,0,152000000.0,0.0,0,0,0.003,0.0,0.0,0.0,0,0,0,0,0.0,0.0,0.0,57,0,0,0,48,2,42,42,25,48,0,0,0,42,48,0,Generic,1,1
19373,3e-06,udp,dns,INT,2,0,114,0,333333.3215,254,0,152000000.0,0.0,0,0,0.003,0.0,0.0,0.0,0,0,0,0,0.0,0.0,0.0,57,0,0,0,48,2,42,42,25,48,0,0,0,42,48,0,Generic,1,1
19446,4e-06,udp,dns,INT,2,0,114,0,250000.0006,254,0,114000000.0,0.0,0,0,0.004,0.0,0.0,0.0,0,0,0,0,0.0,0.0,0.0,57,0,0,0,58,2,43,43,25,58,0,0,0,43,58,0,Generic,1,1
19450,4e-06,udp,dns,INT,2,0,114,0,250000.0006,254,0,114000000.0,0.0,0,0,0.004,0.0,0.0,0.0,0,0,0,0,0.0,0.0,0.0,57,0,0,0,58,2,43,43,25,58,0,0,0,43,58,0,Generic,1,1
19454,4e-06,udp,dns,INT,2,0,114,0,250000.0006,254,0,114000000.0,0.0,0,0,0.004,0.0,0.0,0.0,0,0,0,0,0.0,0.0,0.0,57,0,0,0,58,2,43,43,25,58,0,0,0,43,58,0,Generic,1,1
19459,4e-06,udp,dns,INT,2,0,114,0,250000.0006,254,0,114000000.0,0.0,0,0,0.004,0.0,0.0,0.0,0,0,0,0,0.0,0.0,0.0,57,0,0,0,58,2,43,43,25,58,0,0,0,43,58,0,Generic,1,1
19462,8e-06,udp,dns,INT,2,0,114,0,125000.0003,254,0,57000000.0,0.0,0,0,0.008,0.0,0.0,0.0,0,0,0,0,0.0,0.0,0.0,57,0,0,0,58,2,43,43,18,58,0,0,0,43,58,0,Generic,1,1
19466,8e-06,udp,dns,INT,2,0,114,0,125000.0003,254,0,57000000.0,0.0,0,0,0.008,0.0,0.0,0.0,0,0,0,0,0.0,0.0,0.0,57,0,0,0,58,2,43,43,18,58,0,0,0,43,58,0,Generic,1,1
19471,8e-06,udp,dns,INT,2,0,114,0,125000.0003,254,0,57000000.0,0.0,0,0,0.008,0.0,0.0,0.0,0,0,0,0,0.0,0.0,0.0,57,0,0,0,58,2,43,43,18,58,0,0,0,43,58,0,Generic,1,1
19523,1e-06,udp,dns,INT,2,0,114,0,1000000.003,254,0,456000000.0,0.0,0,0,0.001,0.0,0.0,0.0,0,0,0,0,0.0,0.0,0.0,57,0,0,0,45,2,42,42,24,45,0,0,0,42,45,0,Generic,1,1
19552,1e-06,udp,dns,INT,2,0,114,0,1000000.003,254,0,456000000.0,0.0,0,0,0.001,0.0,0.0,0.0,0,0,0,0,0.0,0.0,0.0,57,0,0,0,45,2,42,42,24,45,0,0,0,42,45,0,Generic,1,1
19556,1e-06,udp,dns,INT,2,0,114,0,1000000.003,254,0,456000000.0,0.0,0,0,0.001,0.0,0.0,0.0,0,0,0,0,0.0,0.0,0.0,57,0,0,0,45,2,42,42,24,45,0,0,0,42,45,0,Generic,1,1
19561,1e-06,udp,dns,INT,2,0,114,0,1000000.003,254,0,456000000.0,0.0,0,0,0.001,0.0,0.0,0.0,0,0,0,0,0.0,0.0,0.0,57,0,0,0,45,2,42,42,24,45,0,0,0,42,45,0,Generic,1,1
19565,1e-06,udp,dns,INT,2,0,114,0,1000000.003,254,0,456000000.0,0.0,0,0,0.001,0.0,0.0,0.0,0,0,0,0,0.0,0.0,0.0,57,0,0,0,45,2,42,42,24,45,0,0,0,42,45,0,Generic,1,1
19630,9e-06,udp,dns,INT,2,0,114,0,111111.1072,254,0,50666664.0,0.0,0,0,0.009,0.0,0.0,0.0,0,0,0,0,0.0,0.0,0.0,57,0,0,0,52,2,43,43,25,52,0,0,0,43,52,0,Generic,1,1
19634,9e-06,udp,dns,INT,2,0,114,0,111111.1072,254,0,50666664.0,0.0,0,0,0.009,0.0,0.0,0.0,0,0,0,0,0.0,0.0,0.0,57,0,0,0,52,2,43,43,25,52,0,0,0,43,52,0,Generic,1,1
19637,9e-06,udp,dns,INT,2,0,114,0,111111.1072,254,0,50666664.0,0.0,0,0,0.009,0.0,0.0,0.0,0,0,0,0,0.0,0.0,0.0,57,0,0,0,52,2,43,43,25,52,0,0,0,43,52,0,Generic,1,1
19641,9e-06,udp,dns,INT,2,0,114,0,111111.1072,254,0,50666664.0,0.0,0,0,0.009,0.0,0.0,0.0,0,0,0,0,0.0,0.0,0.0,57,0,0,0,52,2,43,43,25,52,0,0,0,43,52,0,Generic,1,1
19643,3e-06,udp,dns,INT,2,0,114,0,333333.3215,254,0,152000000.0,0.0,0,0,0.003,0.0,0.0,0.0,0,0,0,0,0.0,0.0,0.0,57,0,0,0,52,2,43,43,18,52,0,0,0,43,52,0,Generic,1,1
19647,3e-06,udp,dns,INT,2,0,114,0,333333.3215,254,0,152000000.0,0.0,0,0,0.003,0.0,0.0,0.0,0,0,0,0,0.0,0.0,0.0,57,0,0,0,52,2,43,43,18,52,0,0,0,43,52,0,Generic,1,1
19893,4e-06,udp,dns,INT,2,0,114,0,250000.0006,254,0,114000000.0,0.0,0,0,0.004,0.0,0.0,0.0,0,0,0,0,0.0,0.0,0.0,57,0,0,0,58,2,43,43,25,58,0,0,0,43,58,0,Generic,1,1
19897,4e-06,udp,dns,INT,2,0,114,0,250000.0006,254,0,114000000.0,0.0,0,0,0.004,0.0,0.0,0.0,0,0,0,0,0.0,0.0,0.0,57,0,0,0,58,2,43,43,25,58,0,0,0,43,58,0,Generic,1,1
19918,8e-06,udp,dns,INT,2,0,114,0,125000.0003,254,0,57000000.0,0.0,0,0,0.008,0.0,0.0,0.0,0,0,0,0,0.0,0.0,0.0,57,0,0,0,58,2,43,43,18,58,0,0,0,43,58,0,Generic,1,1
19922,8e-06,udp,dns,INT,2,0,114,0,125000.0003,254,0,57000000.0,0.0,0,0,0.008,0.0,0.0,0.0,0,0,0,0,0.0,0.0,0.0,57,0,0,0,58,2,43,43,18,58,0,0,0,43,58,0,Generic,1,1
20008,2e-06,udp,dns,INT,2,0,114,0,500000.0013,254,0,228000000.0,0.0,0,0,0.002,0.0,0.0,0.0,0,0,0,0,0.0,0.0,0.0,57,0,0,0,45,2,43,43,18,45,0,0,0,43,45,0,Generic,1,1
20010,9e-06,udp,dns,INT,2,0,114,0,111111.1072,254,0,50666664.0,0.0,0,0,0.009,0.0,0.0,0.0,0,0,0,0,0.0,0.0,0.0,57,0,0,0,52,2,43,43,25,52,0,0,0,43,52,0,Generic,1,1
20025,9e-06,udp,dns,INT,2,0,114,0,111111.1072,254,0,50666664.0,0.0,0,0,0.009,0.0,0.0,0.0,0,0,0,0,0.0,0.0,0.0,57,0,0,0,52,2,43,43,25,52,0,0,0,43,52,0,Generic,1,1
20029,9e-06,udp,dns,INT,2,0,114,0,111111.1072,254,0,50666664.0,0.0,0,0,0.009,0.0,0.0,0.0,0,0,0,0,0.0,0.0,0.0,57,0,0,0,52,2,43,43,25,52,0,0,0,43,52,0,Generic,1,1
20033,9e-06,udp,dns,INT,2,0,114,0,111111.1072,254,0,50666664.0,0.0,0,0,0.009,0.0,0.0,0.0,0,0,0,0,0.0,0.0,0.0,57,0,0,0,52,2,43,43,25,52,0,0,0,43,52,0,Generic,1,1
20036,3e-06,udp,dns,INT,2,0,114,0,333333.3215,254,0,152000000.0,0.0,0,0,0.003,0.0,0.0,0.0,0,0,0,0,0.0,0.0,0.0,57,0,0,0,52,2,43,43,18,52,0,0,0,43,52,0,Generic,1,1
20039,3e-06,udp,dns,INT,2,0,114,0,333333.3215,254,0,152000000.0,0.0,0,0,0.003,0.0,0.0,0.0,0,0,0,0,0.0,0.0,0.0,57,0,0,0,52,2,43,43,18,52,0,0,0,43,52,0,Generic,1,1
20043,2e-06,udp,dns,INT,2,0,114,0,500000.0013,254,0,228000000.0,0.0,0,0,0.002,0.0,0.0,0.0,0,0,0,0,0.0,0.0,0.0,57,0,0,0,45,2,43,43,18,45,0,0,0,43,45,0,Generic,1,1
20048,3.053753,tcp,-,FIN,82,490,4326,663791,186.98304,62,252,11196.71484,1735404.375,2,243,37.700656,6.219971,1891.283429,769.292451,255,2341364009,1326943649,255,0.057696,0.011468,0.046228,53,1355,1,320532,1,1,1,1,1,1,0,0,1,1,1,0,Generic,1,1
20057,3e-06,udp,dns,INT,2,0,114,0,333333.3215,254,0,152000000.0,0.0,0,0,0.003,0.0,0.0,0.0,0,0,0,0,0.0,0.0,0.0,57,0,0,0,52,2,43,43,18,52,0,0,0,43,52,0,Generic,1,1
20059,2e-06,udp,dns,INT,2,0,114,0,500000.0013,254,0,228000000.0,0.0,0,0,0.002,0.0,0.0,0.0,0,0,0,0,0.0,0.0,0.0,57,0,0,0,45,2,43,43,18,45,0,0,0,43,45,0,Generic,1,1
20259,8e-06,udp,dns,INT,2,0,114,0,125000.0003,254,0,57000000.0,0.0,0,0,0.008,0.0,0.0,0.0,0,0,0,0,0.0,0.0,0.0,57,0,0,0,54,2,44,43,25,54,0,0,0,43,54,0,Generic,1,1
20264,8e-06,udp,dns,INT,2,0,114,0,125000.0003,254,0,57000000.0,0.0,0,0,0.008,0.0,0.0,0.0,0,0,0,0,0.0,0.0,0.0,57,0,0,0,54,2,44,43,25,54,0,0,0,43,54,0,Generic,1,1
20268,8e-06,udp,dns,INT,2,0,114,0,125000.0003,254,0,57000000.0,0.0,0,0,0.008,0.0,0.0,0.0,0,0,0,0,0.0,0.0,0.0,57,0,0,0,54,2,44,43,25,54,0,0,0,43,54,0,Generic,1,1
20273,3e-06,udp,dns,INT,2,0,114,0,333333.3215,254,0,152000000.0,0.0,0,0,0.003,0.0,0.0,0.0,0,0,0,0,0.0,0.0,0.0,57,0,0,0,54,2,44,43,18,54,0,0,0,43,54,0,Generic,1,1
20291,3e-06,udp,dns,INT,2,0,114,0,333333.3215,254,0,152000000.0,0.0,0,0,0.003,0.0,0.0,0.0,0,0,0,0,0.0,0.0,0.0,57,0,0,0,54,2,44,43,18,54,0,0,0,43,54,0,Generic,1,1
20295,3e-06,udp,dns,INT,2,0,114,0,333333.3215,254,0,152000000.0,0.0,0,0,0.003,0.0,0.0,0.0,0,0,0,0,0.0,0.0,0.0,57,0,0,0,54,2,44,43,18,54,0,0,0,43,54,0,Generic,1,1
20494,3e-06,udp,dns,INT,2,0,114,0,333333.3215,254,0,152000000.0,0.0,0,0,0.003,0.0,0.0,0.0,0,0,0,0,0.0,0.0,0.0,57,0,0,0,48,2,42,42,25,48,0,0,0,42,48,0,Generic,1,1
20516,2e-06,udp,dns,INT,2,0,114,0,500000.0013,254,0,228000000.0,0.0,0,0,0.002,0.0,0.0,0.0,0,0,0,0,0.0,0.0,0.0,57,0,0,0,45,2,43,43,18,45,0,0,0,43,45,0,Generic,1,1
20518,2e-06,udp,dns,INT,2,0,114,0,500000.0013,254,0,228000000.0,0.0,0,0,0.002,0.0,0.0,0.0,0,0,0,0,0.0,0.0,0.0,57,0,0,0,45,2,43,43,18,45,0,0,0,43,45,0,Generic,1,1
20608,3e-06,udp,dns,INT,2,0,114,0,333333.3215,254,0,152000000.0,0.0,0,0,0.003,0.0,0.0,0.0,0,0,0,0,0.0,0.0,0.0,57,0,0,0,48,2,42,42,25,48,0,0,0,42,48,0,Generic,1,1
20612,3e-06,udp,dns,INT,2,0,114,0,333333.3215,254,0,152000000.0,0.0,0,0,0.003,0.0,0.0,0.0,0,0,0,0,0.0,0.0,0.0,57,0,0,0,48,2,42,42,25,48,0,0,0,42,48,0,Generic,1,1
20615,3e-06,udp,dns,INT,2,0,114,0,333333.3215,254,0,152000000.0,0.0,0,0,0.003,0.0,0.0,0.0,0,0,0,0,0.0,0.0,0.0,57,0,0,0,48,2,42,42,25,48,0,0,0,42,48,0,Generic,1,1
20634,3e-06,udp,dns,INT,2,0,114,0,333333.3215,254,0,152000000.0,0.0,0,0,0.003,0.0,0.0,0.0,0,0,0,0,0.0,0.0,0.0,57,0,0,0,48,2,42,42,25,48,0,0,0,42,48,0,Generic,1,1
20637,3e-06,udp,dns,INT,2,0,114,0,333333.3215,254,0,152000000.0,0.0,0,0,0.003,0.0,0.0,0.0,0,0,0,0,0.0,0.0,0.0,57,0,0,0,48,2,42,42,25,48,0,0,0,42,48,0,Generic,1,1
20774,2e-06,udp,dns,INT,2,0,114,0,500000.0013,254,0,228000000.0,0.0,0,0,0.002,0.0,0.0,0.0,0,0,0,0,0.0,0.0,0.0,57,0,0,0,45,2,43,43,18,45,0,0,0,43,45,0,Generic,1,1
20778,2e-06,udp,dns,INT,2,0,114,0,500000.0013,254,0,228000000.0,0.0,0,0,0.002,0.0,0.0,0.0,0,0,0,0,0.0,0.0,0.0,57,0,0,0,45,2,43,43,18,45,0,0,0,43,45,0,Generic,1,1
21232,9e-06,udp,dns,INT,2,0,114,0,111111.1072,254,0,50666664.0,0.0,0,0,0.009,0.0,0.0,0.0,0,0,0,0,0.0,0.0,0.0,57,0,0,0,52,2,43,43,25,52,0,0,0,43,52,0,Generic,1,1
21235,9e-06,udp,dns,INT,2,0,114,0,111111.1072,254,0,50666664.0,0.0,0,0,0.009,0.0,0.0,0.0,0,0,0,0,0.0,0.0,0.0,57,0,0,0,52,2,43,43,25,52,0,0,0,43,52,0,Generic,1,1
21239,9e-06,udp,dns,INT,2,0,114,0,111111.1072,254,0,50666664.0,0.0,0,0,0.009,0.0,0.0,0.0,0,0,0,0,0.0,0.0,0.0,57,0,0,0,52,2,43,43,25,52,0,0,0,43,52,0,Generic,1,1
21241,9e-06,udp,dns,INT,2,0,114,0,111111.1072,254,0,50666664.0,0.0,0,0,0.009,0.0,0.0,0.0,0,0,0,0,0.0,0.0,0.0,57,0,0,0,52,2,43,43,25,52,0,0,0,43,52,0,Generic,1,1
21245,3e-06,udp,dns,INT,2,0,114,0,333333.3215,254,0,152000000.0,0.0,0,0,0.003,0.0,0.0,0.0,0,0,0,0,0.0,0.0,0.0,57,0,0,0,52,2,43,43,18,52,0,0,0,43,52,0,Generic,1,1
21247,3e-06,udp,dns,INT,2,0,114,0,333333.3215,254,0,152000000.0,0.0,0,0,0.003,0.0,0.0,0.0,0,0,0,0,0.0,0.0,0.0,57,0,0,0,52,2,43,43,18,52,0,0,0,43,52,0,Generic,1,1
21347,2e-06,udp,dns,INT,2,0,114,0,500000.0013,254,0,228000000.0,0.0,0,0,0.002,0.0,0.0,0.0,0,0,0,0,0.0,0.0,0.0,57,0,0,0,45,2,43,43,18,45,0,0,0,43,45,0,Generic,1,1
21350,2e-06,udp,dns,INT,2,0,114,0,500000.0013,254,0,228000000.0,0.0,0,0,0.002,0.0,0.0,0.0,0,0,0,0,0.0,0.0,0.0,57,0,0,0,45,2,43,43,18,45,0,0,0,43,45,0,Generic,1,1
21355,2e-06,udp,dns,INT,2,0,114,0,500000.0013,254,0,228000000.0,0.0,0,0,0.002,0.0,0.0,0.0,0,0,0,0,0.0,0.0,0.0,57,0,0,0,45,2,43,43,18,45,0,0,0,43,45,0,Generic,1,1
21371,8e-06,udp,dns,INT,2,0,114,0,125000.0003,254,0,57000000.0,0.0,0,0,0.008,0.0,0.0,0.0,0,0,0,0,0.0,0.0,0.0,57,0,0,0,54,2,44,43,25,54,0,0,0,43,54,0,Generic,1,1
21373,8e-06,udp,dns,INT,2,0,114,0,125000.0003,254,0,57000000.0,0.0,0,0,0.008,0.0,0.0,0.0,0,0,0,0,0.0,0.0,0.0,57,0,0,0,54,2,44,43,25,54,0,0,0,43,54,0,Generic,1,1
21376,8e-06,udp,dns,INT,2,0,114,0,125000.0003,254,0,57000000.0,0.0,0,0,0.008,0.0,0.0,0.0,0,0,0,0,0.0,0.0,0.0,57,0,0,0,54,2,44,43,25,54,0,0,0,43,54,0,Generic,1,1
21379,8e-06,udp,dns,INT,2,0,114,0,125000.0003,254,0,57000000.0,0.0,0,0,0.008,0.0,0.0,0.0,0,0,0,0,0.0,0.0,0.0,57,0,0,0,54,2,44,43,25,54,0,0,0,43,54,0,Generic,1,1
21382,3e-06,udp,dns,INT,2,0,114,0,333333.3215,254,0,152000000.0,0.0,0,0,0.003,0.0,0.0,0.0,0,0,0,0,0.0,0.0,0.0,57,0,0,0,54,2,44,43,18,54,0,0,0,43,54,0,Generic,1,1
21385,3e-06,udp,dns,INT,2,0,114,0,333333.3215,254,0,152000000.0,0.0,0,0,0.003,0.0,0.0,0.0,0,0,0,0,0.0,0.0,0.0,57,0,0,0,54,2,44,43,18,54,0,0,0,43,54,0,Generic,1,1
21388,3e-06,udp,dns,INT,2,0,114,0,333333.3215,254,0,152000000.0,0.0,0,0,0.003,0.0,0.0,0.0,0,0,0,0,0.0,0.0,0.0,57,0,0,0,54,2,44,43,18,54,0,0,0,43,54,0,Generic,1,1
21391,3e-06,udp,dns,INT,2,0,114,0,333333.3215,254,0,152000000.0,0.0,0,0,0.003,0.0,0.0,0.0,0,0,0,0,0.0,0.0,0.0,57,0,0,0,54,2,44,43,18,54,0,0,0,43,54,0,Generic,1,1
21428,9e-06,udp,dns,INT,2,0,114,0,111111.1072,254,0,50666664.0,0.0,0,0,0.009,0.0,0.0,0.0,0,0,0,0,0.0,0.0,0.0,57,0,0,0,52,2,43,43,25,52,0,0,0,43,52,0,Generic,1,1
21433,7e-06,udp,dns,INT,2,0,114,0,142857.1409,254,0,65142856.0,0.0,0,0,0.007,0.0,0.0,0.0,0,0,0,0,0.0,0.0,0.0,57,0,0,0,52,2,43,43,18,52,0,0,0,43,52,0,Generic,1,1
21435,7e-06,udp,dns,INT,2,0,114,0,142857.1409,254,0,65142856.0,0.0,0,0,0.007,0.0,0.0,0.0,0,0,0,0,0.0,0.0,0.0,57,0,0,0,52,2,43,43,18,52,0,0,0,43,52,0,Generic,1,1
21437,7e-06,udp,dns,INT,2,0,114,0,142857.1409,254,0,65142856.0,0.0,0,0,0.007,0.0,0.0,0.0,0,0,0,0,0.0,0.0,0.0,57,0,0,0,52,2,43,43,18,52,0,0,0,43,52,0,Generic,1,1
21463,3e-06,udp,dns,INT,2,0,114,0,333333.3215,254,0,152000000.0,0.0,0,0,0.003,0.0,0.0,0.0,0,0,0,0,0.0,0.0,0.0,57,0,0,0,50,2,43,43,25,50,0,0,0,43,50,0,Generic,1,1
21467,3e-06,udp,dns,INT,2,0,114,0,333333.3215,254,0,152000000.0,0.0,0,0,0.003,0.0,0.0,0.0,0,0,0,0,0.0,0.0,0.0,57,0,0,0,50,2,43,43,25,50,0,0,0,43,50,0,Generic,1,1
21471,3e-06,udp,dns,INT,2,0,114,0,333333.3215,254,0,152000000.0,0.0,0,0,0.003,0.0,0.0,0.0,0,0,0,0,0.0,0.0,0.0,57,0,0,0,50,2,43,43,25,50,0,0,0,43,50,0,Generic,1,1
21601,4e-06,udp,dns,INT,2,0,114,0,250000.0006,254,0,114000000.0,0.0,0,0,0.004,0.0,0.0,0.0,0,0,0,0,0.0,0.0,0.0,57,0,0,0,58,2,43,43,25,58,0,0,0,43,58,0,Generic,1,1
21603,4e-06,udp,dns,INT,2,0,114,0,250000.0006,254,0,114000000.0,0.0,0,0,0.004,0.0,0.0,0.0,0,0,0,0,0.0,0.0,0.0,57,0,0,0,58,2,43,43,25,58,0,0,0,43,58,0,Generic,1,1
21606,4e-06,udp,dns,INT,2,0,114,0,250000.0006,254,0,114000000.0,0.0,0,0,0.004,0.0,0.0,0.0,0,0,0,0,0.0,0.0,0.0,57,0,0,0,58,2,43,43,25,58,0,0,0,43,58,0,Generic,1,1
21609,8e-06,udp,dns,INT,2,0,114,0,125000.0003,254,0,57000000.0,0.0,0,0,0.008,0.0,0.0,0.0,0,0,0,0,0.0,0.0,0.0,57,0,0,0,58,2,43,43,18,58,0,0,0,43,58,0,Generic,1,1
21612,8e-06,udp,dns,INT,2,0,114,0,125000.0003,254,0,57000000.0,0.0,0,0,0.008,0.0,0.0,0.0,0,0,0,0,0.0,0.0,0.0,57,0,0,0,58,2,43,43,18,58,0,0,0,43,58,0,Generic,1,1
21817,3e-06,udp,dns,INT,2,0,114,0,333333.3215,254,0,152000000.0,0.0,0,0,0.003,0.0,0.0,0.0,0,0,0,0,0.0,0.0,0.0,57,0,0,0,48,2,42,42,25,48,0,0,0,42,48,0,Generic,1,1
21820,3e-06,udp,dns,INT,2,0,114,0,333333.3215,254,0,152000000.0,0.0,0,0,0.003,0.0,0.0,0.0,0,0,0,0,0.0,0.0,0.0,57,0,0,0,48,2,42,42,25,48,0,0,0,42,48,0,Generic,1,1
21980,0.901398,tcp,http,FIN,18,74,1724,90194,100.954295,62,252,14457.54297,789671.125,2,35,51.777647,11.679264,2652.61001,1237.710635,255,3147392721,680811114,255,0.116555,0.060483,0.056072,96,1219,1,43222,1,1,1,1,1,1,0,0,1,1,1,0,Generic,1,1
22314,4.336696,tcp,-,FIN,80,296,6000,380390,86.471357,62,252,10929.97949,699343.4375,20,146,54.894886,14.540766,2831.969985,1534.19441,255,170439103,2425911662,255,0.064124,0.016592,0.047532,75,1285,0,0,1,1,2,1,1,1,0,0,0,1,1,0,Generic,1,1
22545,1e-06,udp,dns,INT,2,0,114,0,1000000.003,254,0,456000000.0,0.0,0,0,0.001,0.0,0.0,0.0,0,0,0,0,0.0,0.0,0.0,57,0,0,0,43,2,44,43,18,46,0,0,0,44,43,0,Generic,1,1
22564,1e-06,udp,dns,INT,2,0,114,0,1000000.003,254,0,456000000.0,0.0,0,0,0.001,0.0,0.0,0.0,0,0,0,0,0.0,0.0,0.0,57,0,0,0,43,2,26,25,25,44,0,0,0,28,43,0,Generic,1,1
22832,1e-06,udp,dns,INT,2,0,114,0,1000000.003,254,0,456000000.0,0.0,0,0,0.001,0.0,0.0,0.0,0,0,0,0,0.0,0.0,0.0,57,0,0,0,43,2,44,43,18,46,0,0,0,44,43,0,Generic,1,1
22833,1e-06,udp,dns,INT,2,0,114,0,1000000.003,254,0,456000000.0,0.0,0,0,0.001,0.0,0.0,0.0,0,0,0,0,0.0,0.0,0.0,57,0,0,0,43,2,44,43,18,46,0,0,0,44,43,0,Generic,1,1
22867,3.244802,tcp,http,FIN,10,18,1140,12804,8.321001,254,252,2529.584229,29815.07031,2,6,360.533556,187.434763,31611.60866,20200.87442,255,60603670,505190610,255,0.108907,0.057415,0.051492,114,711,1,5842,2,1,1,1,1,1,0,0,1,1,1,0,Generic,1,1
23009,0.880054,tcp,http,FIN,100,22,128780,1766,137.491563,254,252,1158956.125,15326.33203,47,2,8.889434,39.830668,890.103422,64.14202,255,1910023812,2943891285,255,0.041033,0.021478,0.019555,1288,80,1,194,2,1,1,1,1,3,0,0,1,1,2,0,Generic,1,1
23349,30.358606,sctp,-,CON,250,24,248562,1652,8.992508,254,60,65238.30469,417.410461,0,0,121.922172,439.407875,539.161375,571.17,0,0,0,0,0.0,0.0,0.0,994,69,0,0,1,0,1,1,1,1,0,0,0,1,1,0,Generic,1,1
23367,7.200272,tcp,-,FIN,232,438,13350,548216,92.913156,31,29,14769.44141,607715.9375,21,197,31.168528,16.475381,12609.71729,9178.188464,255,622307277,679635267,255,0.000647,0.00052,0.000127,58,1252,0,0,7,0,3,2,1,2,0,0,0,2,14,0,Normal,0,1
23490,0.5845,tcp,-,FIN,230,438,13246,548216,1141.14625,31,29,180516.6719,7486261.5,21,197,2.550978,1.336465,668.770091,483.54026,255,1600382631,1604484222,255,0.000583,0.000462,0.000121,58,1252,0,0,13,0,1,1,1,1,0,0,0,1,15,0,Normal,0,1
23530,7.348804,tcp,-,FIN,626,1278,34994,1641360,258.953702,31,29,38035.03125,1785407.25,55,583,11.75752,5.754371,5057.266529,3537.310401,255,2822740180,2826720163,255,0.0006,0.000469,0.000131,56,1284,0,0,25,0,6,2,1,2,0,0,0,4,21,0,Normal,0,1
23540,7.930876,tcp,-,FIN,640,1278,35722,1641360,241.713532,31,29,35977.86719,1654370.625,55,583,12.410873,6.210145,5225.31651,3695.486457,255,2822741316,2823071032,255,0.000652,0.000518,0.000134,56,1284,0,0,25,0,6,2,1,2,0,0,0,4,21,0,Normal,0,1
23607,1.140576,tcp,-,FIN,344,746,18370,1087890,954.780738,31,29,128475.4375,7620234.0,2,370,3.324376,1.530217,197.788854,120.687011,255,3034296649,889985510,255,0.000722,0.000559,0.000163,53,1458,0,0,10,0,3,1,1,1,0,0,0,3,8,0,Normal,0,1
23618,0.924586,tcp,-,FIN,232,438,13350,548216,723.56709,31,29,115017.9688,4732626.5,21,197,4.001139,2.114627,1182.594489,859.297092,255,1600383559,3750415669,255,0.000645,0.00049,0.000155,58,1252,0,0,10,0,5,1,1,1,0,0,0,1,14,0,Normal,0,1
23629,8.370131,tcp,-,FIN,602,1176,33610,1507780,212.302543,31,29,32071.18359,1439880.0,51,536,13.949668,7.123103,5470.095235,3907.720802,255,2822742211,678281934,255,0.000613,0.000482,0.000131,56,1282,0,0,10,0,4,1,1,1,0,0,0,2,8,0,Normal,0,1
23649,1.18849,tcp,-,FIN,232,438,13350,548216,562.899125,31,29,89478.24219,3681747.25,21,197,5.165965,2.718586,1227.114621,889.370314,255,3756928808,3760999746,255,0.000582,0.000462,0.00012,58,1252,0,0,11,0,2,1,1,1,0,0,0,5,6,0,Normal,0,1
23675,2.089973,tcp,-,FIN,234,438,13454,548216,321.056783,31,29,51281.04688,2093673.0,21,197,8.968283,4.78141,3092.379733,2257.891051,255,3745771986,1606206094,255,0.000639,0.000491,0.000148,57,1252,0,0,10,0,3,2,1,2,0,0,0,4,14,0,Normal,0,1
23694,1.50787,tcp,-,FIN,234,438,13454,548216,444.998586,31,29,71077.75,2901921.25,21,197,6.470206,3.449357,1884.441343,1375.701385,255,3745771028,1605624180,255,0.000642,0.000495,0.000147,57,1252,0,0,10,0,3,2,1,2,0,0,0,4,14,0,Normal,0,1
23748,1.769962,tcp,-,FIN,228,438,13142,548216,375.714291,31,29,59142.51563,2472211.25,21,197,7.795806,4.049144,2455.238916,1769.420699,255,3756929734,1611954725,255,0.000623,0.00048,0.000143,58,1252,0,0,8,0,2,2,1,2,0,0,0,2,7,0,Normal,0,1
23809,2.388817,tcp,-,FIN,360,746,19202,1087890,462.572046,31,29,64128.8125,3638393.25,2,370,6.653008,3.205738,344.607776,211.068372,255,2701915527,557527267,255,0.000677,0.000538,0.000139,53,1458,0,0,14,0,2,1,1,1,0,0,0,6,9,0,Normal,0,1
23824,1.158623,tcp,-,FIN,328,746,17538,1087890,926.09936,31,29,120729.5234,7501539.5,2,370,3.542171,1.554466,214.607489,126.191728,255,2644700095,2645751758,255,0.00071,0.000541,0.000169,53,1458,0,0,4,0,2,1,1,1,0,0,0,2,4,0,Normal,0,1
23849,10.926908,tcp,-,FIN,452,858,25368,1094788,119.796017,31,29,18531.86719,800602.0,38,390,24.227433,12.749655,10099.60309,7323.417041,255,1139237633,1145604926,255,0.000573,0.000448,0.000125,56,1276,0,0,13,0,2,1,1,1,0,0,0,3,12,0,Normal,0,1
23880,3.516972,tcp,-,FIN,338,356,26456,49682,197.044499,31,29,60001.61328,112694.6719,78,103,10.435083,9.905456,760.796683,740.36819,255,1884265781,4034143788,255,0.000647,0.000524,0.000123,78,140,0,0,19,0,4,1,1,2,0,0,0,4,8,0,Normal,0,1
23895,5.011927,tcp,-,FIN,354,746,18890,1087890,219.276931,31,29,30067.47656,1734154.5,2,370,14.196855,6.726619,785.05424,487.125702,255,3073849051,3100638366,255,0.000745,0.000594,0.000151,53,1458,0,0,9,0,2,2,1,1,0,0,0,3,8,0,Normal,0,1
23898,10.269464,tcp,-,FIN,362,746,19306,1087890,107.795309,31,29,14998.25195,846339.8125,2,370,28.446351,13.783716,3606.203503,2497.180689,255,3828816155,1684053125,255,0.000747,0.000592,0.000155,53,1458,0,0,9,0,1,2,1,1,0,0,0,3,7,0,Normal,0,1
23906,10.025798,tcp,-,FIN,340,746,18162,1087890,108.220814,31,29,14449.92188,866909.1875,2,370,29.573655,13.456805,2872.9445,1900.619514,255,131752339,138748086,255,0.000595,0.000475,0.00012,53,1458,0,0,7,0,2,1,1,1,0,0,0,1,8,0,Normal,0,1
23925,1.566818,tcp,-,FIN,184,295,10752,354111,305.076914,31,29,54602.38672,1801924.625,17,104,8.560115,5.327752,2262.461157,1784.775887,255,1249202522,3403831421,255,0.000578,0.000455,0.000123,58,1200,0,0,7,0,1,1,1,1,0,0,0,3,10,0,Normal,0,1
23941,12.289506,tcp,-,FIN,670,1278,37282,1641360,158.427849,31,29,24233.35742,1067627.0,55,583,18.369485,9.623307,8379.050721,6065.933836,255,1139238622,3292355417,255,0.000714,0.000539,0.000175,56,1284,0,0,13,0,2,1,1,1,0,0,0,1,12,0,Normal,0,1
23952,30.981691,arp,-,CON,4,4,184,112,0.22594,0,0,35.633949,21.690229,0,0,15493.808,15493.808,15493.754,15493.766,0,0,0,0,0.0,0.0,0.0,46,28,0,0,2,0,2,2,2,2,0,0,0,2,2,0,Normal,0,1
23970,30.981691,arp,-,CON,4,4,184,112,0.22594,0,0,35.633949,21.690229,0,0,15493.808,15493.808,15493.754,15493.766,0,0,0,0,0.0,0.0,0.0,46,28,0,0,2,0,2,2,2,2,0,0,0,2,2,0,Normal,0,1
23989,0.346083,tcp,-,FIN,230,438,13246,548216,1927.283421,31,29,304874.8438,12643557.0,21,197,1.509913,0.790384,88.907813,46.533993,255,4140508093,4144009012,255,0.000838,0.00068,0.000158,58,1252,0,0,18,0,8,2,1,5,0,0,0,6,21,0,Normal,0,1
24019,0.454146,tcp,-,FIN,102,184,6250,217382,627.551495,31,29,109022.2109,3808484.5,11,80,4.493346,2.479109,1029.048401,764.396419,255,1995122448,4144672513,255,0.000589,0.000464,0.000125,61,1181,0,0,18,0,8,2,1,5,0,0,0,6,21,0,Normal,0,1
24028,2.669959,tcp,-,FIN,370,746,19722,1087890,417.609398,31,29,58934.23828,3255276.75,2,370,7.23461,3.582323,401.761375,253.690852,255,1396522896,1407628788,255,0.001214,0.001117,9.7e-05,53,1458,0,0,14,0,1,1,1,1,0,0,0,4,9,0,Normal,0,1
24055,0.279348,tcp,-,FIN,224,438,12934,548216,2366.224327,31,29,368773.0313,15664047.0,21,197,1.251381,0.637902,67.795121,34.770897,255,507637886,511142504,255,0.000725,0.000581,0.000144,58,1252,0,0,14,0,2,1,1,1,0,0,0,1,9,0,Normal,0,1
24057,13.475057,tcp,-,FIN,676,1278,37594,1641360,144.934456,31,29,22286.51172,973695.9375,55,583,19.962512,10.551753,8795.936289,6404.508513,255,3284626063,1143358458,255,0.000584,0.000464,0.00012,56,1284,0,0,13,0,4,1,1,1,0,0,0,5,8,0,Normal,0,1
24078,3.422466,tcp,-,FIN,400,757,22460,964703,337.768143,31,29,52369.25781,2252011.25,32,329,8.576864,4.52643,3967.463271,2881.968713,255,1249199827,3398039678,255,0.000606,0.000481,0.000125,56,1274,0,0,7,0,7,2,1,2,0,0,0,3,10,0,Normal,0,1
24096,5.238174,tcp,-,FIN,450,858,25264,1094788,249.514432,31,29,38498.91406,1670067.5,38,390,11.66561,6.111658,4755.229485,3441.777627,255,136528855,2287019882,255,0.000614,0.000478,0.000136,56,1276,0,0,8,0,3,2,1,2,0,0,0,5,8,0,Normal,0,1
24117,3.125801,tcp,-,FIN,230,236,24344,29452,148.761865,31,29,62035.9375,75060.4375,54,67,13.649786,13.355052,1241.735877,1228.284657,255,975115861,3120834280,255,0.000704,0.000579,0.000125,106,125,0,0,4,0,4,1,1,1,0,0,0,1,9,0,Normal,0,1
24141,5.819302,tcp,-,FIN,442,858,24848,1094788,223.222645,31,29,34082.4375,1503290.875,38,390,13.19498,6.789736,5177.591836,3714.108972,255,136529754,2287552434,255,0.000622,0.000495,0.000127,56,1276,0,0,8,0,3,2,1,2,0,0,0,5,8,0,Normal,0,1
24164,14.341997,tcp,-,FIN,614,1176,34234,1507826,124.738555,31,29,19065.12695,840353.8125,51,536,23.395817,12.205542,9632.723552,6941.322827,255,1139240485,3289374944,255,0.000613,0.000479,0.000134,56,1282,0,0,13,0,1,1,1,1,0,0,0,2,8,0,Normal,0,1
24169,1.227751,tcp,-,FIN,205,363,11878,457062,461.820021,31,29,77025.39063,2970002.75,19,155,6.016706,3.390141,335.229775,253.694988,255,3248253368,1116097016,255,0.000701,0.000516,0.000185,58,1259,0,0,16,0,2,2,1,2,0,0,0,3,12,0,Normal,0,1
24184,6.988985,tcp,-,FIN,654,1278,36450,1641360,276.291905,31,29,41659.83984,1877326.625,55,583,10.702386,5.472599,4801.710011,3433.140968,255,2281912563,139967531,255,0.000592,0.000472,0.00012,56,1284,0,0,8,0,2,1,1,1,0,0,0,3,8,0,Normal,0,1
24232,14.894038,tcp,-,FIN,686,1278,38114,1641360,131.797701,31,29,20442.54102,880930.1875,55,583,21.74264,11.662946,9839.099163,7216.722563,255,1416002459,1419269033,255,0.000592,0.000452,0.00014,56,1284,0,0,23,0,4,3,1,3,0,0,0,10,11,0,Normal,0,1
24273,16.068567,tcp,-,FIN,690,1278,38322,1641360,122.412905,31,29,19051.85352,816538.75,55,583,23.321121,12.582646,9710.297749,7138.239889,255,3561390785,1420431565,255,0.000667,0.000525,0.000142,56,1284,0,0,23,0,3,2,1,2,0,0,0,2,11,0,Normal,0,1
24280,3.178732,tcp,-,FIN,364,746,19410,1087890,348.881261,31,29,48716.28125,2734252.5,2,370,8.755953,4.266105,494.85541,311.109213,255,626064683,627048681,255,0.000704,0.000478,0.000226,53,1458,0,0,10,0,4,1,1,1,0,0,0,1,10,0,Normal,0,1
24284,59.811649,tcp,-,FIN,305,684,15860,998496,16.518521,31,29,133356.8906,2114.370605,0,323,195.165984,87.571937,436.669844,10196.03359,255,1702864596,1902665811,255,0.0,0.0,0.0,52,1460,0,0,7,0,3,1,1,1,0,0,0,3,13,0,Normal,0,1
24285,5.212825,tcp,-,FIN,442,858,24848,1094788,249.193104,31,29,38047.69922,1678188.75,38,390,11.819742,6.082098,4753.007226,3408.891048,255,1601954235,1607242246,255,0.000591,0.000463,0.000128,56,1276,0,0,13,0,5,1,1,2,0,0,0,3,19,0,Normal,0,1
24290,1.023569,tcp,-,FIN,232,234,24448,29348,454.292779,31,29,190259.7656,228400.8281,54,67,4.431035,4.389721,284.142997,283.865058,255,4244042975,4244351788,255,0.000808,0.000627,0.000181,105,125,0,0,9,0,4,1,1,1,0,0,0,4,12,0,Normal,0,1
24301,16.515686,tcp,-,FIN,620,1176,34546,1507780,108.684556,31,29,16707.02539,729729.5625,51,536,26.68069,14.055502,10232.17196,7430.353249,255,1416005142,3566374034,255,0.001057,0.000468,0.000589,56,1282,0,0,23,0,3,2,1,2,0,0,0,2,11,0,Normal,0,1
24318,7.115918,tcp,-,FIN,230,234,24344,29348,65.065391,31,29,27250.45313,32853.66797,54,67,31.073878,30.537257,2099.415279,2081.87185,255,4215992881,2070915791,255,0.000767,0.000596,0.000171,106,125,0,0,32,0,1,1,1,1,0,0,0,6,8,0,Normal,0,1
24326,0.573486,tcp,-,FIN,214,426,12414,530216,1114.238243,31,29,172363.4219,7379040.0,21,190,2.690887,1.348115,164.343132,82.706818,255,2178186978,36325812,255,0.001537,0.000533,0.001004,58,1245,0,0,17,0,2,1,1,1,0,0,0,1,18,0,Normal,0,1
24330,35.292564,arp,-,CON,2,2,56,92,0.085004,0,0,6.346946,10.427126,0,0,35291.584,35291.624,0.0,0.0,0,0,0,0,0.0,0.0,0.0,28,46,0,0,2,0,2,2,2,2,0,0,0,2,2,0,Normal,0,1
24344,57.38549,tcp,-,FIN,314,697,16336,1017286,17.600268,31,29,2270.12085,141614.4688,1,337,183.339137,82.449678,15222.52845,10112.85943,255,3504960493,2286053837,255,0.000621,0.000509,0.000112,52,1460,0,0,4,0,3,1,1,1,0,0,0,1,13,0,Normal,0,1
24347,0.434017,tcp,-,FIN,220,438,12726,548216,1513.765581,31,29,233520.8125,10081909.0,21,197,1.980297,0.992046,116.754168,61.941982,255,2120285259,4273340656,255,0.000625,0.000491,0.000134,58,1252,0,0,16,0,3,1,1,1,0,0,0,1,13,0,Normal,0,1
24353,0.0,arp,-,INT,1,0,46,0,0.0,0,0,0.0,0.0,0,0,60000.752,0.0,10.95452,0.0,0,0,0,0,0.0,0.0,0.0,46,0,0,0,2,2,2,2,2,2,0,0,0,2,2,1,Normal,0,1
24354,32.032276,tcp,-,FIN,349,726,18630,1057900,33.528682,31,29,4639.570312,263844.625,2,353,92.045691,44.181616,5559.003272,3729.486956,255,460152576,461132092,255,0.000775,0.000603,0.000172,53,1457,0,0,11,0,3,1,1,1,0,0,0,2,13,0,Normal,0,1
24390,0.0,arp,-,INT,1,0,46,0,0.0,0,0,0.0,0.0,0,0,60000.752,0.0,10.95452,0.0,0,0,0,0,0.0,0.0,0.0,46,0,0,0,2,2,2,2,2,2,0,0,0,2,2,1,Normal,0,1
24417,6.419676,tcp,-,FIN,450,858,25264,1094788,203.592835,31,29,31413.42383,1362701.875,38,390,14.297006,7.490317,5547.950988,4015.290817,255,3747336808,1608344004,255,0.000591,0.000471,0.00012,56,1276,0,0,13,0,8,2,1,2,0,0,0,3,19,0,Normal,0,1
24424,40.02314,tcp,-,FIN,317,652,16966,946900,24.186008,31,29,3380.644287,188980.2813,2,301,126.654462,61.47866,7319.560772,4883.728533,255,3955738642,1888750278,255,0.00067,0.000518,0.000152,54,1452,0,0,8,0,1,1,1,1,0,0,0,1,7,0,Normal,0,1
24428,5.808687,tcp,-,FIN,458,858,25680,1094788,226.38506,31,29,35290.58984,1506038.0,38,390,12.709786,6.777364,5019.735298,3664.587133,255,1601955286,3757368820,255,0.000628,0.000482,0.000146,56,1276,0,0,13,0,8,2,1,2,0,0,0,3,19,0,Normal,0,1
24485,3.636937,tcp,-,FIN,342,746,18266,1087890,298.877882,31,29,40062.28516,2389773.75,2,370,10.664578,4.86558,636.246672,396.140996,255,926064306,3088253819,255,0.012944,0.012072,0.000872,53,1458,0,0,6,0,3,1,1,1,0,0,0,4,10,0,Normal,0,1
24494,14.027981,tcp,-,FIN,349,694,18630,1012052,74.280113,31,29,10594.25488,576330.4375,2,337,40.309316,20.241686,2485.637032,1729.416771,255,2260059050,237343020,255,0.000611,0.00049,0.000121,53,1458,0,0,4,0,1,1,1,1,0,0,0,2,10,0,Normal,0,1
24515,0.528093,tcp,-,FIN,98,184,6042,217382,532.103267,31,29,90605.25781,3275196.0,11,80,5.440577,2.882989,1196.249249,870.789285,255,548162037,552955095,255,0.000689,0.000501,0.000188,62,1181,0,0,8,0,3,3,1,3,0,0,0,7,7,0,Normal,0,1
24579,6.069776,tcp,-,FIN,230,236,24344,29452,76.609087,31,29,31947.14258,38654.47266,54,67,26.505571,25.826188,1793.075519,1769.387028,255,3152703476,3152956353,255,0.000597,0.000485,0.000112,106,125,0,0,15,0,3,1,1,1,0,0,0,4,15,0,Normal,0,1
24582,7.010591,tcp,-,FIN,660,1278,36762,1641360,276.296248,31,29,41887.48047,1871540.875,55,583,10.637719,5.489468,4791.984052,3442.528357,255,3747337770,1605424642,255,0.000685,0.000536,0.000149,56,1284,0,0,13,0,1,1,1,1,0,0,0,4,19,0,Normal,0,1
24589,8.014785,tcp,-,FIN,364,746,19410,1087890,138.36928,31,29,19321.29297,1084427.875,2,370,22.07835,10.757436,1461.970131,984.448624,255,1241948378,1243543636,255,0.000622,0.000493,0.000129,53,1458,0,0,9,0,1,1,1,1,0,0,0,1,4,0,Normal,0,1
24598,0.393241,tcp,-,FIN,214,432,12414,539216,1640.215591,31,29,251367.4844,10944291.0,21,193,1.844714,0.912851,110.606636,57.72505,255,2693547544,552226153,255,0.000887,0.000712,0.000175,58,1248,0,0,8,0,3,3,1,3,0,0,0,7,7,0,Normal,0,1
24634,0.909952,tcp,-,FIN,224,438,12934,548216,726.411955,31,29,113210.3672,4808737.0,21,197,4.078915,2.081174,1057.53832,754.703892,255,1220850357,1225546362,255,0.000592,0.000472,0.00012,58,1252,0,0,6,0,1,1,1,1,0,0,0,2,7,0,Normal,0,1
24651,14.498006,tcp,http,FIN,320,738,17122,1075900,72.906578,31,29,9418.674805,592877.6875,2,362,45.447209,19.670929,2272.257792,1448.74074,255,2490682775,2487509158,255,0.0007,0.000527,0.000173,54,1458,1,524288,2,0,4,2,1,4,0,0,1,5,2,0,Normal,0,1
24695,8.799946,tcp,-,FIN,442,845,24814,1080142,146.137263,31,29,22507.41211,980791.5,37,381,19.952946,10.42574,9139.126123,6637.188436,255,2355984171,210533291,255,0.000752,0.000618,0.000134,56,1278,0,0,6,0,1,1,1,1,0,0,0,1,3,0,Normal,0,1
24736,1.770465,tcp,-,FIN,226,438,13038,548216,374.477888,31,29,58655.77734,2471508.75,21,197,7.867333,4.050316,1895.352821,1359.764149,255,1220851417,1226142648,255,0.000595,0.00047,0.000125,58,1252,0,0,6,0,3,1,1,2,0,0,0,2,7,0,Normal,0,1
24807,9.910702,tcp,-,FIN,334,630,18892,802266,97.16769,31,29,15204.57422,646568.125,28,286,29.760907,15.755544,12761.17043,9285.702043,255,2355985158,211176064,255,0.000586,0.000461,0.000125,57,1273,0,0,6,0,1,2,1,1,0,0,0,2,3,0,Normal,0,1
24823,9.752631,tcp,-,FIN,447,851,25108,1086246,132.989752,31,29,20549.94141,889991.625,38,386,21.865998,11.47308,10401.72535,7560.796023,255,146398679,150193739,255,0.000646,0.00051,0.000136,56,1276,0,0,6,0,2,2,1,1,0,0,0,2,7,0,Normal,0,1
24856,14.637137,tcp,ssh,FIN,420,504,36432,76956,63.058778,31,29,19865.08594,41977.60547,77,177,34.932745,29.098637,2716.659304,2478.278132,255,3064861569,3065102456,255,0.000655,0.000517,0.000138,87,153,0,0,2,0,7,1,1,1,0,0,0,3,1,0,Normal,0,1
24873,11.660957,tcp,http,FIN,336,746,17954,1087890,92.702509,31,29,12280.98145,745346.6875,2,370,34.807828,15.651594,2464.719658,1629.039963,255,17081021,61247721,255,0.000765,0.000515,0.00025,53,1458,0,0,2,0,2,1,1,1,0,0,0,1,3,0,Normal,0,1
24877,5.846004,tcp,http,FIN,364,740,19410,1078890,188.675888,31,29,26489.20508,1474419.75,2,364,16.100914,7.909917,944.935353,631.134553,255,3264298865,1131308574,255,0.000726,0.000571,0.000155,53,1458,1,524288,1,0,1,1,1,1,0,0,1,2,4,0,Normal,0,1
24879,31.078636,arp,-,CON,4,4,184,112,0.225235,0,0,35.522793,21.62257,0,0,10359.544,10359.543,14650.54,14650.549,0,0,0,0,0.0,0.0,0.0,46,28,0,0,2,0,2,2,2,2,0,0,0,2,2,0,Normal,0,1
24885,31.078636,arp,-,CON,4,4,184,112,0.225235,0,0,35.522793,21.62257,0,0,10359.544,10359.543,14650.54,14650.549,0,0,0,0,0.0,0.0,0.0,46,28,0,0,2,0,2,2,2,2,0,0,0,2,2,0,Normal,0,1
24894,10.578429,tcp,-,CON,292,608,16674,776023,84.984262,31,30,12566.70508,585907.0,27,274,36.332122,17.425114,14944.43955,10357.33641,255,146399605,2300779667,255,0.001592,0.001381,0.000211,57,1276,0,0,1,0,2,1,1,1,0,0,0,1,4,0,Normal,0,1
24967,3.135703,tcp,-,FIN,228,438,13142,548216,212.07365,31,29,33383.26172,1395451.0,21,197,13.812048,7.174455,3696.818688,2673.332592,255,3370433111,1226681247,255,0.000581,0.00046,0.000121,58,1252,0,0,6,0,1,1,1,1,0,0,0,1,7,0,Normal,0,1
24975,5.502828,tcp,http,FIN,324,746,17330,1087890,194.263745,31,29,25117.26563,1579452.625,2,370,17.035561,7.385676,1119.774685,715.95352,255,2502414247,2507658355,255,0.000616,0.000491,0.000125,53,1458,1,524288,1,0,2,1,1,1,0,0,1,5,2,0,Normal,0,1
24996,11.845024,tcp,ssh,FIN,234,234,24552,29348,39.425838,31,29,16511.91211,19736.89453,54,67,50.837014,50.833845,3831.130217,3830.965701,255,2657378693,2657675973,255,0.000743,0.000596,0.000147,105,125,0,0,2,0,2,1,1,1,0,0,0,1,1,0,Normal,0,1
25056,4.669855,tcp,http,FIN,354,746,18890,1087890,235.339207,31,29,32269.95117,1861183.25,2,370,13.228138,6.267567,778.565663,516.815121,255,2307500074,2318075983,255,0.000743,0.000514,0.000229,53,1458,1,524288,1,0,6,1,1,1,0,0,1,4,2,0,Normal,0,1
25088,14.542736,tcp,http,FIN,356,746,18994,1087890,75.7079,31,29,10419.49707,597649.3125,2,370,40.964454,19.519642,2717.110319,1818.095483,255,2588416056,2640021324,255,0.000776,0.000597,0.000179,53,1458,1,524288,2,0,1,1,1,1,0,0,1,1,1,0,Normal,0,1
25095,7.875767,tcp,http,FIN,342,746,18266,1087890,138.018299,31,29,18500.29297,1103569.375,2,370,23.095147,10.570851,1306.321424,816.511843,255,4184210434,4193629581,255,0.000608,0.000475,0.000133,53,1458,1,524288,4,0,1,1,1,1,0,0,1,2,3,0,Normal,0,1
25101,8.08472,tcp,http,FIN,356,746,18994,1087890,136.18283,31,29,18742.51758,1075047.25,2,370,22.772857,10.851232,1347.141185,877.436182,255,3880021540,1783118060,255,0.000698,0.000544,0.000154,53,1458,1,524288,2,0,2,1,1,1,0,0,1,1,1,0,Normal,0,1
25105,11.705386,tcp,-,FIN,423,818,23826,1038663,105.934139,31,29,16245.5127,709002.8125,37,364,27.737126,14.326697,13089.98043,9411.894037,255,3906227714,1772093198,255,0.000593,0.000471,0.000122,56,1270,0,0,5,0,4,2,1,2,0,0,0,4,10,0,Normal,0,1
25107,4.555565,tcp,-,FIN,242,438,13870,548216,149.048475,31,29,24256.92578,960521.9375,21,197,18.901452,10.423561,7081.355393,5258.445073,255,1387154171,1393647866,255,0.000587,0.000461,0.000126,57,1252,0,0,9,0,4,1,1,1,0,0,0,3,11,0,Normal,0,1
25111,0.109657,tcp,-,FIN,94,164,5800,192828,2343.671694,31,29,418687.375,13981999.0,10,71,1.175581,0.669399,66.467214,41.105766,255,1476725320,1480369252,255,0.000672,0.000541,0.000131,62,1176,0,0,17,0,14,6,1,6,0,0,0,12,13,0,Normal,0,1
25140,12.456218,tcp,-,FIN,328,636,18614,806412,77.310787,31,29,11918.86719,517104.0,29,288,38.091327,19.615255,14989.08829,10776.11692,255,3906228464,3925739223,255,0.000648,0.000521,0.000127,57,1268,0,0,5,0,4,2,1,2,0,0,0,4,10,0,Normal,0,1
25168,7.604728,tcp,http,FIN,322,746,17226,1087890,140.307447,31,29,18065.60352,1142901.625,2,370,23.689614,10.206958,1494.636925,940.981456,255,3097642636,953319293,255,0.000678,0.000543,0.000135,53,1458,1,524288,2,0,3,1,1,1,0,0,1,6,2,0,Normal,0,1
25189,4.793941,tcp,ssh,FIN,230,236,24344,29452,96.997439,31,29,40449.39063,48941.77734,54,67,20.934241,20.396757,1626.193548,1606.477463,255,238387731,238661566,255,0.00068,0.000535,0.000145,106,125,0,0,1,0,2,1,1,1,0,0,0,2,1,0,Normal,0,1
25202,13.914799,tcp,http,FIN,354,746,18890,1087890,78.980661,31,29,10829.90918,624619.625,2,370,39.417751,18.676545,2435.271291,1636.338017,255,3608415319,1514630097,255,0.000978,0.000768,0.00021,53,1458,1,524288,2,0,3,1,1,1,0,0,1,1,2,0,Normal,0,1
25203,0.119764,tcp,-,FIN,92,164,5696,192828,2129.187399,31,29,376406.9375,12802044.0,10,71,1.312374,0.731564,84.228312,47.862989,255,3742111618,1600874925,255,0.000637,0.000515,0.000122,62,1176,0,0,9,0,8,6,1,7,0,0,0,8,13,0,Normal,0,1
25205,1.19245,tcp,http,FIN,353,728,18838,1060890,905.698317,31,29,126026.2422,7107605.0,2,356,3.38673,1.639461,190.023365,115.374575,255,3418296735,3415289416,255,0.00069,0.000554,0.000136,53,1457,1,524288,2,0,3,1,1,1,0,0,1,3,2,0,Normal,0,1
25209,0.108842,tcp,-,FIN,90,164,5592,192828,2324.470325,31,29,406460.75,14086694.0,10,71,1.219157,0.66354,66.306533,40.855907,255,3686306669,3690418536,255,0.000835,0.000681,0.000154,62,1176,0,0,15,0,14,6,1,6,0,0,0,13,13,0,Normal,0,1
25260,3.149974,tcp,ssh,FIN,422,508,36536,77164,294.923059,31,29,92572.1875,195590.1719,77,177,7.481371,6.211716,749.601052,678.055657,255,3530157850,1380890331,255,0.000763,0.000622,0.000141,87,152,0,0,1,0,5,1,1,1,0,0,0,6,1,0,Normal,0,1
25276,11.713999,tcp,-,FIN,224,438,12934,548216,56.428211,31,29,8794.264648,373546.2188,21,197,52.527725,26.804222,20406.91635,14604.95581,255,213357361,2440040004,255,0.000665,0.000553,0.000112,58,1252,0,0,10,0,4,1,1,1,0,0,0,3,6,0,Normal,0,1
25306,5.363381,tcp,-,FIN,240,438,13766,548216,126.226351,31,29,20448.29688,815851.0625,21,197,22.439461,12.272101,8401.292909,6222.905535,255,1867152338,1880931081,255,0.000613,0.000468,0.000145,57,1252,0,0,8,0,3,1,1,1,0,0,0,3,6,0,Normal,0,1
25325,5.610605,tcp,-,FIN,438,858,24640,1094788,230.812908,31,29,35053.61719,1559208.75,38,390,12.838174,6.546216,6324.226338,4535.57932,255,1387155275,3536227675,255,0.000627,0.000494,0.000133,56,1276,0,0,9,0,5,1,1,1,0,0,0,3,11,0,Normal,0,1
25366,5.38473,tcp,http,FIN,370,746,19722,1087890,207.067026,31,29,29221.89258,1614093.25,2,370,14.591894,7.227138,962.25463,632.005558,255,2345049327,236060521,255,0.000641,0.000507,0.000134,53,1458,1,524288,1,0,2,1,1,1,0,0,1,2,1,0,Normal,0,1
25375,0.116319,tcp,-,FIN,92,164,5696,192828,2192.247169,31,29,387554.9063,13181200.0,10,71,1.286611,0.710178,73.677065,43.100556,255,132086146,2285374652,255,0.000687,0.000556,0.000131,62,1176,0,0,7,0,6,6,1,6,0,0,0,10,8,0,Normal,0,1
25385,6.492008,tcp,-,FIN,234,438,13454,548216,103.357848,31,29,16508.91406,674016.375,21,197,27.861318,14.854673,11043.58032,8072.989787,255,4016734064,1881810822,255,0.000643,0.000515,0.000128,57,1252,0,0,8,0,4,1,1,1,0,0,0,2,6,0,Normal,0,1
25408,7.077815,tcp,http,FIN,334,746,17850,1087890,152.448177,31,29,20115.8125,1227985.75,2,370,21.253732,9.499784,1271.345218,809.590828,255,240578732,2426558812,255,0.000607,0.000471,0.000136,53,1458,1,524288,2,0,1,1,1,1,0,0,1,3,2,0,Normal,0,1
25414,1.650514,tcp,-,FIN,236,436,13558,545216,406.540022,31,29,65439.00781,2636589.5,21,195,7.022051,3.793193,2271.984158,1669.269163,255,2251080395,106433192,255,0.000599,0.000472,0.000127,57,1250,0,0,7,0,2,1,1,1,0,0,0,1,6,0,Normal,0,1
25451,0.112389,tcp,-,FIN,94,164,5800,192828,2286.700691,31,29,408509.75,13642118.0,10,71,1.204828,0.686491,69.568125,41.739917,255,109246806,112970661,255,0.00062,0.000487,0.000133,62,1176,0,0,17,0,5,5,1,5,0,0,0,8,13,0,Normal,0,1
25464,13.03461,tcp,-,FIN,438,858,24640,1094788,99.350884,31,29,15088.44531,671144.3125,38,390,29.826757,15.208939,14473.75149,10326.97977,255,2358744707,2379735250,255,0.000681,0.000545,0.000136,56,1276,0,0,10,0,3,1,1,2,0,0,0,4,6,0,Normal,0,1
25502,2.123643,tcp,-,FIN,236,438,13558,548216,316.908268,31,29,50859.77344,2060478.25,21,197,9.035413,4.858382,2723.802739,1987.710542,255,1898132880,4071534364,255,0.000649,0.000527,0.000122,57,1252,0,0,6,0,5,2,1,2,0,0,0,8,6,0,Normal,0,1
25510,20.183784,tcp,http,FIN,352,746,18786,1087890,54.350561,31,29,7424.970215,430615.7813,2,370,57.502774,27.091569,7890.30821,5406.359975,255,1955545346,2003463642,255,0.000695,0.000548,0.000147,53,1458,1,524288,3,0,5,2,1,1,0,0,1,2,3,0,Normal,0,1
25511,6.50264,tcp,-,FIN,398,748,22390,954154,176.082336,31,29,27476.8418,1172298.0,33,340,16.378483,8.704424,6191.887731,4514.610497,255,3878825563,1734323717,255,0.00053,0.000431,9.9e-05,56,1276,0,0,9,0,2,8,1,2,0,0,0,11,5,0,Normal,0,1
25513,2.987629,tcp,-,FIN,242,436,13870,548102,226.601099,31,29,36987.19141,1464291.625,21,196,12.395377,6.867014,3527.784956,2617.77457,255,1206530132,1211729907,255,0.000594,0.000471,0.000123,57,1257,0,0,13,0,2,1,1,1,0,0,0,2,12,0,Normal,0,1
25517,1.292047,tcp,http,FIN,366,746,19514,1087890,859.875825,31,29,120497.1641,6726888.5,2,370,3.538455,1.732773,187.899498,109.300145,255,2523852035,2521134739,255,0.001252,0.001128,0.000124,53,1458,1,524288,2,0,3,2,1,1,0,0,1,11,3,0,Normal,0,1
25519,0.240933,tcp,-,FIN,82,164,5176,192828,1016.880207,31,29,169773.3438,6363694.5,10,71,2.942124,1.465896,161.322374,95.091067,255,3086698842,943120864,255,0.002119,0.001989,0.00013,63,1176,0,0,13,0,9,5,1,7,0,0,0,8,9,0,Normal,0,1
25536,16.78875,tcp,http,FIN,352,746,18786,1087890,65.341376,31,29,8926.454102,517695.25,2,370,47.830303,22.53458,2901.680776,1959.906244,255,3813448580,1693162307,255,0.00062,0.000484,0.000136,53,1458,1,524288,3,0,2,2,1,1,0,0,1,2,3,0,Normal,0,1
25550,0.771715,tcp,-,FIN,94,164,5800,192828,333.024504,31,29,59493.46875,1986775.0,10,71,8.294506,4.730969,636.255106,485.434234,255,3059661482,926204783,255,0.001537,0.000564,0.000973,62,1176,0,0,9,0,8,8,1,6,0,0,0,11,8,0,Normal,0,1
25570,1.226977,tcp,http,CON,276,493,14834,721825,625.928608,32,30,96373.44531,4696818.5,2,227,4.440625,2.492766,242.544039,168.64437,255,1835937574,3982320667,255,0.000665,0.000532,0.000133,54,1464,1,520696,4,0,7,2,2,2,0,0,4,2,3,0,Normal,0,1
25572,7.780388,tcp,http,FIN,356,746,18994,1087890,141.509654,31,29,19475.63477,1117098.0,2,370,21.915659,10.4428,1272.418897,837.182624,255,805612333,2974274034,255,0.000622,0.000498,0.000124,53,1458,1,524288,3,0,2,1,1,1,0,0,1,4,3,0,Normal,0,1
25598,3.37515,tcp,-,FIN,426,819,23948,1045996,368.576215,31,29,56630.37109,2476261.0,36,365,7.940835,4.125412,3801.423456,2739.50363,255,1355941616,3509225532,255,0.000711,0.000559,0.000152,56,1277,0,0,4,0,1,1,1,1,0,0,0,3,4,0,Normal,0,1
25601,0.0,arp,-,INT,1,0,46,0,0.0,0,0,0.0,0.0,0,0,60000.728,0.0,15.492027,0.0,0,0,0,0,0.0,0.0,0.0,46,0,0,0,2,2,2,2,2,2,0,0,0,2,2,1,Normal,0,1
25607,2.778187,tcp,-,FIN,238,438,13662,548216,242.964203,31,29,39176.62891,1575027.125,21,197,11.720865,6.356188,4396.317782,3237.143714,255,1617213292,3773130337,255,0.000669,0.000528,0.000141,57,1252,0,0,15,0,2,1,1,1,0,0,0,2,5,0,Normal,0,1
25608,0.0,arp,-,INT,1,0,46,0,0.0,0,0,0.0,0.0,0,0,60000.728,0.0,15.492027,0.0,0,0,0,0,0.0,0.0,0.0,46,0,0,0,2,2,2,2,2,2,0,0,0,2,2,1,Normal,0,1
25617,2.480473,tcp,-,FIN,226,416,13004,520070,258.418451,31,29,41756.55078,1673293.75,20,185,11.022822,5.97587,2388.411928,1754.605309,255,3171923009,3176695036,255,0.000642,0.000484,0.000158,58,1250,0,0,12,0,2,1,1,1,0,0,0,1,10,0,Normal,0,1
25629,2.714135,tcp,-,FIN,236,438,13558,548216,247.961143,31,29,39794.63281,1612196.875,21,197,11.54817,6.209769,3920.934295,2859.923796,255,1898133830,4072088496,255,0.000588,0.000463,0.000125,57,1252,0,0,6,0,5,2,1,2,0,0,0,8,6,0,Normal,0,1
25632,19.010181,tcp,http,FIN,350,738,18682,1075890,57.179886,31,29,7839.588379,452150.5625,2,365,54.469383,25.792886,3695.032245,2479.946439,255,2161851519,2189265230,255,0.000978,0.000822,0.000156,53,1458,1,524288,4,0,1,1,1,1,0,0,1,3,1,0,Normal,0,1
25688,5.92781,tcp,-,FIN,450,858,25264,1094788,220.486142,31,29,34019.98438,1475773.25,38,390,13.201372,6.916427,6179.990462,4470.348787,255,3878824644,3883411131,255,0.000528,0.000428,0.0001,56,1276,0,0,9,0,2,8,1,2,0,0,0,11,5,0,Normal,0,1
25707,1.361681,tcp,http,FIN,370,746,19722,1087890,818.840839,31,29,115557.1719,6382887.0,2,370,3.689268,1.827024,199.024977,110.72604,255,2635114885,2640315951,255,0.000687,0.000542,0.000145,53,1458,1,524288,1,0,1,1,1,1,0,0,1,1,2,0,Normal,0,1
25714,3.369542,tcp,-,FIN,448,858,25160,1094788,387.293005,31,29,59602.16797,2596229.5,38,390,7.536154,3.931226,3682.958111,2659.280256,255,1617214321,1620785253,255,0.00062,0.000476,0.000144,56,1276,0,0,9,0,2,2,1,2,0,0,0,3,7,0,Normal,0,1
25721,3.641518,tcp,-,FIN,324,636,18406,806412,263.351704,31,29,40312.85547,1768811.75,29,288,11.272926,5.73394,4809.755308,3430.087021,255,1617215345,1621331420,255,0.000594,0.000462,0.000132,57,1268,0,0,9,0,2,2,1,2,0,0,0,3,7,0,Normal,0,1
25741,2.787635,tcp,-,FIN,221,423,12778,527674,230.661467,31,29,36506.92969,1510748.625,21,187,12.669554,6.604683,4640.144533,3350.666107,255,1355940513,3507913307,255,0.000579,0.000456,0.000123,58,1247,0,0,9,0,1,1,1,1,0,0,0,2,11,0,Normal,0,1
25753,1.203383,tcp,http,FIN,350,726,18682,1060052,893.314953,31,29,123844.1953,7037440.5,2,360,3.447172,1.65904,211.555479,127.289117,255,3026697312,878131299,255,0.000739,0.000574,0.000165,53,1460,1,524288,1,0,2,1,1,1,0,0,1,4,1,0,Normal,0,1
25754,11.248894,tcp,http,FIN,360,746,19202,1087890,98.231882,31,29,13618.40625,772649.875,2,370,31.333078,15.098425,5088.559443,3520.824095,255,3722676587,3736882020,255,0.000713,0.000564,0.000149,53,1458,1,524288,3,0,2,1,1,1,0,0,1,5,2,0,Normal,0,1
25758,6.126914,tcp,ssh,FIN,422,506,36440,77060,151.299659,31,29,47467.94141,100419.8828,76,177,14.552409,12.131422,1548.448128,1373.738798,255,2627139283,2627415200,255,0.00066,0.000535,0.000125,86,152,0,0,1,0,6,1,1,2,0,0,0,5,1,0,Normal,0,1
25761,4.425879,tcp,-,FIN,242,438,13870,548216,153.415852,31,29,24967.69531,988666.875,21,197,18.363146,10.126812,5040.739086,3762.907634,255,1026537489,1031884066,255,0.00058,0.000458,0.000122,57,1252,0,0,12,0,5,1,1,1,0,0,0,4,10,0,Normal,0,1
25766,15.691025,tcp,http,FIN,352,714,18786,1039890,67.873196,31,29,9550.9375,529441.0,2,349,44.702762,22.006289,3219.273342,2203.249766,255,568977109,696510447,255,0.00067,0.000537,0.000133,53,1456,1,524288,1,0,1,1,1,1,0,0,1,4,3,0,Normal,0,1
25770,0.350535,tcp,-,FIN,92,164,5696,192828,727.459444,31,29,128603.4219,4373954.0,10,71,3.848451,2.147251,229.658075,147.517142,255,3866703454,1721826678,255,0.00066,0.000529,0.000131,62,1176,0,0,19,0,10,6,1,6,0,0,0,10,20,0,Normal,0,1
25771,15.536882,tcp,http,FIN,351,735,18734,1071390,69.83383,31,29,9618.917969,550912.5625,2,362,44.39019,21.1667,3214.673917,2161.11628,255,3198558833,3218771167,255,0.000658,0.00052,0.000138,53,1458,1,524288,4,0,5,2,1,2,0,0,1,2,2,0,Normal,0,1
25779,4.943238,tcp,-,FIN,238,436,13662,548102,136.145585,31,29,22017.95703,884998.875,21,196,20.85624,11.3626,6110.674666,4513.821146,255,1206530918,1212792737,255,0.000617,0.000496,0.000121,57,1257,0,0,1,0,4,1,1,1,0,0,0,3,10,0,Normal,0,1
25787,1.061088,tcp,-,FIN,98,164,6008,192828,245.973952,31,29,44837.0,1444954.625,10,71,10.935773,6.505669,696.180222,559.571692,255,2034797240,2062465792,255,0.000853,0.000661,0.000192,61,1176,0,0,18,0,14,6,1,6,0,0,0,11,22,0,Normal,0,1
25799,0.132761,tcp,-,FIN,92,164,5696,192828,1920.744774,31,29,339557.5313,11548753.0,10,71,1.455396,0.8165,83.876076,50.798867,255,1922150855,4075873107,255,0.000627,0.000484,0.000143,62,1176,0,0,9,0,10,6,1,7,0,0,0,10,10,0,Normal,0,1
25870,1.156634,tcp,http,FIN,352,746,18786,1087890,948.441794,31,29,129569.0781,7514439.5,2,370,3.294291,1.5518,185.65128,111.829104,255,3831730009,1683210749,255,0.000672,0.00054,0.000132,53,1458,1,0,3,0,9,1,1,4,0,0,1,5,2,0,Normal,0,1
25892,3.056875,tcp,http,FIN,333,729,17798,1062390,347.086486,31,29,46439.58203,2776516.5,2,357,9.206243,4.198328,488.242641,303.786249,255,2788887178,2792846314,255,0.000619,0.000489,0.00013,53,1457,1,524288,3,0,1,2,1,1,0,0,1,9,1,0,Normal,0,1
25897,0.168874,tcp,-,FIN,92,163,5696,191328,1504.080005,31,29,266944.5938,9008136.0,10,70,1.852286,1.030549,109.393076,70.593955,255,4108888738,4113686528,255,0.005716,0.001921,0.003795,62,1174,0,0,19,0,7,1,1,1,0,0,0,1,14,0,Normal,0,1
25929,0.111322,tcp,-,FIN,92,164,5696,192828,2290.652329,31,29,404951.4063,13772875.0,10,71,1.21956,0.679595,72.007331,42.918051,255,351823532,2500802827,255,0.000691,0.000541,0.00015,62,1176,0,0,9,0,7,6,1,6,0,0,0,9,14,0,Normal,0,1
25980,2.143653,tcp,-,FIN,222,438,12830,548216,307.41917,31,29,47668.16406,2041244.625,21,197,9.698145,4.915569,3291.988453,2343.83853,255,28198796,2183834924,255,0.000587,0.000461,0.000126,58,1252,0,0,13,0,1,1,1,1,0,0,0,1,9,0,Normal,0,1
26007,0.1578,tcp,-,FIN,88,164,5488,192828,1590.621,31,29,275082.375,9716248.0,10,71,1.809862,0.965086,104.990444,56.815222,255,3097210466,3101373126,255,0.000617,0.000485,0.000132,62,1176,0,0,7,0,7,5,1,5,0,0,0,7,14,0,Normal,0,1
26136,4.042796,tcp,-,FIN,234,438,13454,548216,165.974236,31,29,26510.36523,1082349.875,21,197,17.349674,9.250199,7107.778436,5190.325501,255,1137378363,1143690960,255,0.000582,0.000456,0.000126,57,1252,0,0,14,0,4,2,1,4,0,0,0,7,13,0,Normal,0,1
26144,0.107371,tcp,-,FIN,92,164,5696,192828,2374.942901,31,29,419852.6563,14279684.0,10,71,1.176462,0.655233,65.4364,39.86895,255,1247837978,1251627070,255,0.000734,0.000564,0.00017,62,1176,0,0,15,0,7,6,1,6,0,0,0,8,13,0,Normal,0,1
26162,0.133681,tcp,-,FIN,88,164,5488,192828,1877.604157,31,29,324713.3125,11469274.0,10,71,1.532805,0.816883,87.840883,48.352384,255,2322188576,2325819272,255,0.000661,0.000525,0.000136,62,1176,0,0,12,0,6,6,1,6,0,0,0,10,8,0,Normal,0,1
26180,3.05112,tcp,-,FIN,222,438,12830,548216,215.986258,31,29,33490.65234,1434135.625,21,197,13.803552,6.980872,3570.993199,2549.692609,255,2488458005,348672930,255,0.0006,0.000475,0.000125,58,1252,0,0,4,0,1,1,1,1,0,0,0,1,13,0,Normal,0,1
26188,0.106706,tcp,-,FIN,86,164,5384,192828,2333.514498,31,29,399002.875,14368676.0,10,71,1.251729,0.651436,69.169931,40.093671,255,459700314,463227029,255,0.000664,0.000519,0.000145,63,1176,0,0,9,0,9,6,1,6,0,0,0,8,14,0,Normal,0,1
26199,0.330697,tcp,-,FIN,92,164,5696,192828,771.098619,31,29,136318.1406,4636341.0,10,71,3.630473,2.026049,281.609326,243.668875,255,3205087798,1079342487,255,0.000592,0.000447,0.000145,62,1176,0,0,13,0,9,3,1,4,0,0,0,5,11,0,Normal,0,1
26300,0.274133,tcp,-,FIN,96,164,5904,192828,944.79688,31,29,170515.7813,5592993.0,10,71,2.881947,1.678411,195.427329,150.096715,255,1239701266,1250143037,255,0.000682,0.000548,0.000134,62,1176,0,0,8,0,7,5,1,5,0,0,0,6,5,0,Normal,0,1
26305,4.921432,tcp,-,FIN,444,858,24952,1094788,264.353951,31,29,40469.52344,1777552.5,38,390,11.108589,5.74195,5467.088804,3929.59382,255,3286960149,3290554386,255,0.000744,0.000577,0.000167,56,1276,0,0,14,0,5,1,1,1,0,0,0,3,13,0,Normal,0,1
26315,0.170303,tcp,-,FIN,86,164,5384,192828,1462.099887,31,29,250001.4688,9002918.0,10,71,1.999659,1.041607,117.619425,63.441196,255,2922187774,2926633582,255,0.000665,0.000515,0.00015,63,1176,0,0,9,0,8,6,1,6,0,0,0,9,10,0,Normal,0,1
26370,0.121646,tcp,-,FIN,92,164,5696,192828,2096.246452,31,29,370583.5,12603982.0,10,71,1.33333,0.743049,75.094702,43.289977,255,4233225433,4236816643,255,0.000669,0.000523,0.000146,62,1176,0,0,15,0,7,6,1,6,0,0,0,14,13,0,Normal,0,1
26371,1.026413,tcp,-,FIN,92,164,5696,192828,248.438016,31,29,43919.94531,1493769.125,10,71,11.275736,6.29338,834.632217,626.844654,255,4172647163,2093881059,255,0.000739,0.000588,0.000151,62,1176,0,0,14,0,11,6,1,6,0,0,0,9,13,0,Normal,0,1
26394,5.662488,tcp,-,FIN,452,858,25368,1094788,231.170468,31,29,35760.95703,1544922.25,38,390,12.554663,6.606796,5846.748199,4242.795562,255,3286961025,3291136616,255,0.00058,0.000461,0.000119,56,1276,0,0,14,0,5,5,1,5,0,0,0,7,13,0,Normal,0,1
26428,16.742771,tcp,http,FIN,344,746,18370,1087900,65.042996,31,29,8752.195312,519121.7188,2,370,48.811766,22.47284,2619.765054,1719.615803,255,1370024511,1371149748,255,0.000643,0.000499,0.000144,53,1458,1,524288,3,0,4,2,1,1,0,0,1,9,4,0,Normal,0,1
26445,4.099096,tcp,-,FIN,224,438,12934,548216,161.255074,31,29,25131.39648,1067484.25,21,197,18.380085,9.378993,6438.070042,4607.825382,255,2488452830,349189404,255,0.000595,0.000472,0.000123,58,1252,0,0,4,0,11,1,1,1,0,0,0,1,13,0,Normal,0,1
26465,0.308319,tcp,-,FIN,92,164,5696,192828,827.065468,31,29,146212.2031,4972849.5,10,71,3.38489,1.888497,226.110758,123.953561,255,2389934278,245078624,255,0.000636,0.00049,0.000146,62,1176,0,0,15,0,11,12,1,7,0,0,0,16,15,0,Normal,0,1
26485,38.068539,arp,-,CON,2,2,56,92,0.078805,0,0,5.884124,9.666775,0,0,38067.52,38067.516,0.0,0.0,0,0,0,0,0.0,0.0,0.0,28,46,0,0,2,0,2,2,2,2,0,0,0,2,2,0,Normal,0,1
26491,38.068539,arp,-,CON,2,2,56,92,0.078805,0,0,5.884124,9.666775,0,0,38067.52,38067.516,0.0,0.0,0,0,0,0,0.0,0.0,0.0,28,46,0,0,2,0,2,2,2,2,0,0,0,2,2,0,Normal,0,1
26500,0.30289,tcp,-,FIN,88,164,5488,192828,828.683673,31,29,143312.75,5061983.0,10,71,3.478057,1.854687,208.534039,114.077791,255,2445739031,304204100,255,0.000735,0.00057,0.000165,62,1176,0,0,6,0,6,6,1,6,0,0,0,8,8,0,Normal,0,1
26542,0.258123,tcp,-,FIN,92,164,5696,192828,987.901077,31,29,174645.4063,5939896.5,10,71,2.831769,1.580669,177.422725,102.742489,255,360353460,2510078281,255,0.001145,0.00047,0.000675,62,1176,0,0,15,0,8,12,1,7,0,0,0,16,8,0,Normal,0,1
26560,0.161696,tcp,-,FIN,88,164,5488,192828,1552.295648,31,29,268454.375,9482139.0,10,71,1.854678,0.989239,116.559778,61.026664,255,2625744302,485716156,255,0.000575,0.000449,0.000126,62,1176,0,0,10,0,7,6,1,6,0,0,0,12,7,0,Normal,0,1
26562,0.980847,tcp,-,FIN,96,164,5904,192828,264.057493,31,29,47656.76953,1563163.25,10,71,10.321042,6.014276,701.485176,535.233018,255,2467798890,336184357,255,0.00065,0.000515,0.000135,62,1176,0,0,16,0,9,6,1,6,0,0,0,7,15,0,Normal,0,1
26569,7.142672,tcp,-,FIN,386,748,21766,954154,158.62411,31,29,24315.83008,1067252.125,33,340,18.551577,9.561182,6931.716547,4982.495473,255,1137381967,1142624077,255,0.000585,0.000463,0.000122,56,1276,0,0,4,0,4,3,1,3,0,0,0,3,18,0,Normal,0,1
26593,18.120777,tcp,http,FIN,304,746,16290,1087900,57.889349,31,29,7168.346191,479644.7813,2,370,59.803483,24.322496,3484.185211,2128.444588,255,2075711883,4226375603,255,0.000663,0.00051,0.000153,54,1458,1,524288,1,0,2,1,1,1,0,0,1,5,2,0,Normal,0,1
26594,0.107604,tcp,-,FIN,92,164,5696,192828,2369.800445,31,29,418943.5313,14248764.0,10,71,1.178923,0.656761,66.385002,39.831199,255,1899701156,1903333178,255,0.000697,0.000549,0.000148,62,1176,0,0,17,0,8,6,1,8,0,0,0,12,10,0,Normal,0,1
26636,4.000318,tcp,http,FIN,338,746,18058,1087890,270.728474,31,29,36007.13672,2172691.25,2,370,11.869329,5.368849,656.602216,404.189117,255,3689669994,1545196024,255,0.000648,0.000516,0.000132,53,1458,1,524288,2,0,1,2,1,1,0,0,1,4,1,0,Normal,0,1
26688,6.546603,tcp,-,FIN,438,858,24640,1094788,197.812508,31,29,30041.83984,1336281.375,38,390,14.980059,7.638425,5986.499771,4274.233729,255,1137381107,1142086829,255,0.000601,0.000467,0.000134,56,1276,0,0,4,0,4,3,1,3,0,0,0,3,18,0,Normal,0,1
26719,0.154655,tcp,-,FIN,88,164,5488,192828,1622.967306,31,29,280676.3438,9913834.0,10,71,1.772632,0.945791,100.16215,56.09015,255,3997994782,1856291102,255,0.000618,0.000487,0.000131,62,1176,0,0,12,0,8,6,1,6,0,0,0,8,8,0,Normal,0,1
26720,0.185643,tcp,-,FIN,90,164,5592,192828,1362.830792,31,29,238306.8594,8258991.5,10,71,2.082247,1.135485,112.984564,69.950881,255,1162411678,1165874737,255,0.000734,0.000556,0.000178,62,1176,0,0,16,0,8,6,1,6,0,0,0,9,18,0,Normal,0,1
26752,30.987024,arp,-,CON,4,4,184,112,0.225901,0,0,35.627815,21.686497,0,0,15492.871,15492.87,15492.852,15492.864,0,0,0,0,0.0,0.0,0.0,46,28,0,0,2,0,2,2,2,2,0,0,0,2,2,0,Normal,0,1
26756,0.966639,tcp,-,FIN,94,164,5800,192828,265.869683,31,29,47496.53125,1586139.25,10,71,10.390516,5.927258,766.167655,575.863215,255,2805163735,662640610,255,0.000904,0.000493,0.000411,62,1176,0,0,7,0,8,6,1,6,0,0,0,6,12,0,Normal,0,1
26759,30.987024,arp,-,CON,4,4,184,112,0.225901,0,0,35.627815,21.686497,0,0,15492.871,15492.87,15492.852,15492.864,0,0,0,0,0.0,0.0,0.0,46,28,0,0,2,0,2,2,2,2,0,0,0,2,2,0,Normal,0,1
26782,1.171656,tcp,http,FIN,364,746,19410,1087890,946.523543,31,29,132168.4844,7418095.5,2,370,3.226766,1.571985,195.34775,106.926861,255,2265738967,121425132,255,0.000657,0.000522,0.000135,53,1458,1,524288,2,0,3,1,1,1,0,0,1,2,2,0,Normal,0,1
26791,4.702876,tcp,http,FIN,322,746,17226,1087890,226.882439,31,29,29212.76172,1848115.0,2,370,14.648421,6.311565,874.419047,513.631779,255,3749671115,3767503563,255,0.000907,0.000756,0.000151,53,1458,1,524288,2,0,4,2,1,1,0,0,1,4,2,0,Normal,0,1
26831,0.158479,tcp,-,FIN,92,164,5696,192828,1609.045942,31,29,284454.0938,9674619.0,10,71,1.737989,0.969067,93.346429,58.612729,255,545130414,2694067681,255,0.000649,0.000517,0.000132,62,1176,0,0,19,0,6,6,1,6,0,0,0,11,7,0,Normal,0,1
26836,0.109088,tcp,-,FIN,94,164,5800,192828,2355.896079,31,29,420871.2188,14054928.0,10,71,1.169333,0.665853,65.401061,39.402312,255,532217222,2681205733,255,0.000675,0.000551,0.000124,62,1176,0,0,14,0,8,6,1,7,0,0,0,11,9,0,Normal,0,1
26837,0.204056,tcp,-,FIN,90,164,5592,192828,1239.855758,31,29,216803.2344,7513741.5,10,71,2.289135,1.248798,120.622697,78.311382,255,2736198267,594570006,255,0.000656,0.000496,0.00016,62,1176,0,0,10,0,4,1,1,1,0,0,0,2,12,0,Normal,0,1
26914,1.158962,tcp,http,FIN,12,18,1580,10168,25.02239,31,29,10002.05371,66293.80469,3,5,105.328545,68.144943,10855.33019,8742.400808,255,1462415652,1463474545,255,0.000639,0.000494,0.000145,132,565,1,3924,2,0,4,2,2,2,0,0,4,3,3,0,Normal,0,1
26951,0.109883,tcp,-,FIN,90,164,5592,192828,2302.448907,31,29,402610.0313,13953241.0,10,71,1.230978,0.671043,68.005732,40.225059,255,892218378,3041063612,255,0.000649,0.000499,0.00015,62,1176,0,0,7,0,7,6,1,6,0,0,0,8,8,0,Normal,0,1
26978,1.158962,tcp,http,FIN,12,18,1580,10168,25.02239,31,29,10002.05371,66293.80469,3,5,105.328545,68.144943,10855.33019,8742.400808,255,1462415652,1463474545,255,0.000639,0.000494,0.000145,132,565,1,3924,2,0,4,2,2,2,0,0,4,3,3,0,Normal,0,1
26990,0.105656,tcp,-,FIN,92,164,5696,192828,2413.492891,31,29,426667.6875,14511471.0,10,71,1.157593,0.64489,63.771492,38.616453,255,2122413677,2126030707,255,0.00067,0.000536,0.000134,62,1176,0,0,16,0,6,6,1,6,0,0,0,9,15,0,Normal,0,1
27007,14.498785,tcp,http,FIN,324,746,17330,1087900,73.730316,31,29,9532.936523,599466.5,2,370,44.886893,19.460762,2198.093486,1418.051746,255,3590902516,1446566927,255,0.000658,0.000513,0.000145,53,1458,1,524288,2,0,4,1,1,2,0,0,1,4,1,0,Normal,0,1
27045,0.12885,tcp,-,FIN,90,164,5592,192828,1963.523506,31,29,343344.9688,11899294.0,10,71,1.444213,0.787571,82.133446,47.567483,255,3470511641,3474568632,255,0.000595,0.000473,0.000122,62,1176,0,0,19,0,9,6,1,8,0,0,0,14,10,0,Normal,0,1
27060,5.263608,tcp,-,FIN,424,858,23912,1094788,243.369188,31,29,36258.01953,1661997.625,38,390,12.442706,6.141334,5797.730964,4074.62028,255,2488453908,346491551,255,0.000611,0.000479,0.000132,56,1276,0,0,9,0,2,1,1,1,0,0,0,3,13,0,Normal,0,1
27115,0.252294,tcp,-,FIN,90,164,5592,192828,1002.798307,31,29,175350.9844,6077132.0,10,71,2.831191,1.544331,169.439499,91.86753,255,63327965,2216760492,255,0.000716,0.000561,0.000155,62,1176,0,0,15,0,6,6,1,6,0,0,0,10,10,0,Normal,0,1
27150,0.12854,tcp,-,FIN,90,164,5592,192828,1968.258994,31,29,344173.0313,11927992.0,10,71,1.44091,0.785307,81.628043,46.475422,255,4056198457,1914427377,255,0.000663,0.000531,0.000132,62,1176,0,0,6,0,9,6,1,8,0,0,0,10,10,0,Normal,0,1
27183,0.120598,tcp,-,FIN,88,164,5488,192828,2081.294824,31,29,359939.625,12713511.0,10,71,1.381943,0.736552,86.48933,47.448623,255,1912217916,1915932078,255,0.000673,0.000536,0.000137,62,1176,0,0,13,0,9,6,1,6,0,0,0,8,8,0,Normal,0,1
27199,0.110819,tcp,-,FIN,92,164,5696,192828,2301.049521,31,29,406789.4688,13835390.0,10,71,1.214231,0.677,68.857487,40.594537,255,1980353858,4129230356,255,0.000588,0.000464,0.000124,62,1176,0,0,6,0,4,2,1,2,0,0,0,4,6,0,Normal,0,1
27224,1.304497,tcp,-,FIN,92,164,5696,192828,195.477643,31,29,34557.38281,1175337.25,10,71,14.331649,8.000135,1445.814164,1221.858128,255,3520968244,3552108518,255,0.000601,0.000471,0.00013,62,1176,0,0,13,0,10,6,1,6,0,0,0,9,16,0,Normal,0,1
27237,0.104444,tcp,-,FIN,92,164,5696,192828,2441.499818,31,29,431618.875,14679867.0,10,71,1.144253,0.637785,63.16777,38.592356,255,694929427,698652209,255,0.000615,0.000482,0.000133,62,1176,0,0,8,0,11,6,1,7,0,0,0,11,18,0,Normal,0,1
27244,6.678846,tcp,-,FIN,438,858,24640,1094788,193.895775,31,29,29447.00391,1309822.75,38,390,15.282586,7.792742,7072.202178,5057.271146,255,2488454809,347033160,255,0.000586,0.000462,0.000124,56,1276,0,0,9,0,6,1,1,1,0,0,0,1,13,0,Normal,0,1
27266,3.399937,tcp,http,FIN,314,746,16810,1087890,311.476368,31,29,39428.96875,2556358.0,2,370,10.861371,4.56295,613.165298,374.869867,255,2032606010,2062904251,255,0.000651,0.000528,0.000123,54,1458,1,524288,2,0,3,1,1,1,0,0,1,4,2,0,Normal,0,1
27279,0.132627,tcp,-,FIN,90,164,5592,192828,1907.605606,31,29,333567.0938,11560422.0,10,71,1.48664,0.810663,85.7223,48.284299,255,1685125514,1688744797,255,0.000618,0.000486,0.000132,62,1176,0,0,8,0,6,4,1,4,0,0,0,6,7,0,Normal,0,1
27321,18.67614,tcp,http,FIN,334,746,17850,1087900,57.774252,31,29,7623.416992,465381.8125,2,370,56.083467,25.067854,2964.800868,1918.214261,255,3250585347,1109082628,255,0.000721,0.000578,0.000143,53,1458,0,0,2,0,7,1,1,2,0,0,0,3,1,0,Normal,0,1
27326,0.108085,tcp,-,FIN,88,164,5488,192828,2322.246401,31,29,401609.8438,14185354.0,10,71,1.238655,0.660252,65.953676,39.735711,255,2878263183,736580640,255,0.000624,0.00046,0.000164,62,1176,0,0,9,0,10,6,1,6,0,0,0,11,9,0,Normal,0,1
27350,30.980066,arp,-,CON,4,4,184,112,0.225952,0,0,35.635818,21.691368,0,0,15515.471,15515.472,15515.443,15515.446,0,0,0,0,0.0,0.0,0.0,46,28,0,0,2,0,2,2,2,2,0,0,0,2,2,0,Normal,0,1
27359,30.980066,arp,-,CON,4,4,184,112,0.225952,0,0,35.635818,21.691368,0,0,15515.471,15515.472,15515.443,15515.446,0,0,0,0,0.0,0.0,0.0,46,28,0,0,2,0,2,2,2,2,0,0,0,2,2,0,Normal,0,1
27410,7.495292,tcp,-,FIN,442,858,24848,1094788,173.308787,31,29,26461.41016,1167146.5,38,390,16.995363,8.745366,8704.999064,6251.62221,255,2488455889,2492970942,255,0.000632,0.00051,0.000122,56,1276,0,0,9,0,4,2,1,2,0,0,0,8,13,0,Normal,0,1
27411,0.111035,tcp,-,FIN,92,164,5696,192828,2296.573219,31,29,405998.125,13808475.0,10,71,1.216451,0.67792,70.98019,42.685734,255,2872909869,2876491915,255,0.000664,0.000531,0.000133,62,1176,0,0,8,0,8,6,1,6,0,0,0,8,6,0,Normal,0,1
27414,0.10885,tcp,-,FIN,90,164,5592,192828,2324.299446,31,29,406430.875,14085659.0,10,71,1.219303,0.664558,66.87541,40.360836,255,1054928902,3208052310,255,0.000674,0.000524,0.00015,62,1176,0,0,6,0,6,6,1,6,0,0,0,8,7,0,Normal,0,1
27416,8.117777,tcp,-,FIN,386,748,21766,954154,139.570232,31,29,21395.01953,939054.125,33,340,21.084181,10.866532,9536.917044,6820.259914,255,343070387,2493506624,255,0.000604,0.000474,0.00013,56,1276,0,0,9,0,4,2,1,2,0,0,0,8,13,0,Normal,0,1
27419,0.981797,tcp,ssh,FIN,228,234,24240,29348,469.547177,31,29,196651.6563,238118.4688,54,67,4.325097,4.210708,349.985294,347.018357,255,4121790931,4122111560,255,0.000705,0.000571,0.000134,106,125,0,0,1,0,2,1,1,1,0,0,0,1,1,0,Normal,0,1
27420,0.107837,tcp,-,FIN,92,164,5696,192828,2364.680048,31,29,418038.3438,14217977.0,10,71,1.181582,0.658552,65.434779,39.52727,255,1212869713,1216371820,255,0.000619,0.000487,0.000132,62,1176,0,0,14,0,9,6,1,8,0,0,0,10,10,0,Normal,0,1
27423,1.183585,tcp,http,FIN,358,746,19098,1087890,931.914443,31,29,128727.5469,7343330.5,2,370,3.314426,1.587962,184.8495,111.470963,255,3331180,4430092,255,0.0007,0.000549,0.000151,53,1458,1,524288,3,0,3,1,1,1,0,0,1,3,2,0,Normal,0,1
27429,5.961716,tcp,http,FIN,348,746,18578,1087890,183.33647,31,29,24858.61328,1457878.25,2,370,17.179821,8.001599,1595.938795,1075.329093,255,2576457217,432086362,255,0.000658,0.00052,0.000138,53,1458,1,524288,1,0,2,1,1,1,0,0,1,3,1,0,Normal,0,1
27438,0.727627,tcp,-,FIN,86,164,5384,192828,342.208311,31,29,58513.5,2107156.5,10,71,8.556541,4.460515,574.515186,416.11911,255,2457679625,338618108,255,0.000682,0.000559,0.000123,63,1176,0,0,13,0,10,6,1,7,0,0,0,7,11,0,Normal,0,1
27464,0.107036,tcp,-,FIN,88,164,5488,192828,2345.005375,31,29,405545.7813,14324377.0,10,71,1.226287,0.653387,69.466973,39.902536,255,4040314278,4043937831,255,0.000657,0.00053,0.000127,62,1176,0,0,10,0,8,6,1,6,0,0,0,12,14,0,Normal,0,1
27480,0.181512,tcp,-,FIN,88,164,5488,192828,1382.828697,31,29,239146.7188,8446957.0,10,71,2.07877,1.110528,126.044942,70.357807,255,17641074,21225000,255,0.000623,0.000492,0.000131,62,1176,0,0,10,0,7,7,1,7,0,0,0,9,18,0,Normal,0,1
27528,0.105413,tcp,-,FIN,88,164,5488,192828,2381.11055,31,29,411789.8125,14544924.0,10,71,1.222,0.643429,65.800704,39.34254,255,3177678859,3177168524,255,0.000663,0.000531,0.000132,62,1176,0,0,11,0,4,4,1,4,0,0,0,6,5,0,Normal,0,1
27590,0.107433,tcp,-,FIN,92,164,5696,192828,2373.572394,31,29,419610.375,14271444.0,10,71,1.177033,0.656117,65.677389,39.727032,255,3860321305,3864034041,255,0.000613,0.000483,0.00013,62,1176,0,0,9,0,8,6,1,6,0,0,0,9,12,0,Normal,0,1
27607,37.486546,arp,-,CON,2,2,56,92,0.080029,0,0,5.975477,9.816855,0,0,37485.528,37485.528,0.0,0.0,0,0,0,0,0.0,0.0,0.0,28,46,0,0,1,0,1,1,1,1,0,0,0,1,1,0,Normal,0,1
27614,37.486546,arp,-,CON,2,2,56,92,0.080029,0,0,5.975477,9.816855,0,0,37485.528,37485.528,0.0,0.0,0,0,0,0,0.0,0.0,0.0,28,46,0,0,1,0,1,1,1,1,0,0,0,1,1,0,Normal,0,1
27638,0.137653,tcp,-,FIN,96,164,5904,192828,1881.542813,31,29,339578.5313,11138327.0,10,71,1.445421,0.841135,84.090539,51.801711,255,857641351,3010839296,255,0.000698,0.000545,0.000153,62,1176,0,0,10,0,6,6,1,6,0,0,0,8,7,0,Normal,0,1
27639,1.146659,tcp,http,FIN,360,746,19202,1087890,963.66922,31,29,133598.5625,7579808.5,2,370,3.19312,1.538436,184.479225,111.920746,255,1332873734,1333899992,255,0.000653,0.000519,0.000134,53,1458,1,524288,3,0,6,1,1,1,0,0,1,5,1,0,Normal,0,1
27641,0.105413,tcp,-,FIN,88,164,5488,192828,2381.11055,31,29,411789.8125,14544924.0,10,71,1.222,0.643429,65.800704,39.34254,255,3177678859,3177168524,255,0.000663,0.000531,0.000132,62,1176,0,0,8,0,3,3,1,3,0,0,0,3,10,0,Normal,0,1
27698,0.103419,tcp,-,FIN,88,164,5488,192828,2427.020217,31,29,419729.4688,14825361.0,10,71,1.184977,0.631055,64.332889,38.47767,255,2197024880,2200685417,255,0.000687,0.000553,0.000134,62,1176,0,0,16,0,5,5,1,5,0,0,0,8,18,0,Normal,0,1
27713,0.114121,tcp,-,FIN,90,164,5592,192828,2216.945221,31,29,387658.7188,13435074.0,10,71,1.278292,0.696865,72.729178,42.997376,255,2377025731,2380577566,255,0.000662,0.000529,0.000133,62,1176,0,0,10,0,7,4,1,5,0,0,0,6,9,0,Normal,0,1
27776,0.149854,tcp,-,FIN,88,164,5488,192828,1674.963582,31,29,289668.5938,10231452.0,10,71,1.718759,0.916325,104.895316,58.99631,255,1812871000,1816337279,255,0.000617,0.000487,0.00013,62,1176,0,0,8,0,8,6,1,6,0,0,0,13,8,0,Normal,0,1
27789,0.201111,tcp,-,FIN,94,164,5800,192828,1277.901235,31,29,228291.8281,7623770.0,10,71,2.159043,1.230454,110.185421,73.814562,255,4073486500,4077210674,255,0.000673,0.000543,0.00013,62,1176,0,0,10,0,6,6,1,6,0,0,0,11,10,0,Normal,0,1
27808,0.132662,tcp,-,FIN,88,164,5488,192828,1892.026377,31,29,327207.5,11557372.0,10,71,1.521287,0.810871,86.241422,52.45246,255,1337641432,3487229760,255,0.000628,0.000486,0.000142,62,1176,0,0,5,0,8,5,1,5,0,0,0,8,18,0,Normal,0,1
27884,0.110361,tcp,-,FIN,94,164,5800,192828,2328.721146,31,29,416016.5313,13892806.0,10,71,1.19612,0.674031,67.695047,41.16652,255,2470202425,324375092,255,0.000623,0.00049,0.000133,62,1176,0,0,9,0,7,6,1,6,0,0,0,10,9,0,Normal,0,1
27905,0.109817,tcp,-,FIN,94,164,5800,192828,2340.25701,31,29,418077.3438,13961627.0,10,71,1.177398,0.670736,65.424493,40.627945,255,205386351,208876596,255,0.000611,0.00048,0.000131,62,1176,0,0,18,0,5,5,1,5,0,0,0,7,5,0,Normal,0,1
28000,0.115908,tcp,-,FIN,92,164,5696,192828,2200.020765,31,29,388929.1563,13227940.0,10,71,1.270297,0.708233,74.667646,44.042899,255,2581230624,2584839961,255,0.000587,0.000464,0.000123,62,1176,0,0,6,0,6,6,1,6,0,0,0,8,9,0,Normal,0,1
28004,0.170466,tcp,-,FIN,86,164,5384,192828,1460.701791,31,29,249762.4063,8994309.0,10,71,2.001765,1.042546,119.697297,67.885683,255,1157640211,1161142864,255,0.000659,0.000528,0.000131,63,1176,0,0,12,0,4,3,1,3,0,0,0,5,5,0,Normal,0,1
28017,0.147508,tcp,-,FIN,90,164,5592,192828,1715.161265,31,29,299915.9375,10394176.0,10,71,1.653247,0.901503,90.870968,58.784161,255,3310773696,1169151870,255,0.000692,0.000559,0.000133,62,1176,0,0,13,0,11,6,1,6,0,0,0,9,10,0,Normal,0,1
28030,0.504828,tcp,-,FIN,212,396,12242,495632,1202.389781,31,29,193095.4844,7834447.0,19,178,2.390995,1.27681,137.773104,79.637369,255,3145687365,1000670425,255,0.001816,0.000485,0.001331,58,1252,0,0,18,0,7,7,1,6,0,0,0,9,7,0,Normal,0,1
28036,0.105436,tcp,-,FIN,88,164,5488,192828,2380.591132,31,29,411700.0,14541751.0,10,71,1.207655,0.643693,65.510303,39.104268,255,555844717,2709078666,255,0.000651,0.000508,0.000143,62,1176,0,0,13,0,8,6,1,6,0,0,0,9,7,0,Normal,0,1
28055,0.103481,tcp,-,FIN,92,164,5696,192828,2464.220434,31,29,435635.5313,14816478.0,10,71,1.133692,0.631436,61.898412,38.288598,255,625385628,629094130,255,0.00073,0.000553,0.000177,62,1176,0,0,9,0,4,1,1,2,0,0,0,4,9,0,Normal,0,1
28061,0.313263,tcp,-,FIN,210,396,12138,495632,1931.284581,31,29,308520.3125,12625328.0,19,178,1.497344,0.791706,83.916338,44.250604,255,816107168,819748859,255,0.000682,0.000535,0.000147,58,1252,0,0,18,0,3,7,1,1,0,0,0,9,10,0,Normal,0,1
28102,0.360988,tcp,-,FIN,202,396,11722,495632,1653.794627,31,29,258490.5938,10956176.0,19,178,1.794393,0.9126,106.487841,52.750045,255,1476106320,1479735754,255,0.000658,0.000508,0.00015,58,1252,0,0,8,0,1,1,1,1,0,0,0,5,11,0,Normal,0,1
28144,0.19709,tcp,-,FIN,94,164,5800,192828,1303.972805,31,29,232949.4219,7779309.0,10,71,2.115882,1.205963,108.679143,73.374321,255,2882641760,741024859,255,0.000669,0.000514,0.000155,62,1176,0,0,18,0,7,6,1,6,0,0,0,9,9,0,Normal,0,1
28146,0.131533,tcp,-,FIN,88,164,5488,192828,1908.266412,31,29,330016.0625,11656573.0,10,71,1.508138,0.80262,80.054394,46.542202,255,3010195752,864373506,255,0.000831,0.000703,0.000128,62,1176,0,0,12,0,10,6,1,7,0,0,0,10,12,0,Normal,0,1
28161,0.107231,tcp,-,FIN,92,164,5696,192828,2378.043694,31,29,420400.8125,14298328.0,10,71,1.174945,0.654816,64.753186,39.102789,255,2954967794,809156712,255,0.000622,0.000492,0.00013,62,1176,0,0,6,0,8,6,1,6,0,0,0,10,9,0,Normal,0,1
28202,0.110591,tcp,-,FIN,90,164,5592,192828,2287.708727,31,29,400032.5313,13863913.0,10,71,1.239135,0.675313,74.386034,42.67416,255,2825425580,2829066870,255,0.000648,0.000508,0.00014,62,1176,0,0,19,0,6,6,1,6,0,0,0,13,10,0,Normal,0,1
28219,0.107461,tcp,-,FIN,88,164,5488,192828,2335.731146,31,29,403941.9063,14267725.0,10,71,1.221299,0.655841,65.765171,40.599827,255,1700614818,3853859727,255,0.000688,0.000555,0.000133,62,1176,0,0,8,0,5,3,1,3,0,0,0,5,10,0,Normal,0,1
28237,1.055152,tcp,http,FIN,12,18,1580,10168,27.48419,31,29,10986.09473,72816.04688,3,5,95.891365,62.038355,9846.855618,7929.799648,255,1127442962,3278007059,255,0.000625,0.000496,0.000129,132,565,1,3924,2,0,4,2,2,3,0,0,4,4,4,0,Normal,0,1
28261,1.055152,tcp,http,FIN,12,18,1580,10168,27.48419,31,29,10986.09473,72816.04688,3,5,95.891365,62.038355,9846.855618,7929.799648,255,1127442962,3278007059,255,0.000625,0.000496,0.000129,132,565,1,3924,2,0,4,2,2,3,0,0,4,4,4,0,Normal,0,1
28292,0.156841,tcp,-,FIN,90,164,5592,192828,1613.098668,31,29,282069.125,9775658.0,10,71,1.75818,0.959012,110.363015,58.923108,255,4203028051,4210781282,255,0.000657,0.000519,0.000138,62,1176,0,0,8,0,10,6,1,8,0,0,0,10,13,0,Normal,0,1
28346,0.15914,tcp,-,FIN,86,164,5384,192828,1564.659992,31,29,267538.0,9634435.0,10,71,1.868388,0.97292,113.452644,61.131461,255,2359737911,213684140,255,0.000684,0.00055,0.000134,63,1176,0,0,12,0,8,6,1,6,0,0,0,10,10,0,Normal,0,1
28373,0.176837,tcp,-,FIN,92,164,5696,192828,1442.005937,31,29,254924.0313,8670267.0,10,71,1.939396,1.081945,106.906581,64.504468,255,2445346645,303475052,255,0.000611,0.000479,0.000132,62,1176,0,0,12,0,4,3,1,3,0,0,0,8,7,0,Normal,0,1
28393,0.188344,tcp,-,FIN,92,164,5696,192828,1353.905607,31,29,239349.2813,8140551.5,10,71,2.066154,1.152184,108.767324,72.750168,255,4025424949,4029052306,255,0.000682,0.000532,0.00015,62,1176,0,0,19,0,8,12,1,8,0,0,0,18,23,0,Normal,0,1
28400,0.309157,tcp,-,FIN,92,164,5696,192828,824.823596,31,29,145815.875,4959370.0,10,71,3.39389,1.892012,273.510503,205.741099,255,1935843323,4095630480,255,0.000943,0.000755,0.000188,62,1176,0,0,19,0,6,12,1,6,0,0,0,18,11,0,Normal,0,1
28427,0.579036,tcp,-,FIN,216,396,12450,495632,1055.202099,31,29,171222.5156,6830401.0,19,178,2.69167,1.464567,141.271784,87.633936,255,1956107412,4109319645,255,0.000671,0.000529,0.000142,58,1252,0,0,10,0,3,1,1,2,0,0,0,7,8,0,Normal,0,1
28436,0.111585,tcp,-,FIN,86,164,5384,192828,2231.482753,31,29,381556.6563,13740413.0,10,71,1.309012,0.681129,70.755866,41.756762,255,3730779586,1589606926,255,0.000718,0.000558,0.00016,63,1176,0,0,18,0,9,6,1,6,0,0,0,10,8,0,Normal,0,1
28450,0.131363,tcp,-,FIN,90,164,5592,192828,1925.960822,31,29,336776.7188,11671658.0,10,71,1.472281,0.802577,83.771108,51.010581,255,479961669,2633135898,255,0.000663,0.000539,0.000124,62,1176,0,0,11,0,4,3,1,4,0,0,0,6,11,0,Normal,0,1
28454,1.005843,tcp,http,FIN,12,18,1580,10168,28.831536,31,29,11524.66113,76385.67188,3,5,91.311729,59.135766,9524.038816,7674.068775,255,3194966009,3196023220,255,0.000674,0.000527,0.000147,132,565,1,524288,3,0,4,3,2,2,0,0,4,3,3,0,Normal,0,1
28458,0.162841,tcp,-,FIN,90,164,5592,192828,1553.662707,31,29,271676.0313,9415466.0,10,71,1.826034,0.996006,114.27967,65.159628,255,450163127,456616214,255,0.000618,0.00049,0.000128,62,1176,0,0,11,0,11,6,1,6,0,0,0,9,13,0,Normal,0,1
28459,0.776522,tcp,-,FIN,218,396,12554,495632,789.417448,31,29,128748.4453,5093285.5,19,178,3.576917,1.964347,290.433019,199.993027,255,2136105741,14967924,255,0.000761,0.000602,0.000159,58,1252,0,0,11,0,7,6,1,6,0,0,0,7,10,0,Normal,0,1
28544,0.193379,tcp,-,FIN,94,164,5800,192828,1328.996428,31,29,237419.7813,7928596.0,10,71,2.075839,1.177374,108.75825,68.653456,255,2959737085,2963384082,255,0.001586,0.00146,0.000126,62,1176,0,0,12,0,12,6,1,6,0,0,0,8,13,0,Normal,0,1
28570,30.983368,arp,-,CON,4,4,184,112,0.225928,0,0,35.632019,21.689056,0,0,15491.436,15491.436,15491.396,15491.406,0,0,0,0,0.0,0.0,0.0,46,28,0,0,2,0,2,2,2,2,0,0,0,2,2,0,Normal,0,1
28579,30.983368,arp,-,CON,4,4,184,112,0.225928,0,0,35.632019,21.689056,0,0,15491.436,15491.436,15491.396,15491.406,0,0,0,0,0.0,0.0,0.0,46,28,0,0,2,0,2,2,2,2,0,0,0,2,2,0,Normal,0,1
28592,0.231367,tcp,-,FIN,90,164,5592,192828,1093.500769,31,29,191211.3594,6626805.0,10,71,2.596079,1.416436,145.432141,85.128224,255,568362160,2721536512,255,0.000614,0.000482,0.000132,62,1176,0,0,14,0,7,6,1,6,0,0,0,10,10,0,Normal,0,1
28612,0.111925,tcp,-,FIN,94,164,5800,192828,2296.18051,31,29,410203.2813,13698673.0,10,71,1.19971,0.68354,67.210599,40.549888,255,2178519405,36815816,255,0.000638,0.000505,0.000133,62,1176,0,0,14,0,7,6,1,6,0,0,0,8,9,0,Normal,0,1
28615,0.166394,tcp,-,FIN,88,164,5488,192828,1508.467896,31,29,260874.7969,9214419.0,10,71,1.908919,1.017816,119.548521,63.77621,255,1110158275,1113661406,255,0.000607,0.000486,0.000121,62,1176,0,0,11,0,12,5,1,6,0,0,0,8,13,0,Normal,0,1
28616,0.031756,tcp,-,FIN,122,126,7814,14682,7778.058001,31,29,1952387.0,3669480.0,30,32,0.261592,0.24948,16.301808,14.273624,255,4266005017,4267041821,255,0.000699,0.000567,0.000132,64,117,0,0,18,0,3,1,1,2,0,0,0,6,7,0,Normal,0,1
28634,19.301838,tcp,http,FIN,292,746,15666,1087900,53.725454,31,29,6471.09375,450295.7813,2,370,66.328221,25.90745,3568.669193,2183.465499,255,1993265808,4152450186,255,0.00097,0.000784,0.000186,54,1458,1,524288,1,0,2,1,1,1,0,0,1,1,1,0,Normal,0,1
28775,0.116356,tcp,-,FIN,90,164,5592,192828,2174.361437,31,29,380212.4375,13177008.0,10,71,1.303528,0.710423,74.029778,42.834791,255,1379961258,3528926674,255,0.000722,0.000554,0.000168,62,1176,0,0,7,0,7,6,1,6,0,0,0,9,11,0,Normal,0,1
28787,0.106534,tcp,-,FIN,88,164,5488,192828,2356.055415,31,29,407456.7813,14391875.0,10,71,1.220598,0.650325,64.288427,39.646105,255,3949542465,3948848703,255,0.00066,0.000528,0.000132,62,1176,0,0,11,0,12,6,1,7,0,0,0,8,10,0,Normal,0,1
28808,0.106603,tcp,-,FIN,92,164,5696,192828,2392.052833,31,29,422877.4063,14382560.0,10,71,1.167846,0.650871,64.841382,39.470313,255,1408362198,3557400245,255,0.000648,0.000507,0.000141,62,1176,0,0,7,0,8,6,1,6,0,0,0,8,23,0,Normal,0,1
28819,0.108471,tcp,-,FIN,92,164,5696,192828,2350.858783,31,29,415594.9688,14134875.0,10,71,1.188472,0.662595,65.620732,40.872192,255,273131369,276792208,255,0.000589,0.000465,0.000124,62,1176,0,0,18,0,10,12,1,9,0,0,0,18,12,0,Normal,0,1
28821,8.83669,tcp,http,FIN,354,746,18890,1087890,124.367835,31,29,17053.44336,983564.6875,2,370,25.032244,11.860604,1447.265163,956.806988,255,623587240,2780232238,255,0.000699,0.000535,0.000164,53,1458,1,524288,2,0,2,1,1,1,0,0,1,1,2,0,Normal,0,1
28835,0.121372,tcp,-,FIN,92,164,5696,192828,2100.97882,31,29,371420.0938,12632436.0,10,71,1.330077,0.741184,80.523125,46.504941,255,1499961449,1503525741,255,0.000687,0.000555,0.000132,62,1176,0,0,8,0,8,6,1,6,0,0,0,8,10,0,Normal,0,1
28840,14.703959,tcp,http,FIN,346,746,18474,1087890,74.197702,31,29,10022.33496,591096.3125,2,370,42.619137,19.736116,4729.100533,2956.269804,255,1300089984,3485519352,255,0.000719,0.000548,0.000171,53,1458,1,524288,1,0,3,1,1,1,0,0,1,4,2,0,Normal,0,1
28883,0.195592,tcp,-,FIN,90,164,5592,192828,1293.50893,31,29,226185.125,7838889.0,10,71,2.193921,1.196896,111.074701,72.831077,255,2718524927,576800101,255,0.000629,0.000494,0.000135,62,1176,0,0,18,0,7,12,1,6,0,0,0,18,9,0,Normal,0,1
28905,0.339365,tcp,-,FIN,206,396,11930,495632,1770.954548,31,29,279887.4375,11654260.0,19,178,1.653766,0.857835,100.262428,53.068247,255,3994010597,1852837000,255,0.000648,0.000516,0.000132,58,1252,0,0,7,0,14,6,1,6,0,0,0,9,16,0,Normal,0,1
28925,0.201512,tcp,-,FIN,94,164,5800,192828,1275.358329,31,29,227837.5625,7608599.0,10,71,2.163194,1.233301,122.937195,74.46768,255,1590157126,1597264413,255,0.000612,0.00048,0.000132,62,1176,0,0,10,0,8,6,1,7,0,0,0,10,6,0,Normal,0,1
28931,8.261767,tcp,http,FIN,338,746,18058,1087890,131.085753,31,29,17434.52539,1052009.25,2,370,24.514643,11.087103,1383.368918,875.474206,255,3174704304,1034728924,255,0.002067,0.001871,0.000196,53,1458,1,524288,1,0,3,1,1,2,0,0,1,6,1,0,Normal,0,1
28944,0.107691,tcp,-,FIN,88,164,5488,192828,2330.742643,31,29,403079.1875,14237253.0,10,71,1.233701,0.65711,66.435976,39.676643,255,2315807369,174038184,255,0.000736,0.000578,0.000158,62,1176,0,0,8,0,5,4,1,4,0,0,0,7,10,0,Normal,0,1
28949,1.004638,tcp,http,FIN,12,18,1580,10168,28.86612,31,29,11538.48535,76477.30469,3,5,91.296726,59.063884,9528.544515,7673.85352,255,3743286207,1599007729,255,0.000699,0.000547,0.000152,132,565,1,524288,1,0,2,1,1,1,0,0,4,1,2,0,Normal,0,1
28954,0.159332,tcp,-,FIN,92,164,5696,192828,1600.431731,31,29,282931.2188,9622825.0,10,71,1.746989,0.970049,110.242602,59.104886,255,3675543691,1534358707,255,0.001399,0.001207,0.000192,62,1176,0,0,19,0,8,6,1,6,0,0,0,8,10,0,Normal,0,1
28958,0.314498,tcp,-,FIN,204,396,11826,495632,1904.622561,31,29,299372.3125,12575749.0,19,178,1.547739,0.794858,90.172612,47.928983,255,61139498,2214266873,255,0.000662,0.000525,0.000137,58,1252,0,0,12,0,14,6,1,6,0,0,0,11,16,0,Normal,0,1
28992,0.103428,tcp,-,FIN,90,164,5592,192828,2446.146142,31,29,427737.1875,14824071.0,10,71,1.158506,0.630417,63.941736,38.563971,255,3002059347,3005785966,255,0.000825,0.000666,0.000159,62,1176,0,0,8,0,7,6,1,6,0,0,0,9,14,0,Normal,0,1
29076,13.503783,tcp,http,FIN,346,746,18474,1087890,80.792174,31,29,10913.08984,643631.1875,2,370,39.140409,18.125268,2373.487827,1547.452909,255,1271070228,1285886195,255,0.00059,0.000457,0.000133,53,1458,1,524288,4,0,3,1,1,1,0,0,1,2,6,0,Normal,0,1
29092,0.109611,tcp,-,FIN,88,164,5488,192828,2289.916218,31,29,396018.6563,13987867.0,10,71,1.256345,0.669454,71.749064,41.196709,255,2910463439,2914059656,255,0.000618,0.000486,0.000132,62,1176,0,0,12,0,7,6,1,6,0,0,0,13,10,0,Normal,0,1
29118,0.153782,tcp,-,FIN,92,164,5696,192828,1658.191518,31,29,293142.25,9970114.0,10,71,1.686516,0.940405,91.224396,57.660815,255,162674079,2311560380,255,0.000625,0.000492,0.000133,62,1176,0,0,19,0,9,6,1,7,0,0,0,14,8,0,Normal,0,1
29147,0.172439,tcp,-,FIN,94,164,5800,192828,1490.382158,31,29,266250.6875,8891400.0,10,71,1.809011,1.054896,116.179583,65.585226,255,702679618,706291285,255,0.000618,0.000485,0.000133,62,1176,0,0,7,0,8,6,1,6,0,0,0,9,13,0,Normal,0,1
29180,0.10518,tcp,-,FIN,92,164,5696,192828,2424.415225,31,29,428598.5938,14577144.0,10,71,1.152121,0.64238,63.958353,38.530809,255,1152478130,3301491726,255,0.000601,0.000469,0.000132,62,1176,0,0,14,0,9,6,1,6,0,0,0,12,9,0,Normal,0,1
29218,8.791019,tcp,http,FIN,352,746,18786,1087890,124.786438,31,29,17047.39648,988674.4375,2,370,25.044664,11.799276,1464.770197,971.999633,255,36104098,45386032,255,0.000686,0.00055,0.000136,53,1458,1,524288,1,0,2,1,1,1,0,0,1,4,2,0,Normal,0,1
29223,15.055858,tcp,http,FIN,350,746,18682,1087890,72.729168,31,29,9898.605469,577280.6875,2,370,43.139034,20.208455,5495.042121,3748.747345,255,491071175,2641630107,255,0.000689,0.000556,0.000133,53,1458,1,524288,1,0,1,1,1,1,0,0,1,1,2,0,Normal,0,1
29243,0.111604,tcp,-,FIN,90,164,5592,192828,2266.943885,31,29,396401.5625,13738074.0,10,71,1.250405,0.681791,70.725508,41.034189,255,105647096,109289426,255,0.0006,0.000468,0.000132,62,1176,0,0,12,0,8,6,1,7,0,0,0,9,17,0,Normal,0,1
29248,10.77663,tcp,http,FIN,350,746,18682,1087890,101.608755,31,29,13829.18359,806509.625,2,370,30.87766,14.464542,1990.663531,1324.441232,255,605122555,638057411,255,0.00068,0.000544,0.000136,53,1458,1,524288,2,0,2,1,1,1,0,0,1,1,3,0,Normal,0,1
29280,0.106956,tcp,-,FIN,92,164,5696,192828,2384.158024,31,29,421481.75,14335091.0,10,71,1.171846,0.65319,65.52105,39.974148,255,2148323378,6707111,255,0.000608,0.000482,0.000126,62,1176,0,0,9,0,6,6,1,6,0,0,0,8,9,0,Normal,0,1
29298,0.646287,tcp,-,FIN,200,396,11618,495632,920.643581,31,29,143094.3125,6119646.5,19,178,3.24601,1.634949,190.745256,112.619043,255,1240877022,1244587300,255,0.000645,0.000478,0.000167,58,1252,0,0,18,0,9,7,1,7,0,0,0,9,17,0,Normal,0,1
29305,0.543659,tcp,-,FIN,206,396,11930,495632,1105.472421,31,29,174712.4688,7274869.5,19,178,2.650405,1.375111,167.46988,95.182772,255,1120876418,1125016007,255,0.000624,0.000484,0.00014,58,1252,0,0,12,0,9,6,1,7,0,0,0,12,12,0,Normal,0,1
29307,0.156648,tcp,-,FIN,94,164,5800,192828,1640.621061,31,29,293090.25,9787703.0,10,71,1.680935,0.963673,100.675167,57.384178,255,3448065520,1306285262,255,0.000696,0.000526,0.00017,62,1176,0,0,10,0,7,5,1,5,0,0,0,9,8,0,Normal,0,1
29314,0.119784,tcp,-,FIN,92,164,5696,192828,2128.831941,31,29,376344.0938,12799907.0,10,71,1.31278,0.731914,87.801476,55.837254,255,3717863710,3721400486,255,0.000618,0.000478,0.00014,62,1176,0,0,9,0,9,6,1,7,0,0,0,10,15,0,Normal,0,1
29325,0.27258,tcp,-,FIN,202,396,11722,495632,2190.182717,31,29,342328.875,14509678.0,19,178,1.354537,0.688835,77.771041,39.359374,255,3146263663,1004413970,255,0.000605,0.000484,0.000121,58,1252,0,0,18,0,9,7,1,7,0,0,0,9,17,0,Normal,0,1
29372,1.100631,tcp,http,FIN,14,18,1684,10168,28.165661,31,29,11368.02441,69807.22656,3,5,84.63669,64.708882,8805.805591,7710.313737,255,3422064197,1273606954,255,0.000708,0.000576,0.000132,120,565,1,3924,5,0,6,2,2,4,0,0,4,4,2,0,Normal,0,1
29422,1.448605,tcp,-,FIN,222,396,12762,495632,425.92703,31,29,70164.05469,2730246.0,19,178,6.553335,3.666002,413.82889,305.528034,255,3826525317,3847198923,255,0.000646,0.000523,0.000123,57,1252,0,0,11,0,3,1,1,1,0,0,0,2,7,0,Normal,0,1
29428,5.732405,tcp,http,FIN,342,746,18266,1087890,189.623721,31,29,25417.60352,1516197.125,2,370,16.809669,7.693724,990.878033,639.039559,255,90154729,2251568010,255,0.000717,0.000577,0.00014,53,1458,1,524288,1,0,4,1,1,1,0,0,1,1,3,0,Normal,0,1
29477,16.891827,tcp,http,FIN,364,746,19410,1087890,65.653054,31,29,9167.510742,514536.1875,2,370,46.533076,22.672881,6201.864572,4320.26666,255,3176457744,3215318384,255,0.000666,0.000523,0.000143,53,1458,0,0,2,0,3,1,1,2,0,0,0,2,6,0,Normal,0,1
29501,13.396849,tcp,http,FIN,360,746,19202,1087890,82.482084,31,29,11434.92773,648768.6875,2,370,37.316213,17.981693,2551.834426,1726.515193,255,2588979248,2630212073,255,0.000611,0.000484,0.000127,53,1458,1,524288,3,0,2,3,1,1,0,0,1,5,1,0,Normal,0,1
29530,0.426069,tcp,-,FIN,94,164,5800,192828,603.188698,31,29,107757.1953,3598534.5,10,71,4.577882,2.610515,273.060043,167.68563,255,1842673529,4000040312,255,0.000745,0.000549,0.000196,62,1176,0,0,10,0,11,6,1,6,0,0,0,9,12,0,Normal,0,1
29551,0.109615,tcp,-,FIN,92,164,5696,192828,2326.323992,31,29,411257.5938,13987356.0,10,71,1.201,0.669387,66.501759,40.356453,255,144995432,2298201048,255,0.000627,0.000481,0.000146,62,1176,0,0,8,0,5,7,1,4,0,0,0,7,8,0,Normal,0,1
29554,10.318838,tcp,http,FIN,360,746,19202,1087890,107.0857,31,29,14845.85742,842290.1875,2,370,28.742356,13.850177,1943.218604,1324.260549,255,4070508992,4102672465,255,0.000719,0.000452,0.000267,53,1458,1,524288,2,0,11,1,1,1,0,0,1,1,1,0,Normal,0,1
29593,0.641448,tcp,-,FIN,90,164,5592,192828,394.420112,31,29,68968.95313,2390254.5,10,71,7.203382,3.932356,510.922062,353.807405,255,3108321074,3124311406,255,0.000598,0.00047,0.000128,62,1176,0,0,13,0,9,6,1,6,0,0,0,10,14,0,Normal,0,1
29598,0.147498,tcp,-,FIN,90,164,5592,192828,1715.277534,31,29,299936.2813,10394880.0,10,71,1.653562,0.901865,90.912585,57.586761,255,444995454,448571045,255,0.000624,0.000491,0.000133,62,1176,0,0,8,0,3,7,1,3,0,0,0,7,4,0,Normal,0,1
29615,1.148939,tcp,http,FIN,14,18,1684,10168,26.981415,31,29,10890.04688,66872.13281,3,5,88.287,67.556529,9654.451869,8452.45455,255,1632476232,3783020021,255,0.0006,0.000475,0.000125,120,565,1,3924,1,0,5,1,1,1,0,0,4,1,3,0,Normal,0,1
29625,0.104892,tcp,-,FIN,90,164,5592,192828,2412.004716,31,29,421767.1563,14617168.0,10,71,1.174944,0.640043,63.805317,38.826421,255,2262974372,117045834,255,0.000716,0.000562,0.000154,62,1176,0,0,9,0,7,6,1,7,0,0,0,11,8,0,Normal,0,1
29630,1.950778,tcp,-,FIN,216,396,12450,495632,313.20837,31,29,50822.80078,2027420.875,19,178,9.071763,4.93701,682.106618,514.871647,255,1861139087,4019107801,255,0.000809,0.000655,0.000154,58,1252,0,0,9,0,4,1,1,1,0,0,0,3,11,0,Normal,0,1
29780,2.78617,tcp,-,FIN,226,438,13038,548216,237.961072,31,29,37272.67188,1570514.375,21,197,12.381547,6.374631,4491.91512,3221.481674,255,1362678349,3521842216,255,0.000561,0.00045,0.000111,58,1252,0,0,10,0,3,1,1,1,0,0,0,2,6,0,Normal,0,1
29787,3.988839,tcp,http,FIN,358,746,19098,1087890,276.52157,31,29,38196.57813,2178943.75,2,370,11.167171,5.353436,637.771142,403.895753,255,942671830,968935950,255,0.000658,0.000526,0.000132,53,1458,0,0,2,0,5,1,1,1,0,0,0,2,3,0,Normal,0,1
29788,0.109767,tcp,-,FIN,88,164,5488,192828,2286.661801,31,29,395455.8438,13967987.0,10,71,1.257851,0.670485,69.675629,41.442925,255,3614575355,3618125105,255,0.000601,0.000475,0.000126,62,1176,0,0,8,0,9,6,1,6,0,0,0,8,15,0,Normal,0,1
29807,1.454103,tcp,-,FIN,208,396,12034,495632,414.688645,31,29,65893.54688,2719923.0,19,178,7.023077,3.679924,531.72684,367.202043,255,613654780,622023060,255,0.00066,0.000529,0.000131,58,1252,0,0,5,0,5,1,1,1,0,0,0,2,19,0,Normal,0,1
29859,11.389784,tcp,http,FIN,358,746,19098,1087890,96.84117,31,29,13376.90039,763092.25,2,370,31.903232,15.287581,4601.379644,3164.434686,255,2643025926,513690110,255,0.000664,0.000531,0.000133,53,1458,1,524288,2,0,2,1,1,1,0,0,1,1,1,0,Normal,0,1
29872,0.730494,tcp,-,FIN,92,164,5696,192828,349.078832,31,29,61711.66016,2098886.5,10,71,8.023747,4.478067,526.830089,405.005404,255,615454042,2777027372,255,0.000698,0.000565,0.000133,62,1176,0,0,10,0,10,8,3,8,0,0,0,11,14,0,Normal,0,1
29885,19.330114,tcp,http,FIN,336,746,17954,1087890,55.923104,31,29,7408.543945,449632.9375,2,370,57.700499,25.945209,7061.303567,4591.54511,255,2996459642,852871882,255,0.001063,0.000941,0.000122,53,1458,1,524288,4,0,5,1,1,1,0,0,1,2,3,0,Normal,0,1
29900,0.350538,tcp,-,FIN,206,396,11930,495632,1714.507485,31,29,270966.3438,11282794.0,19,178,1.708415,0.886046,103.595368,53.456889,255,1613398866,3762459209,255,0.000703,0.000546,0.000157,58,1252,0,0,13,0,9,7,2,7,0,0,0,14,18,0,Normal,0,1
29919,3.396259,tcp,-,FIN,220,438,12726,548216,193.44814,31,29,29842.24609,1288394.0,21,197,15.506443,7.770714,5982.08732,4234.986647,255,2872520699,728326161,255,0.000574,0.000453,0.000121,58,1252,0,0,7,0,3,1,1,1,0,0,0,1,7,0,Normal,0,1
29940,0.350538,tcp,-,FIN,206,396,11930,495632,1714.507485,31,29,270966.3438,11282794.0,19,178,1.708415,0.886046,103.595368,53.456889,255,1613398866,3762459209,255,0.000703,0.000546,0.000157,58,1252,0,0,13,0,9,7,2,7,0,0,0,14,18,0,Normal,0,1
29942,0.117394,tcp,-,FIN,92,164,5696,192828,2172.172337,31,29,384006.0,13060497.0,10,71,1.286659,0.715748,77.95534,43.668629,255,418165484,2567233651,255,0.000861,0.000721,0.00014,62,1176,0,0,10,0,14,6,1,6,0,0,0,9,15,0,Normal,0,1
29947,0.730494,tcp,-,FIN,92,164,5696,192828,349.078832,31,29,61711.66016,2098886.5,10,71,8.023747,4.478067,526.830089,405.005404,255,615454042,2777027372,255,0.000698,0.000565,0.000133,62,1176,0,0,10,0,10,8,3,8,0,0,0,11,14,0,Normal,0,1
29958,4.271408,tcp,-,FIN,444,858,24952,1094788,304.583401,31,29,46628.18359,2048060.875,38,390,9.641284,4.983582,4527.040016,3254.276897,255,1362674525,1369237634,255,0.000601,0.000471,0.00013,56,1276,0,0,13,0,6,2,1,5,0,0,0,6,9,0,Normal,0,1
29976,3.442258,tcp,-,FIN,224,438,12934,548216,192.025125,31,29,29926.86914,1271177.25,21,197,15.434659,7.87576,5841.723961,4173.218865,255,1362673499,3522708783,255,0.000684,0.000544,0.00014,58,1252,0,0,13,0,6,2,1,5,0,0,0,6,9,0,Normal,0,1
29982,0.291847,tcp,-,FIN,88,164,5488,192828,860.039706,31,29,148735.4688,5253520.0,10,71,3.350816,1.787454,210.94032,104.415589,255,1884993808,4038060227,255,0.000618,0.000488,0.00013,62,1176,0,0,12,0,6,6,1,6,0,0,0,14,7,0,Normal,0,1
30002,0.184429,tcp,-,FIN,92,164,5696,192828,1382.64586,31,29,244430.0938,8313356.0,10,71,2.02322,1.128386,122.704049,66.350981,255,1673393708,1677134663,255,0.000621,0.000498,0.000123,62,1176,0,0,12,0,7,6,1,7,0,0,0,11,8,0,Normal,0,1
30006,0.730494,tcp,-,FIN,92,164,5696,192828,349.078832,31,29,61711.66016,2098886.5,10,71,8.023747,4.478067,526.830089,405.005404,255,615454042,2777027372,255,0.000698,0.000565,0.000133,62,1176,0,0,10,0,10,8,3,8,0,0,0,11,14,0,Normal,0,1
30008,0.107893,tcp,-,FIN,88,164,5488,192828,2326.378965,31,29,402324.5313,14210598.0,10,71,1.236299,0.659117,69.472388,41.463867,255,838163813,841788304,255,0.000589,0.000454,0.000135,62,1176,0,0,6,0,8,6,1,6,0,0,0,9,8,0,Normal,0,1
30029,0.108611,tcp,-,FIN,88,164,5488,192828,2310.999752,31,29,399664.8438,14116655.0,10,71,1.244782,0.663337,69.836594,40.135018,255,718165226,2871340443,255,0.000817,0.000484,0.000333,62,1176,0,0,7,0,3,1,1,1,0,0,0,1,15,0,Normal,0,1
30031,1.29906,tcp,-,FIN,212,396,12242,495632,467.260947,31,29,75038.875,3044546.0,19,178,6.155175,3.287233,396.336428,302.156403,255,1933655675,1943518206,255,0.000753,0.000596,0.000157,58,1252,0,0,15,0,2,1,1,1,0,0,0,3,19,0,Normal,0,1
30033,2.571833,tcp,-,FIN,230,411,13212,514528,248.84976,31,29,40920.23438,1596610.75,20,181,11.229371,6.271607,3362.86967,2513.325873,255,3546833899,1402933286,255,0.000596,0.000468,0.000128,57,1252,0,0,26,0,4,7,1,3,0,0,0,12,5,0,Normal,0,1
30048,0.475643,tcp,-,FIN,94,164,5800,192828,540.321197,31,29,96526.17188,3223476.25,10,71,5.111032,2.915025,307.720209,260.357854,255,3520577088,3533636345,255,0.000622,0.00049,0.000132,62,1176,0,0,8,0,10,6,1,6,0,0,0,7,9,0,Normal,0,1
30122,0.112018,tcp,-,FIN,94,164,5800,192828,2294.274204,31,29,409862.7188,13687301.0,10,71,1.201,0.684239,69.031596,40.607736,255,3403551577,1261734380,255,0.000607,0.000484,0.000123,62,1176,0,0,18,0,7,6,1,6,0,0,0,9,11,0,Normal,0,1
30145,4.853009,tcp,-,FIN,436,858,24536,1094788,266.432628,31,29,40354.34375,1802614.375,38,390,11.155597,5.662179,5285.035338,3764.920504,255,3508061951,1370140467,255,0.000647,0.000521,0.000126,56,1276,0,0,13,0,2,1,1,1,0,0,0,4,9,0,Normal,0,1
30174,0.145264,tcp,-,FIN,90,164,5592,192828,1741.656574,31,29,304548.9688,10554742.0,10,71,1.628629,0.888025,107.682602,59.309903,255,2362897630,221095219,255,0.000655,0.000509,0.000146,62,1176,0,0,7,0,1,1,1,1,0,0,0,1,15,0,Normal,0,1
30186,15.04712,tcp,http,FIN,360,746,19202,1087890,73.435979,31,29,10180.81836,577615.9375,2,370,41.912995,20.196827,2809.47473,1900.759262,255,3021489461,900496369,255,0.00063,0.00048,0.00015,53,1458,0,0,1,0,3,1,1,1,0,0,0,1,2,0,Normal,0,1
30199,26.074072,tcp,http,FIN,352,746,18786,1087900,42.072447,31,29,5747.625488,333340.1875,2,370,74.284242,34.998038,4081.318458,2717.317503,255,3792961305,3883969204,255,0.00069,0.000534,0.000156,53,1458,1,524288,2,0,2,1,1,1,0,0,1,2,1,0,Normal,0,1
30211,3.484226,tcp,-,FIN,240,437,13766,546716,194.017266,31,29,31476.71875,1252421.625,21,196,14.576987,7.989982,5237.398739,3877.189215,255,1397248067,3548894002,255,0.000744,0.000591,0.000153,57,1251,0,0,26,0,3,3,1,2,0,0,0,6,5,0,Normal,0,1
30215,0.123132,tcp,-,FIN,90,164,5592,192828,2054.705555,31,29,359289.2188,12451873.0,10,71,1.380112,0.752043,79.839556,47.794456,255,727708527,2880851290,255,0.000697,0.000545,0.000152,62,1176,0,0,10,0,6,6,1,6,0,0,0,9,7,0,Normal,0,1
30219,1.18562,tcp,http,FIN,350,746,18682,1087890,923.567455,31,29,125699.6406,7330727.0,2,370,3.396269,1.590726,190.410843,113.004507,255,1824991971,3975632710,255,0.000654,0.000524,0.00013,53,1458,1,524288,2,0,3,1,1,1,0,0,1,2,3,0,Normal,0,1
30230,4.210608,tcp,-,FIN,226,438,13038,548216,157.459445,31,29,24663.42188,1039213.313,21,197,18.712333,9.634201,7133.905828,5119.00016,255,2872516008,728867738,255,0.000584,0.000459,0.000125,58,1252,0,0,5,0,3,2,1,2,0,0,0,3,5,0,Normal,0,1
30237,5.048374,tcp,-,FIN,448,858,25160,1094788,258.499064,31,29,39781.51953,1732855.75,38,390,11.293206,5.890222,5367.107689,3875.089451,255,2872516967,2875716505,255,0.000581,0.00045,0.000131,56,1276,0,0,5,0,3,2,1,2,0,0,0,3,5,0,Normal,0,1
30245,0.246634,tcp,-,FIN,90,164,5592,192828,1025.811499,31,29,179375.1094,6216596.0,10,71,2.767326,1.509883,145.949876,97.074751,255,2755491178,2759566696,255,0.000662,0.000517,0.000145,62,1176,0,0,14,0,8,6,1,6,0,0,0,9,9,0,Normal,0,1
30262,17.448471,tcp,http,FIN,352,746,18786,1087890,62.870838,31,29,8588.947266,498121.3438,2,370,49.709745,23.420117,3585.362793,2414.069595,255,3188978185,1090974205,255,0.000628,0.00048,0.000148,53,1458,1,524288,3,0,1,1,1,1,0,0,1,5,1,0,Normal,0,1
30273,0.279282,tcp,-,FIN,202,396,11722,495632,2137.624309,31,29,334113.9063,14161485.0,19,178,1.387851,0.705658,77.34022,42.717241,255,485911046,489581413,255,0.000658,0.000543,0.000115,58,1252,0,0,8,0,6,5,1,5,0,0,0,6,7,0,Normal,0,1
30274,1.299681,tcp,http,FIN,354,728,18890,1060890,831.742591,31,29,115948.4531,6521188.0,2,358,3.680867,1.786977,210.069126,116.444984,255,569762610,2720341896,255,0.000733,0.000545,0.000188,53,1457,1,524288,1,0,4,1,1,1,0,0,1,2,2,0,Normal,0,1
30277,14.472813,tcp,http,FIN,304,746,16290,1087900,72.480728,31,29,8975.172852,600542.3125,2,370,47.764003,19.425746,2366.617417,1486.729807,255,3957677834,1809222647,255,0.000744,0.000628,0.000116,54,1458,1,524288,2,0,2,1,1,1,0,0,1,6,2,0,Normal,0,1
30278,0.120422,tcp,-,FIN,90,164,5592,192828,2100.945041,31,29,367374.75,12732092.0,10,71,1.349281,0.735859,80.128375,47.586146,255,2847091789,701034032,255,0.000604,0.000473,0.000131,62,1176,0,0,6,0,6,6,1,6,0,0,0,9,8,0,Normal,0,1
30296,4.07241,tcp,-,FIN,432,858,24328,1094788,316.520185,31,29,47680.85547,2148139.25,38,390,9.448021,4.751352,4914.87376,3485.223049,255,3546829908,1400800289,255,0.000628,0.000499,0.000129,56,1276,0,0,26,0,3,3,1,2,0,0,0,6,5,0,Normal,0,1
30353,5.866381,tcp,-,FIN,392,748,22078,954154,194.157176,31,29,30031.46094,1299443.75,33,340,15.002675,7.852637,5778.078538,4179.3605,255,1362677356,1371701024,255,0.000618,0.000455,0.000163,56,1276,0,0,13,0,4,2,1,2,0,0,0,3,9,0,Normal,0,1
30360,5.848492,tcp,-,FIN,452,858,25368,1094788,223.818374,31,29,34623.625,1495787.875,38,390,12.967118,6.82382,5149.98678,3735.744843,255,722937075,2876236601,255,0.000648,0.000475,0.000173,56,1276,0,0,5,0,1,1,1,1,0,0,0,1,5,0,Normal,0,1
30381,4.909568,tcp,-,FIN,426,858,24016,1094788,261.326464,31,29,39042.13281,1781848.125,38,390,11.551148,5.728247,5391.435929,3796.36427,255,3546830925,3550910541,255,0.000594,0.000457,0.000137,56,1276,0,0,26,0,1,1,1,1,0,0,0,3,5,0,Normal,0,1
30392,0.106576,tcp,-,FIN,96,164,5904,192828,2430.190591,31,29,438597.7813,14386203.0,10,71,1.118347,0.650951,63.401162,38.638922,255,937509546,3090534492,255,0.000587,0.000468,0.000119,62,1176,0,0,17,0,11,7,2,8,0,0,0,13,11,0,Normal,0,1
30397,5.436062,tcp,-,FIN,440,858,24744,1094788,238.59184,31,29,36332.18359,1609272.375,38,390,12.382096,6.341721,5085.169304,3639.011759,255,1362676412,3516048815,255,0.001381,0.001204,0.000177,56,1276,0,0,13,0,4,2,1,2,0,0,0,3,9,0,Normal,0,1
30417,0.134039,tcp,-,FIN,94,164,5800,192828,1917.352417,31,29,342527.1875,11438641.0,10,71,1.437505,0.819012,82.528074,47.244403,255,3171296138,3179078024,255,0.00071,0.000536,0.000174,62,1176,0,0,8,0,9,6,1,6,0,0,0,8,9,0,Normal,0,1
30419,0.106576,tcp,-,FIN,96,164,5904,192828,2430.190591,31,29,438597.7813,14386203.0,10,71,1.118347,0.650951,63.401162,38.638922,255,937509546,3090534492,255,0.000587,0.000468,0.000119,62,1176,0,0,17,0,11,7,2,8,0,0,0,13,11,0,Normal,0,1
30424,6.584083,tcp,-,FIN,436,858,24536,1094788,196.382698,31,29,29744.46094,1328674.625,38,390,15.135085,7.682163,6014.720854,4285.017583,255,2872518827,727242737,255,0.000588,0.000467,0.000121,56,1276,0,0,5,0,2,1,1,1,0,0,0,1,5,0,Normal,0,1
30565,0.818996,tcp,-,FIN,92,164,5696,192828,311.356827,31,29,55043.00391,1872077.5,10,71,8.99611,5.020939,722.115516,583.487389,255,4265033698,2142307327,255,0.000732,0.000579,0.000153,62,1176,0,0,15,0,8,7,1,7,0,0,0,13,12,0,Normal,0,1
30573,0.110039,tcp,-,FIN,90,164,5592,192828,2299.184768,31,29,402039.25,13933460.0,10,71,1.232854,0.672092,67.761715,40.694788,255,2280267077,134392256,255,0.000614,0.000485,0.000129,62,1176,0,0,7,0,6,4,1,4,0,0,0,6,17,0,Normal,0,1
30587,8.976325,tcp,-,FIN,442,846,24814,1081642,143.377161,31,29,22065.1543,962856.375,37,383,20.353767,10.621991,7483.935797,5414.354266,255,3290725157,1148700042,255,0.00088,0.000737,0.000143,56,1279,0,0,14,0,2,1,1,2,0,0,0,3,14,0,Normal,0,1
30598,1.334055,tcp,-,FIN,218,396,12554,495632,459.501313,31,29,74941.4375,2964681.5,19,178,6.146272,3.376066,394.056029,278.621988,255,1226171567,1251346720,255,0.00145,0.000505,0.000945,58,1252,0,0,11,0,5,1,1,2,0,0,0,5,10,0,Normal,0,1
30665,15.869734,tcp,http,FIN,358,742,19098,1081890,69.251319,31,29,9600.665039,544650.375,2,367,44.45215,21.415888,2986.962952,2029.544556,255,1296108654,3590178765,255,0.00074,0.000557,0.000183,53,1458,1,524288,2,0,2,1,1,1,0,0,1,1,2,0,Normal,0,1
30682,0.650474,tcp,-,FIN,84,164,5280,192828,379.723087,31,29,64174.73828,2357087.25,10,71,7.833048,3.987055,753.494927,572.937764,255,2717549089,579978773,255,0.000746,0.00058,0.000166,63,1176,0,0,15,0,5,5,1,5,0,0,0,9,12,0,Normal,0,1
30690,0.186465,tcp,-,FIN,90,164,5592,192828,1356.823032,31,29,237256.3281,8222583.5,10,71,2.091461,1.141061,124.357301,69.331816,255,1537511055,1542415810,255,0.000596,0.000469,0.000127,62,1176,0,0,8,0,13,6,1,6,0,0,0,8,14,0,Normal,0,1
30701,0.138686,tcp,-,FIN,92,164,5696,192828,1838.685935,31,29,325050.8438,11055362.0,10,71,1.520571,0.847233,85.748298,49.668784,255,4047091579,1902291581,255,0.000734,0.000581,0.000153,62,1176,0,0,17,0,13,6,1,6,0,0,0,8,14,0,Normal,0,1
30711,0.13176,tcp,-,FIN,90,164,5592,192828,1920.157846,31,29,335762.0,11636490.0,10,71,1.47636,0.805362,85.358167,48.705387,255,550680198,2703840419,255,0.000614,0.000482,0.000132,62,1176,0,0,8,0,8,6,1,6,0,0,0,12,17,0,Normal,0,1
30756,10.419047,tcp,http,FIN,364,746,19410,1087890,106.439674,31,29,14862.7793,834189.125,2,370,28.701733,13.984588,1975.661023,1321.777728,255,481136050,724414412,255,0.000649,0.000527,0.000122,53,1458,0,0,1,0,9,1,1,3,0,0,0,3,2,0,Normal,0,1
30801,9.846307,tcp,ftp,FIN,50,52,2830,3582,10.257653,31,29,2253.840088,2855.080566,11,14,200.938638,193.053797,20372.5773,722.581625,255,3050116104,3090859409,255,0.000712,0.000557,0.000155,57,69,0,0,2,0,5,1,1,1,1,1,0,3,1,0,Normal,0,1
30805,10.159572,tcp,-,FIN,668,1278,37178,1641360,191.445079,31,29,29231.94141,1291452.875,55,583,15.231203,7.955296,7166.922772,5173.205045,255,3290721446,3290040394,255,0.001516,0.000657,0.000859,56,1284,0,0,14,0,9,2,1,3,0,0,0,4,14,0,Normal,0,1
30806,7.397241,tcp,-,FIN,384,748,21662,954154,152.89484,31,29,23366.54883,1030523.688,33,340,19.313148,9.901987,7068.797639,5074.824092,255,2872519779,727790962,255,0.000603,0.000454,0.000149,56,1276,0,0,7,0,1,1,1,1,0,0,0,1,5,0,Normal,0,1
30817,9.567217,tcp,-,FIN,464,858,25992,1094788,138.075683,31,29,21687.39453,914383.375,38,390,20.662766,11.163015,8686.77481,6384.57078,255,1141139569,1149282229,255,0.000674,0.000508,0.000166,56,1276,0,0,14,0,9,2,1,3,0,0,0,4,14,0,Normal,0,1
30851,10.761125,tcp,-,FIN,670,1278,37282,1641360,180.929045,31,29,27675.17383,1219259.875,55,583,16.084898,8.426507,7512.543003,5437.251695,255,3290722341,1145739701,255,0.000625,0.000471,0.000154,56,1284,0,0,14,0,5,2,1,3,0,0,0,5,14,0,Normal,0,1
30889,5.93797,tcp,-,FIN,442,854,24848,1088788,218.087994,31,29,33401.3125,1465166.0,38,386,13.464036,6.960737,5942.676101,4282.04668,255,3546831959,3551450561,255,0.00058,0.000457,0.000123,56,1275,0,0,4,0,4,1,1,1,0,0,0,2,11,0,Normal,0,1
30897,0.155338,tcp,-,FIN,88,164,5488,192828,1615.83124,31,29,279442.25,9870244.0,10,71,1.781805,0.949871,103.127999,58.429542,255,2107707486,4260751133,255,0.000652,0.000502,0.00015,62,1176,0,0,17,0,6,6,1,6,0,0,0,8,9,0,Normal,0,1
30905,11.374176,tcp,-,FIN,662,1278,36866,1641360,170.473887,31,29,25890.92969,1153543.625,55,583,17.233113,8.913572,7545.155997,5415.90497,255,1141142448,3295863908,255,0.000578,0.000454,0.000124,56,1284,0,0,14,0,5,2,1,3,0,0,0,5,14,0,Normal,0,1
30945,0.448922,tcp,-,CON,82,148,5176,175270,510.110878,31,29,91116.04688,3102294.0,10,65,5.512889,3.050156,446.52362,373.008366,255,2971861945,2977082426,255,0.000653,0.000546,0.000107,63,1184,0,0,9,0,10,7,2,7,0,0,0,7,8,0,Normal,0,1
30965,0.111224,tcp,-,FIN,90,164,5592,192828,2274.688852,31,29,397755.875,13785010.0,10,71,1.246,0.678785,70.760374,40.944567,255,1707968822,3861229028,255,0.000718,0.000578,0.00014,62,1176,0,0,9,0,7,6,1,7,0,0,0,9,9,0,Normal,0,1
30968,0.261173,tcp,-,FIN,206,396,11930,495632,2301.156618,31,29,363682.2813,15143402.0,19,178,1.272439,0.659894,72.924317,38.075779,255,2583814123,2591604669,255,0.00065,0.000511,0.000139,58,1252,0,0,12,0,4,1,1,1,0,0,0,1,15,0,Normal,0,1
30970,0.13185,tcp,-,FIN,90,164,5592,192828,1918.847114,31,29,335532.7813,11628547.0,10,71,1.477899,0.805933,78.677286,46.200934,255,50024375,53471367,255,0.000613,0.00048,0.000133,62,1176,0,0,9,0,5,5,1,5,0,0,0,7,11,0,Normal,0,1
30972,6.387898,tcp,-,FIN,386,748,21766,954154,177.36664,31,29,27188.91211,1193355.375,33,340,16.590702,8.550769,7146.962417,5124.330297,255,1397252022,1402407341,255,0.000591,0.000468,0.000123,56,1276,0,0,4,0,4,1,1,1,0,0,0,1,11,0,Normal,0,1
30990,1.161696,tcp,http,FIN,356,746,18994,1087890,947.752287,31,29,130436.8828,7481696.0,2,370,3.271501,1.558667,185.568038,111.978466,255,1417507944,3568119243,255,0.000616,0.000485,0.000131,53,1458,1,524288,1,0,3,1,1,1,0,0,1,7,2,0,Normal,0,1
30992,0.158172,tcp,-,FIN,90,164,5592,192828,1599.524604,31,29,279695.5313,9693397.0,10,71,1.773607,0.967362,98.804149,65.739268,255,1870682322,1874214137,255,0.00062,0.000488,0.000132,62,1176,0,0,9,0,8,6,1,6,0,0,0,11,8,0,Normal,0,1
31050,2.142142,tcp,http,FIN,354,746,18890,1087890,513.037871,31,29,70348.27344,4057366.75,2,370,6.067295,2.874681,478.573511,316.038527,255,1447704749,1448729449,255,0.000635,0.0005,0.000135,53,1458,1,524288,1,0,2,1,1,1,0,0,1,2,3,0,Normal,0,1
31056,11.594677,tcp,-,FIN,524,1012,29316,1298270,132.388337,31,29,20189.26367,894885.125,44,461,22.168906,11.467051,7538.521135,5413.701211,255,1141143341,3292708663,255,0.0019,0.001485,0.000415,56,1283,0,0,6,0,3,1,1,1,0,0,0,4,3,0,Normal,0,1
31100,0.448922,tcp,-,CON,82,148,5176,175270,510.110878,31,29,91116.04688,3102294.0,10,65,5.512889,3.050156,446.52362,373.008366,255,2971861945,2977082426,255,0.000653,0.000546,0.000107,63,1184,0,0,9,0,10,7,2,7,0,0,0,7,8,0,Normal,0,1
31109,0.275429,tcp,-,FIN,94,164,5800,192828,933.089799,31,29,166692.6875,5566676.0,10,71,2.958376,1.68635,203.430813,152.45342,255,4080267636,4091007224,255,0.000694,0.000551,0.000143,62,1176,0,0,6,0,7,6,1,6,0,0,0,9,9,0,Normal,0,1
31117,0.632588,tcp,-,FIN,218,396,12554,495632,969.035094,31,29,158042.8281,6252170.0,19,178,2.913664,1.599727,197.644804,139.682743,255,1598688043,1621973714,255,0.000843,0.000691,0.000152,58,1252,0,0,12,0,6,9,1,5,0,0,0,10,17,0,Normal,0,1
31140,0.113704,tcp,-,FIN,92,164,5696,192828,2242.665099,31,29,396468.0,13484345.0,10,71,1.245077,0.694528,67.583502,40.975888,255,400485180,404090526,255,0.000628,0.000493,0.000135,62,1176,0,0,11,0,11,6,1,7,0,0,0,9,19,0,Normal,0,1
31183,0.131603,tcp,-,FIN,88,164,5488,192828,1907.251318,31,29,329840.5,11650372.0,10,71,1.509,0.803748,87.356119,49.982766,255,1280222958,1283841754,255,0.00073,0.000589,0.000141,62,1176,0,0,9,0,8,6,1,6,0,0,0,8,14,0,Normal,0,1
31228,0.105462,tcp,-,FIN,92,164,5696,192828,2417.932531,31,29,427452.5313,14538165.0,10,71,1.155132,0.644178,64.724907,38.678414,255,2785871433,2789529327,255,0.000606,0.000457,0.000149,62,1176,0,0,8,0,10,6,1,6,0,0,0,11,8,0,Normal,0,1
31233,0.162374,tcp,-,FIN,96,164,5904,192828,1595.08291,31,29,287878.5938,9442546.0,10,71,1.705274,0.993159,112.259562,61.488178,255,3965610580,3969264672,255,0.000628,0.000485,0.000143,62,1176,0,0,17,0,4,4,1,4,0,0,0,5,14,0,Normal,0,1
31289,0.201679,tcp,-,FIN,90,164,5592,192828,1254.468696,31,29,219358.4844,7602298.5,10,71,2.262371,1.234307,123.13051,76.655859,255,1310028604,3463091914,255,0.000612,0.000481,0.000131,62,1176,0,0,6,0,9,6,1,6,0,0,0,8,15,0,Normal,0,1
31313,1.228853,tcp,http,FIN,12,18,1580,10168,23.599243,31,29,9433.186523,62523.34375,3,5,111.682089,72.253291,11513.29592,9270.941026,255,4277547232,4274420895,255,0.00069,0.000543,0.000147,132,565,1,0,2,0,4,2,1,1,0,0,1,11,2,0,Normal,0,1
31323,0.243278,tcp,-,FIN,208,396,12034,495632,2478.645862,31,29,393853.9375,16257319.0,19,178,1.173691,0.614691,64.028454,33.885374,255,2656329445,2659973947,255,0.000601,0.000471,0.00013,58,1252,0,0,12,0,10,6,1,6,0,0,0,11,13,0,Normal,0,1
31331,0.695613,tcp,-,FIN,212,396,12242,495632,872.611606,31,29,140135.3906,5685701.5,19,178,3.295199,1.759671,294.077819,233.279367,255,4044077087,4071923368,255,0.000687,0.000542,0.000145,58,1252,0,0,12,0,2,1,1,1,0,0,0,6,8,0,Normal,0,1
31341,2.166709,tcp,http,CON,346,713,18474,1048582,488.298164,31,30,68014.67188,3866184.25,2,353,6.280316,3.04114,415.489266,273.28877,255,762279849,763334550,255,0.000739,0.000565,0.000174,53,1471,1,523959,1,0,3,1,1,1,0,0,1,1,2,0,Normal,0,1
31357,8.70189,tcp,-,FIN,144,150,12040,27416,33.670846,31,29,10992.55469,25037.32031,39,45,60.849764,58.397893,4362.35109,4276.294906,255,1853387527,1853701254,255,0.000729,0.000594,0.000135,84,183,0,0,5,0,4,1,1,1,0,0,0,1,15,0,Normal,0,1
31361,4.279346,tcp,http,FIN,360,738,19202,1075890,256.347583,31,29,35797.99219,2008592.875,2,365,11.91925,5.805761,701.562729,454.220336,255,4211555366,2071007858,255,0.000627,0.000495,0.000132,53,1458,1,2639,2,0,3,1,1,1,0,0,1,6,3,0,Normal,0,1
31428,0.11635,tcp,-,FIN,90,164,5592,192828,2174.473523,31,29,380232.0625,13177688.0,10,71,1.303652,0.710742,75.36729,43.238132,255,2828585976,686756976,255,0.000641,0.000492,0.000149,62,1176,0,0,12,0,11,11,1,6,0,0,0,17,9,0,Normal,0,1
31479,0.133537,tcp,-,FIN,88,164,5488,192828,1879.628945,31,29,325063.4688,11481642.0,10,71,1.521264,0.815761,86.201729,47.879139,255,2778125965,2781747559,255,0.000733,0.000564,0.000169,62,1176,0,0,11,0,6,6,1,6,0,0,0,9,6,0,Normal,0,1
31480,1.26845,tcp,http,FIN,366,746,19514,1087890,875.872112,31,29,122738.7734,6852028.5,2,370,3.474315,1.70194,196.377958,104.913469,255,2030030341,4180694753,255,0.000632,0.000498,0.000134,53,1458,1,524288,1,0,2,1,1,1,0,0,1,2,2,0,Normal,0,1
31490,1.185727,tcp,http,FIN,348,746,18578,1087890,921.797344,31,29,124986.6094,7330065.0,2,370,3.416147,1.590891,197.68206,119.36986,255,2850068351,2851025470,255,0.000754,0.000509,0.000245,53,1458,1,524288,1,0,1,1,1,1,0,0,1,3,1,0,Normal,0,1
31537,4.462551,tcp,http,FIN,356,746,18994,1087890,246.719863,31,29,33955.46484,1947642.875,2,370,12.56971,5.98928,790.680798,511.682552,255,158689942,2323200431,255,0.000674,0.000533,0.000141,53,1458,1,524288,2,0,4,1,1,1,0,0,1,8,4,0,Normal,0,1
31616,0.127698,tcp,-,FIN,90,164,5592,192828,1981.236915,31,29,346442.375,12006640.0,10,71,1.431281,0.78016,81.106754,45.357731,255,3745871339,1604096104,255,0.000664,0.000528,0.000136,62,1176,0,0,17,0,7,6,1,6,0,0,0,12,13,0,Normal,0,1
31625,0.107666,tcp,-,FIN,90,164,5592,192828,2349.859736,31,29,410900.375,14240559.0,10,71,1.206146,0.657558,65.345406,39.427183,255,1043199198,3192159551,255,0.00061,0.000477,0.000133,62,1176,0,0,10,0,7,6,1,6,0,0,0,10,10,0,Normal,0,1
31630,0.004211,tcp,http,FIN,8,10,1040,824,4037.045672,31,29,1728805.5,1409641.375,2,2,0.549,0.415556,36.07655,0.768014,255,1232737047,1233774760,255,0.00061,0.000467,0.000143,130,82,1,3924,3,0,12,2,2,8,0,0,4,9,4,0,Normal,0,1
31644,0.259204,tcp,-,FIN,206,396,11930,495632,2318.637056,31,29,366444.9688,15258437.0,19,178,1.262858,0.6548,70.222875,36.818146,255,1050941681,3200682002,255,0.000687,0.000554,0.000133,58,1252,0,0,8,0,1,1,1,1,0,0,0,2,5,0,Normal,0,1
31650,0.478894,tcp,-,FIN,106,67,126558,3630,359.160903,29,31,2094242.125,59737.64453,38,3,4.560895,6.995,297.147095,444.914494,255,241182117,2380184520,255,0.0,0.0,0.0,1194,54,0,0,3,0,1,1,1,1,0,0,0,1,3,0,Normal,0,1
31678,7.377956,tcp,http,FIN,358,746,19098,1087890,149.499402,31,29,20650.70703,1178030.375,2,370,20.665563,9.902554,3241.826056,2233.820669,255,1346168677,3499713901,255,0.000696,0.00055,0.000146,53,1458,1,524288,2,0,2,1,1,1,0,0,1,1,4,0,Normal,0,1
31716,1.174842,tcp,http,FIN,360,746,19202,1087890,940.552006,31,29,130393.7031,7397978.5,2,370,3.271632,1.576307,182.24411,110.808126,255,3252775609,3253721222,255,0.000625,0.000489,0.000136,53,1458,1,524288,4,0,2,2,1,1,0,0,1,3,1,0,Normal,0,1
31720,0.164301,tcp,-,FIN,92,164,5696,192828,1552.029572,31,29,274374.4688,9331800.0,10,71,1.801648,1.004718,103.607242,60.883407,255,1232739155,1236408303,255,0.000671,0.000528,0.000143,62,1176,0,0,6,0,12,6,1,8,0,0,0,9,14,0,Normal,0,1
31728,24.169176,tcp,http,FIN,352,746,18786,1087900,45.38839,31,29,6200.625,359612.4375,2,370,68.857136,32.441116,3860.229448,2606.984563,255,1265123245,1327227864,255,0.000707,0.000552,0.000155,53,1458,0,0,5,0,2,3,1,1,0,0,0,3,2,0,Normal,0,1
31733,0.747625,tcp,-,FIN,88,162,4788,192724,333.054676,31,29,50656.41406,2049530.25,7,71,8.584586,4.64013,939.061783,458.159895,255,2804377790,2823541051,255,0.000685,0.000561,0.000124,54,1190,0,0,10,0,8,6,1,6,0,0,0,11,11,0,Normal,0,1
31751,1.00573,tcp,http,FIN,12,18,1580,10168,28.834776,31,29,11525.95606,76394.25781,3,5,91.396003,59.12935,9529.867401,7674.226369,255,1720481937,3871044350,255,0.000673,0.000527,0.000146,132,565,1,3924,3,0,2,2,2,2,0,0,4,2,2,0,Normal,0,1
31773,0.851297,tcp,-,FIN,94,164,5800,192828,301.892282,31,29,53931.82422,1801044.75,10,71,9.150162,5.219478,617.645671,477.457141,255,2927929358,803433484,255,0.00066,0.000516,0.000144,62,1176,0,0,19,0,9,6,1,7,0,0,0,10,11,0,Normal,0,1
31778,0.205215,tcp,-,FIN,80,164,5072,192828,1184.123927,31,29,195268.375,7471305.5,10,71,2.593696,1.245411,148.390956,74.975517,255,1223196117,1227999078,255,0.002384,0.002202,0.000182,63,1176,0,0,12,0,2,1,1,1,0,0,0,3,12,0,Normal,0,1
31796,0.655743,tcp,-,FIN,216,396,12450,495632,931.767472,31,29,151193.375,6031399.5,19,178,3.04787,1.658777,170.106646,110.490297,255,3876592010,3880223886,255,0.000662,0.000522,0.00014,58,1252,0,0,7,0,4,1,1,1,0,0,0,1,11,0,Normal,0,1
31830,0.109077,tcp,-,FIN,90,164,5592,192828,2319.462417,31,29,405585.0625,14056346.0,10,71,1.221933,0.665816,66.935796,40.196641,255,2181106193,39489904,255,0.00066,0.000545,0.000115,62,1176,0,0,4,0,2,2,1,2,0,0,0,3,7,0,Normal,0,1
31846,0.738475,tcp,-,FIN,92,164,5696,192828,345.306194,31,29,61044.71875,2076202.875,10,71,8.111582,4.527221,656.932797,478.448706,255,3472124464,3485289082,255,0.000683,0.000535,0.000148,62,1176,0,0,6,0,7,6,1,6,0,0,0,6,16,0,Normal,0,1
31863,3.660489,tcp,-,FIN,225,413,12986,517018,174.020462,31,29,28256.33398,1127208.875,21,181,16.337954,8.883505,5978.36624,4416.526538,255,3327671175,3338489883,255,0.000604,0.000481,0.000123,58,1252,0,0,5,0,3,2,1,2,0,0,0,3,9,0,Normal,0,1
31868,0.895542,tcp,-,FIN,214,396,12346,495632,680.035088,31,29,109779.3281,4416373.5,19,178,4.202934,2.265749,327.810022,255.657213,255,1851205167,4009131632,255,0.000725,0.000567,0.000158,58,1252,0,0,14,0,7,6,1,6,0,0,0,10,9,0,Normal,0,1
31872,2.845013,tcp,-,FIN,228,438,13142,548216,233.742349,31,29,36794.21094,1538031.75,21,197,12.531692,6.507709,4317.115073,3139.237947,255,2090032420,4247652344,255,0.001322,0.00114,0.000182,58,1252,0,0,7,0,2,1,1,2,0,0,0,2,7,0,Normal,0,1
31878,4.192103,tcp,http,FIN,323,648,17278,945214,231.387449,31,29,32871.33203,1801016.875,2,295,13.017872,6.478519,759.209813,500.790561,255,1002279298,1003286725,255,0.000624,0.000498,0.000126,53,1459,1,524288,3,0,2,1,1,1,0,0,1,1,3,0,Normal,0,1
31925,59.991867,arp,-,INT,2,0,92,0,0.016669,0,0,6.134165,0.0,0,0,59996.28,0.0,11.80962,0.0,0,0,0,0,0.0,0.0,0.0,46,0,0,0,2,2,2,2,2,2,0,0,0,2,2,1,Normal,0,1
31929,4.247329,tcp,-,FIN,226,438,13038,548216,156.098094,31,29,24450.1875,1030228.563,21,197,18.875533,9.718213,7687.8744,5516.481096,255,1182280455,3334820458,255,0.00059,0.000466,0.000124,58,1252,0,0,5,0,3,2,1,2,0,0,0,3,9,0,Normal,0,1
31932,0.278391,tcp,-,FIN,204,396,11826,495632,2151.64999,31,29,338200.5938,14206810.0,19,178,1.369798,0.7034,75.872819,42.813261,255,2010942508,2014608787,255,0.000678,0.000544,0.000134,58,1252,0,0,8,0,2,1,1,1,0,0,0,1,11,0,Normal,0,1
31936,59.991875,arp,-,INT,2,0,92,0,0.016669,0,0,6.134164,0.0,0,0,59996.284,0.0,11.809247,0.0,0,0,0,0,0.0,0.0,0.0,46,0,0,0,2,2,2,2,2,2,0,0,0,2,2,1,Normal,0,1
31940,30.98074,arp,-,CON,4,4,184,112,0.225947,0,0,35.635044,21.690895,0,0,15514.897,15514.897,15514.906,15514.914,0,0,0,0,0.0,0.0,0.0,46,28,0,0,2,0,2,2,2,2,0,0,0,2,2,0,Normal,0,1
31944,59.991867,arp,-,INT,2,0,92,0,0.016669,0,0,6.134165,0.0,0,0,59996.28,0.0,11.80962,0.0,0,0,0,0,0.0,0.0,0.0,46,0,0,0,2,2,2,2,2,2,0,0,0,2,2,1,Normal,0,1
31945,0.240319,tcp,-,FIN,208,396,12034,495632,2509.164915,31,29,398703.4063,16457492.0,19,178,1.159444,0.606967,63.17454,33.32251,255,283459830,287159373,255,0.000697,0.000563,0.000134,58,1252,0,0,11,0,11,6,1,7,0,0,0,10,12,0,Normal,0,1
31948,30.98074,arp,-,CON,4,4,184,112,0.225947,0,0,35.635044,21.690895,0,0,15514.897,15514.897,15514.906,15514.914,0,0,0,0,0.0,0.0,0.0,46,28,0,0,2,0,2,2,2,2,0,0,0,2,2,0,Normal,0,1
31951,59.991875,arp,-,INT,2,0,92,0,0.016669,0,0,6.134164,0.0,0,0,59996.284,0.0,11.809247,0.0,0,0,0,0,0.0,0.0,0.0,46,0,0,0,2,2,2,2,2,2,0,0,0,2,2,1,Normal,0,1
31971,0.162685,tcp,-,FIN,92,164,5696,192828,1567.446226,31,29,277099.9063,9424495.0,10,71,1.784253,0.994528,106.604599,60.662267,255,3622318880,3621698429,255,0.001486,0.000573,0.000913,62,1176,0,0,12,0,14,8,1,8,0,0,0,13,9,0,Normal,0,1
32039,0.11581,tcp,-,FIN,90,164,5592,192828,2184.612739,31,29,382005.0,13239133.0,10,71,1.297708,0.707528,72.174445,41.226827,255,1013001328,1016510409,255,0.000611,0.000479,0.000132,62,1176,0,0,17,0,8,6,1,6,0,0,0,9,8,0,Normal,0,1
32063,6.187027,tcp,http,FIN,360,746,19202,1087890,178.599512,31,29,24760.19531,1404787.125,2,370,17.23314,8.303838,954.291164,643.034511,255,2945606938,801796469,255,0.000811,0.000666,0.000145,53,1458,1,524288,2,0,6,1,1,1,0,0,1,5,1,0,Normal,0,1
32164,0.152682,tcp,-,FIN,94,164,5800,192828,1683.236985,31,29,300703.4063,10041943.0,10,71,1.637548,0.933344,100.122384,55.804011,255,285255312,2434296676,255,0.000677,0.000543,0.000134,62,1176,0,0,10,0,6,6,1,6,0,0,0,10,9,0,Normal,0,1
32179,0.110246,tcp,-,FIN,88,164,5488,192828,2276.726538,31,29,393737.625,13907298.0,10,71,1.26323,0.673307,69.670483,39.991546,255,995713638,999228251,255,0.000638,0.00049,0.000148,62,1176,0,0,19,0,6,6,1,6,0,0,0,12,8,0,Normal,0,1
32180,3.733109,tcp,-,FIN,234,438,13454,548216,179.742944,31,29,28709.58203,1172138.25,21,197,16.020498,8.541492,5847.62457,4275.911676,255,2090027355,2099045822,255,0.000615,0.000474,0.000141,57,1252,0,0,7,0,2,1,1,1,0,0,0,4,7,0,Normal,0,1
32191,0.110639,tcp,-,FIN,90,164,5592,192828,2286.716289,31,29,399859.0,13857898.0,10,71,1.239573,0.675399,67.952821,41.776893,255,1175714337,3328917157,255,0.000703,0.000545,0.000158,62,1176,0,0,12,0,8,6,1,7,0,0,0,12,8,0,Normal,0,1
32201,4.841778,tcp,-,FIN,454,858,25472,1094788,270.768312,31,29,41994.49219,1806795.875,38,390,10.68755,5.648992,5429.277511,3946.987582,255,3327667918,1185896173,255,0.000721,0.000588,0.000133,56,1276,0,0,19,0,4,5,1,1,0,0,0,12,7,0,Normal,0,1
32209,1.156592,tcp,-,FIN,94,164,5800,192828,222.204544,31,29,39695.93359,1325639.5,10,71,12.432882,7.092834,1086.259234,770.278328,255,67315545,2224607720,255,0.000578,0.000456,0.000122,62,1176,0,0,19,0,14,8,1,6,0,0,0,13,22,0,Normal,0,1
32258,5.585283,tcp,-,FIN,450,858,25264,1094788,234.007846,31,29,36106.32031,1566277.75,38,390,12.438646,6.51669,5517.20309,3993.196779,255,3327668706,3331856449,255,0.000628,0.000476,0.000152,56,1276,0,0,19,0,2,8,1,1,0,0,0,13,7,0,Normal,0,1
32294,6.477108,tcp,http,FIN,340,746,18162,1087890,167.513032,31,29,22366.77148,1341873.0,2,370,19.105448,8.693374,1097.51766,698.958397,255,3365608956,1224094478,255,0.000672,0.000536,0.000136,53,1458,1,524288,2,0,4,1,1,1,0,0,1,1,2,0,Normal,0,1
32319,1.0403,tcp,-,FIN,94,164,5800,192828,247.044119,31,29,44133.42188,1473828.625,10,71,11.182204,6.378773,690.607118,541.230517,255,4244384105,2121311248,255,0.000707,0.000554,0.000153,62,1176,0,0,19,0,4,8,1,1,0,0,0,13,9,0,Normal,0,1
32346,50.904377,arp,-,CON,3,3,84,138,0.098223,0,0,8.800815,14.458482,0,0,25451.68,25451.668,0.0,7.202604,0,0,0,0,0.0,0.0,0.0,28,46,0,0,2,0,2,2,2,2,0,0,0,2,2,0,Normal,0,1
32352,50.904377,arp,-,CON,3,3,84,138,0.098223,0,0,8.800815,14.458482,0,0,25451.68,25451.668,0.0,7.202604,0,0,0,0,0.0,0.0,0.0,28,46,0,0,2,0,2,2,2,2,0,0,0,2,2,0,Normal,0,1
32361,37.989578,arp,-,CON,2,2,56,92,0.078969,0,0,5.896354,9.686867,0,0,37988.524,37988.572,0.0,0.0,0,0,0,0,0.0,0.0,0.0,28,46,0,0,2,0,2,2,2,2,0,0,0,2,2,0,Normal,0,1
32366,37.989578,arp,-,CON,2,2,56,92,0.078969,0,0,5.896354,9.686867,0,0,37988.524,37988.572,0.0,0.0,0,0,0,0,0.0,0.0,0.0,28,46,0,0,2,0,2,2,2,2,0,0,0,2,2,0,Normal,0,1
32392,0.105017,tcp,-,FIN,88,164,5488,192828,2390.089248,31,29,413342.5938,14599770.0,10,71,1.203035,0.641288,66.33703,38.791714,255,2210903711,69130776,255,0.000612,0.000481,0.000131,62,1176,0,0,16,0,7,6,1,7,0,0,0,14,11,0,Normal,0,1
32441,0.503083,tcp,-,FIN,206,396,11930,495632,1194.63391,31,29,188803.8438,7861621.5,19,178,2.452449,1.272438,127.820108,74.685572,255,1783460546,1787146359,255,0.000657,0.000467,0.00019,58,1252,0,0,12,0,9,6,1,6,0,0,0,8,6,0,Normal,0,1
32454,0.107798,tcp,-,FIN,92,164,5696,192828,2365.53548,31,29,418189.5625,14223121.0,10,71,1.180308,0.658018,65.006824,39.62299,255,545516759,549300305,255,0.000709,0.000537,0.000172,62,1176,0,0,16,0,7,6,1,6,0,0,0,8,12,0,Normal,0,1
32482,1.209051,tcp,http,FIN,336,746,17954,1087890,894.089652,31,29,118446.6172,7188659.5,2,370,3.608102,1.622158,233.04314,140.339007,255,4204202487,2059828536,255,0.000709,0.000539,0.00017,53,1458,1,524288,1,0,1,1,1,1,0,0,1,1,1,0,Normal,0,1
32531,0.104419,tcp,-,FIN,88,164,5488,192828,2403.77708,31,29,415709.7813,14683381.0,10,71,1.196598,0.637227,65.56157,38.858595,255,4041100573,1899436545,255,0.000674,0.000547,0.000127,62,1176,0,0,19,0,9,7,2,7,0,0,0,12,10,0,Normal,0,1
32538,0.104419,tcp,-,FIN,88,164,5488,192828,2403.77708,31,29,415709.7813,14683381.0,10,71,1.196598,0.637227,65.56157,38.858595,255,4041100573,1899436545,255,0.000674,0.000547,0.000127,62,1176,0,0,19,0,9,7,2,7,0,0,0,12,10,0,Normal,0,1
32605,0.129594,tcp,-,FIN,90,164,5592,192828,1952.250903,31,29,341373.8438,11830980.0,10,71,1.452528,0.79154,82.649908,47.530236,255,1245255421,1248935527,255,0.000702,0.000569,0.000133,62,1176,0,0,8,0,6,6,1,6,0,0,0,8,16,0,Normal,0,1
32614,1.796988,tcp,ssh,FIN,326,354,25832,49578,377.854497,31,29,114649.625,220092.7344,78,103,5.528092,5.132463,486.155839,469.608866,255,2139075535,4288972161,255,0.000756,0.000615,0.000141,79,140,0,0,1,0,3,1,1,1,0,0,0,2,1,0,Normal,0,1
32629,0.159402,tcp,-,FIN,92,164,5696,192828,1599.729008,31,29,282807.0,9618600.0,10,71,1.748165,0.974773,107.35599,65.077327,255,905517837,3054525614,255,0.000647,0.000507,0.00014,62,1176,0,0,7,0,7,6,1,6,0,0,0,9,8,0,Normal,0,1
32646,0.328931,tcp,-,FIN,202,396,11722,495632,1814.970292,31,29,283682.5938,12023944.0,19,178,1.634716,0.833523,91.626853,48.440756,255,3436722482,3440211127,255,0.000643,0.00052,0.000123,58,1252,0,0,8,0,8,6,1,6,0,0,0,8,12,0,Normal,0,1
32656,11.432771,tcp,http,FIN,334,746,17850,1087890,94.377822,31,29,12453.32422,760223.0625,2,370,34.331606,15.345306,4235.870958,2813.330434,255,3893090910,1759013880,255,0.000668,0.000512,0.000156,53,1458,1,524288,3,0,4,1,1,1,0,0,1,1,1,0,Normal,0,1
32663,10.438791,tcp,http,FIN,350,746,18682,1087890,104.897202,31,29,14276.74902,832611.3125,2,370,29.90962,14.011095,1808.707528,1199.388371,255,1927704459,1932394115,255,0.000651,0.000518,0.000133,53,1458,1,524288,1,0,1,1,1,1,0,0,1,2,2,0,Normal,0,1
32692,1.745676,tcp,http,FIN,362,746,19306,1087890,634.138279,31,29,88231.71875,4978848.0,2,370,4.834789,2.342462,355.424989,228.949833,255,3628842265,3629883770,255,0.000685,0.000537,0.000148,53,1458,1,524288,2,0,3,2,1,2,0,0,1,4,4,0,Normal,0,1
32707,14.514022,tcp,http,FIN,324,742,17330,1081900,73.377318,31,29,9522.928711,595530.0625,2,367,44.934084,19.586388,2255.852904,1430.94062,255,3431556519,1287165714,255,0.00064,0.000505,0.000135,53,1458,1,524288,2,0,2,1,1,1,0,0,1,6,2,0,Normal,0,1
32725,0.111677,tcp,-,FIN,88,164,5488,192828,2247.553243,31,29,388692.4063,13729094.0,10,71,1.279931,0.682166,68.872275,41.635794,255,228230654,231774161,255,0.000604,0.000481,0.000123,62,1176,0,0,16,0,7,5,1,6,0,0,0,9,9,0,Normal,0,1
32736,0.865741,tcp,-,FIN,214,396,12346,495632,703.443628,31,29,113558.2109,4568396.0,19,178,4.062878,2.190519,251.38421,162.910632,255,115974690,2266016200,255,0.000621,0.000482,0.000139,58,1252,0,0,8,0,3,1,1,1,0,0,0,4,15,0,Normal,0,1
32743,0.733769,tcp,-,FIN,206,396,11930,495632,819.05886,31,29,129446.7344,5390045.0,19,178,3.577595,1.856423,208.399113,131.132656,255,55975484,60570662,255,0.000615,0.000478,0.000137,58,1252,0,0,10,0,3,1,1,1,0,0,0,2,8,0,Normal,0,1
32751,0.112257,tcp,-,FIN,90,164,5592,192828,2253.757078,31,29,394095.7188,13658160.0,10,71,1.257854,0.685307,67.70673,42.631532,255,2135713318,4288972099,255,0.000685,0.000548,0.000137,62,1176,0,0,10,0,8,6,1,6,0,0,0,10,9,0,Normal,0,1
32774,0.109284,tcp,-,FIN,86,164,5384,192828,2278.467142,31,29,389590.4375,14029721.0,10,71,1.281965,0.667196,69.453431,40.008569,255,3650904650,1509230184,255,0.00068,0.000528,0.000152,63,1176,0,0,4,0,2,3,1,2,0,0,0,5,7,0,Normal,0,1
32784,0.108535,tcp,-,FIN,92,164,5696,192828,2349.472538,31,29,415349.875,14126540.0,10,71,1.189132,0.662491,65.730978,40.731159,255,2917811047,771932330,255,0.000712,0.000545,0.000167,62,1176,0,0,9,0,7,6,1,6,0,0,0,8,9,0,Normal,0,1
32791,9.864037,tcp,http,FIN,342,746,18266,1087890,110.198294,31,29,14771.23438,881125.6875,2,370,28.925832,13.239571,1819.727408,1196.932412,255,2585607105,505312506,255,0.000689,0.000555,0.000134,53,1458,1,524288,1,0,3,1,1,1,0,0,1,1,1,0,Normal,0,1
32811,0.843895,tcp,-,FIN,222,396,12762,495632,731.133597,31,29,120441.5234,4686659.0,19,178,3.816706,2.134904,444.527936,318.079671,255,415974914,460374837,255,0.000768,0.000605,0.000163,57,1252,0,0,8,0,2,1,1,1,0,0,0,6,10,0,Normal,0,1
32818,0.297625,tcp,-,FIN,212,396,12242,495632,2039.479174,31,29,327526.25,13288695.0,19,178,1.415748,0.752066,82.177043,43.092266,255,3401178205,1255253809,255,0.000716,0.000555,0.000161,58,1252,0,0,14,0,2,1,1,1,0,0,0,9,18,0,Normal,0,1
32825,0.107858,tcp,-,FIN,92,164,5696,192828,2364.219574,31,29,417956.9375,14215209.0,10,71,1.181736,0.658724,65.543012,41.278848,255,4075099009,4074421826,255,0.000635,0.000482,0.000153,62,1176,0,0,13,0,11,9,1,5,0,0,0,11,12,0,Normal,0,1
32888,2.650623,tcp,http,FIN,362,746,19306,1087890,417.637652,31,29,58108.60156,3279023.75,2,370,7.341515,3.557153,402.416634,250.025809,255,3988842871,1849907636,255,0.000683,0.00054,0.000143,53,1458,1,524288,2,0,3,1,1,1,0,0,1,6,4,0,Normal,0,1
32889,0.202433,tcp,-,FIN,86,164,5384,192828,1230.036574,31,29,210321.4375,7573982.5,10,71,2.377553,1.238675,128.359658,75.85394,255,177771592,2331344127,255,0.000689,0.000526,0.000163,63,1176,0,0,11,0,9,7,1,7,0,0,0,9,10,0,Normal,0,1
32984,2.221545,tcp,http,FIN,350,746,18682,1087890,492.900216,31,29,67084.84375,3912347.5,2,370,6.364482,2.981137,309.699127,189.302705,255,2656718811,2660185129,255,0.000732,0.000594,0.000138,53,1458,1,0,2,0,8,1,1,1,0,0,1,1,2,0,Normal,0,1
32988,0.297483,tcp,-,FIN,202,396,11722,495632,2006.837385,31,29,313671.7188,13295039.0,19,178,1.48574,0.751747,85.185506,42.765639,255,2354139762,212494504,255,0.000659,0.00054,0.000119,58,1252,0,0,14,0,1,1,1,1,0,0,0,2,12,0,Normal,0,1
33027,0.222307,tcp,-,FIN,94,164,5800,192828,1156.058981,31,29,206525.2188,6896877.0,10,71,2.386946,1.360515,118.709382,80.999212,255,1188230207,1191817464,255,0.000762,0.000539,0.000223,62,1176,0,0,16,0,6,6,1,6,0,0,0,10,9,0,Normal,0,1
33035,0.244438,tcp,-,FIN,212,396,12242,495632,2483.247361,31,29,398792.3438,16180169.0,19,178,1.156867,0.617499,64.489727,33.746124,255,1555977169,1559483177,255,0.000655,0.000523,0.000132,58,1252,0,0,9,0,4,4,1,4,0,0,0,5,13,0,Normal,0,1
33037,0.104716,tcp,-,FIN,88,164,5488,192828,2396.959328,31,29,414530.7188,14641735.0,10,71,1.200046,0.639325,65.829793,39.407495,255,2527615305,2526981662,255,0.000647,0.0005,0.000147,62,1176,0,0,10,0,12,6,1,6,0,0,0,9,18,0,Normal,0,1
33060,0.194019,tcp,-,FIN,84,164,5280,192828,1273.071163,31,29,215154.1875,7902442.5,10,71,2.333542,1.187,167.885458,86.196619,255,2927353470,2927781940,255,0.000668,0.000534,0.000134,63,1176,0,0,6,0,9,6,1,7,0,0,0,8,13,0,Normal,0,1
33063,0.507377,tcp,-,FIN,204,396,11826,495632,1180.581631,31,29,185566.1406,7795087.0,19,178,2.49764,1.283073,126.247746,78.319087,255,2213694709,67840552,255,0.000693,0.000559,0.000134,58,1252,0,0,17,0,9,6,1,6,0,0,0,9,18,0,Normal,0,1
33072,30.982445,arp,-,CON,4,4,184,112,0.225934,0,0,35.633083,21.689703,0,0,15491.572,15491.572,15491.553,15491.565,0,0,0,0,0.0,0.0,0.0,46,28,0,0,2,0,2,2,2,2,0,0,0,2,2,0,Normal,0,1
33076,2.807598,tcp,http,FIN,350,746,18682,1087890,390.013084,31,29,53081.67188,3095691.0,2,370,8.043685,3.767852,477.784225,307.792608,255,1485253710,3683365105,255,0.000693,0.000544,0.000149,53,1458,1,524288,2,0,2,1,1,1,0,0,1,2,1,0,Normal,0,1
33079,30.982445,arp,-,CON,4,4,184,112,0.225934,0,0,35.633083,21.689703,0,0,15491.572,15491.572,15491.553,15491.565,0,0,0,0,0.0,0.0,0.0,46,28,0,0,2,0,2,2,2,2,0,0,0,2,2,0,Normal,0,1
33097,1.148697,tcp,http,FIN,352,746,18786,1087890,954.995079,31,29,130464.3438,7566360.5,2,370,3.271715,1.54116,195.568958,115.320836,255,1008227845,1009270458,255,0.000673,0.000526,0.000147,53,1458,1,524288,2,0,3,1,1,1,0,0,1,3,4,0,Normal,0,1
33138,0.249121,tcp,-,FIN,202,396,11722,495632,2396.425877,31,29,374564.9688,15876012.0,19,178,1.237831,0.629177,66.52021,35.526737,255,2534138753,2538505260,255,0.000717,0.000595,0.000122,58,1252,0,0,15,0,4,3,1,4,0,0,0,6,8,0,Normal,0,1
33169,0.244263,tcp,-,FIN,214,396,12346,495632,2493.214349,31,29,402484.2188,16191761.0,19,178,1.14523,0.616977,62.703035,34.126287,255,784112635,2933108201,255,0.00066,0.000553,0.000107,58,1252,0,0,6,0,6,4,1,5,0,0,0,11,9,0,Normal,0,1
33197,0.107533,tcp,-,FIN,90,164,5592,192828,2352.766119,31,29,411408.5938,14258172.0,10,71,1.204742,0.656779,68.617676,40.095897,255,2643420059,501711272,255,0.000604,0.000475,0.000129,62,1176,0,0,7,0,2,1,1,1,0,0,0,2,18,0,Normal,0,1
33226,0.116568,tcp,-,FIN,92,164,5696,192828,2187.564357,31,29,386727.0625,13153044.0,10,71,1.277121,0.712215,77.166152,43.188021,255,2767614487,621716730,255,0.000597,0.000476,0.000121,62,1176,0,0,11,0,8,7,1,7,0,0,0,12,11,0,Normal,0,1
33245,0.335411,tcp,-,FIN,204,396,11826,495632,1785.868616,31,29,280706.3438,11791646.0,19,178,1.645369,0.847884,100.679802,53.204605,255,2733432705,2737104975,255,0.000631,0.000491,0.00014,58,1252,0,0,8,0,5,5,1,5,0,0,0,7,14,0,Normal,0,1
33278,0.0,arp,-,INT,1,0,46,0,0.0,0,0,0.0,0.0,0,0,60000.648,0.0,0.0,0.0,0,0,0,0,0.0,0.0,0.0,46,0,0,0,2,2,2,2,2,2,0,0,0,2,2,1,Normal,0,1
33284,0.0,arp,-,INT,1,0,46,0,0.0,0,0,0.0,0.0,0,0,60000.636,0.0,10.954509,0.0,0,0,0,0,0.0,0.0,0.0,46,0,0,0,2,2,2,2,2,2,0,0,0,2,2,1,Normal,0,1
33286,0.114168,tcp,-,FIN,90,164,5592,192828,2216.032451,31,29,387499.125,13429542.0,10,71,1.278787,0.697123,70.319675,41.535666,255,1377772446,1381323771,255,0.000667,0.000533,0.000134,62,1176,0,0,11,0,6,9,1,4,0,0,0,12,6,0,Normal,0,1
33291,0.0,arp,-,INT,1,0,46,0,0.0,0,0,0.0,0.0,0,0,60000.636,0.0,10.954509,0.0,0,0,0,0,0.0,0.0,0.0,46,0,0,0,2,2,2,2,2,2,0,0,0,2,2,1,Normal,0,1
33299,0.0,arp,-,INT,1,0,46,0,0.0,0,0,0.0,0.0,0,0,60000.648,0.0,0.0,0.0,0,0,0,0,0.0,0.0,0.0,46,0,0,0,2,2,2,2,2,2,0,0,0,2,2,1,Normal,0,1
33379,0.256629,tcp,-,FIN,74,164,4760,192828,923.512187,31,29,146390.3125,5974477.0,10,71,3.505411,1.557546,190.80538,92.064698,255,1617777428,1623773884,255,0.002892,0.002745,0.000147,64,1176,0,0,11,0,6,9,1,6,0,0,0,12,13,0,Normal,0,1
33402,1.161718,tcp,http,FIN,348,746,18578,1087890,940.847942,31,29,127569.6875,7481554.0,2,370,3.346787,1.558619,194.692847,116.940059,255,2849237092,704843676,255,0.000721,0.000544,0.000177,53,1458,1,524288,1,0,1,1,1,1,0,0,1,2,2,0,Normal,0,1
33417,0.147433,tcp,-,FIN,96,164,5904,192828,1756.730202,31,29,317052.5,10399463.0,10,71,1.548316,0.894822,91.809037,51.87393,255,660747444,2810926518,255,0.001721,0.001573,0.000148,62,1176,0,0,8,0,7,6,1,6,0,0,0,8,16,0,Normal,0,1
33486,0.251476,tcp,-,FIN,200,396,11618,495632,2366.031049,31,29,367748.8125,15727338.0,19,178,1.262045,0.635167,67.641795,36.1612,255,1588752543,3737739292,255,0.00073,0.000582,0.000148,58,1252,0,0,15,0,7,6,1,7,0,0,0,9,12,0,Normal,0,1
33502,0.278516,tcp,-,FIN,208,396,12034,495632,2165.046216,31,29,344023.3438,14200434.0,19,178,1.343947,0.703727,80.912159,42.773572,255,3593693633,3597433930,255,0.000673,0.00054,0.000133,58,1252,0,0,6,0,4,1,1,1,0,0,0,1,10,0,Normal,0,1
33551,0.135525,tcp,-,FIN,92,164,5696,192828,1881.571623,31,29,332632.3438,11313219.0,10,71,1.485879,0.828031,87.693958,48.216946,255,3170326866,1024422034,255,0.000716,0.000552,0.000164,62,1176,0,0,11,0,9,6,1,7,0,0,0,10,16,0,Normal,0,1
33585,1.142936,tcp,http,FIN,348,746,18578,1087890,956.309022,31,29,129666.0547,7604499.5,2,370,3.292715,1.53343,197.421136,111.388749,255,480743879,2627178137,255,0.000672,0.000524,0.000148,53,1458,1,524288,3,0,1,2,1,1,0,0,1,7,1,0,Normal,0,1
33594,1.381417,tcp,http,FIN,342,746,18266,1087890,786.873168,31,29,105474.3047,6291696.0,2,370,4.050141,1.853601,230.487023,128.649634,255,3707350019,3704172253,255,0.000603,0.00048,0.000123,53,1458,1,524288,2,0,3,1,1,1,0,0,1,1,3,0,Normal,0,1
33733,3.384031,tcp,ssh,FIN,336,354,26352,49578,203.603332,31,29,62112.90625,116873.6328,78,103,10.100651,9.584998,789.877527,769.755494,255,2393690126,2393958377,255,0.000933,0.000516,0.000417,78,140,0,0,2,0,4,2,1,1,0,0,0,2,1,0,Normal,0,1
33734,7.317478,tcp,-,FIN,438,858,24640,1094788,176.973538,31,29,26877.01953,1195508.0,38,390,16.744028,8.537942,6312.1271,4511.204392,255,1006825941,1014146853,255,0.000581,0.000457,0.000124,56,1276,0,0,9,0,6,2,1,2,0,0,0,2,9,0,Normal,0,1
33776,6.728571,tcp,-,FIN,426,858,24016,1094788,190.679419,31,29,28487.47461,1300143.0,38,390,15.831127,7.850766,5799.441057,4083.294201,255,3156411451,1013505344,255,0.000697,0.00046,0.000237,56,1276,0,0,9,0,6,2,1,2,0,0,0,2,9,0,Normal,0,1
33802,1.143716,tcp,http,FIN,338,746,18058,1087890,946.913413,31,29,125940.3594,7599313.5,2,370,3.39284,1.534464,204.390807,122.260687,255,4073881201,4079089680,255,0.000669,0.000536,0.000133,53,1458,1,524288,1,0,3,1,1,1,0,0,1,1,2,0,Normal,0,1
33807,24.022911,tcp,http,FIN,324,746,17330,1087900,44.499186,31,29,5753.507324,361801.9375,2,370,74.373416,32.244807,4812.657797,3140.678014,255,1948750836,1949766472,255,0.000689,0.000531,0.000158,53,1458,1,0,2,0,11,1,1,1,0,0,1,1,1,0,Normal,0,1
33814,0.137619,tcp,-,FIN,88,164,5488,192828,1823.876015,31,29,315421.5625,11141078.0,10,71,1.578069,0.841313,91.629706,51.097436,255,3235674784,1093931765,255,0.00063,0.000482,0.000148,62,1176,0,0,12,0,10,6,1,6,0,0,0,13,12,0,Normal,0,1
33824,0.753153,tcp,-,FIN,214,396,12346,495632,808.600615,31,29,130533.8984,5251320.5,19,178,3.534408,1.905241,201.352939,127.735527,255,2406209774,260212859,255,0.000742,0.000579,0.000163,58,1252,0,0,8,0,4,1,1,1,0,0,0,4,12,0,Normal,0,1
33858,8.418475,tcp,-,FIN,662,1278,36866,1641360,230.326747,31,29,34981.15625,1558549.25,55,583,12.735447,6.591898,5589.570549,4021.127298,255,3156407757,3160624910,255,0.000797,0.000618,0.000179,56,1284,0,0,9,0,4,1,1,2,0,0,0,2,9,0,Normal,0,1
33875,0.351315,tcp,-,FIN,206,396,11930,495632,1710.715495,31,29,270367.0625,11257840.0,19,178,1.712146,0.888068,107.00254,54.440859,255,3281760814,3285412185,255,0.000662,0.000522,0.00014,58,1252,0,0,12,0,11,6,1,8,0,0,0,15,13,0,Normal,0,1
33880,1.17809,tcp,http,FIN,358,746,19098,1087890,936.261255,31,29,129327.9844,7377582.5,2,370,3.298065,1.580686,181.636885,110.388396,255,1860744347,4007147733,255,0.000607,0.000472,0.000135,53,1458,1,524288,2,0,1,1,1,1,0,0,1,3,3,0,Normal,0,1
33903,1.012434,tcp,-,FIN,208,396,12034,495632,595.594376,31,29,94639.25781,3906474.75,19,178,4.889415,2.561648,382.048674,285.498111,255,2466216381,331015767,255,0.000763,0.000578,0.000185,58,1252,0,0,6,0,1,1,1,1,0,0,0,1,8,0,Normal,0,1
33919,1.834508,tcp,http,FIN,358,746,19098,1087890,601.251145,31,29,83052.24219,4737758.5,2,370,5.13772,2.461678,334.016837,215.953441,255,3953691618,1805180814,255,0.000708,0.000553,0.000155,53,1458,1,524288,1,0,1,1,1,1,0,0,1,1,2,0,Normal,0,1
33928,1.338707,tcp,http,FIN,330,746,17642,1087890,803.013672,31,29,105110.3828,6492426.0,2,370,4.067863,1.796277,239.6398,135.208146,255,730286915,731314043,255,0.000614,0.000477,0.000137,53,1458,1,524288,2,0,4,2,1,2,0,0,1,13,3,0,Normal,0,1
33966,0.250205,tcp,-,FIN,202,396,11722,495632,2386.043347,31,29,372942.1875,15807229.0,19,178,1.243109,0.632159,67.542301,35.106047,255,1041008353,1044635739,255,0.000629,0.000499,0.00013,58,1252,0,0,10,0,10,6,1,9,0,0,0,17,9,0,Normal,0,1
33993,2.883947,tcp,http,FIN,354,746,18890,1087890,381.074978,31,29,52253.39063,3013736.5,2,370,8.168915,3.870322,463.951407,296.994843,255,2044111712,4190980041,255,0.000689,0.000548,0.000141,53,1458,1,524288,2,0,1,2,1,1,0,0,1,2,2,0,Normal,0,1
34031,1.106501,tcp,-,FIN,196,396,11410,495632,534.116109,31,29,82074.9375,3574373.75,19,178,5.672646,2.799843,349.918445,232.224511,255,1151859675,3312829186,255,0.000723,0.000558,0.000165,58,1252,0,0,13,0,4,1,1,1,0,0,0,2,7,0,Normal,0,1
34040,0.109152,tcp,-,FIN,92,164,5696,192828,2336.191804,31,29,413002.0625,14046688.0,10,71,1.195846,0.666362,65.485258,39.82907,255,3955674795,3963382791,255,0.000657,0.000531,0.000126,62,1176,0,0,13,0,9,9,1,9,0,0,0,12,9,0,Normal,0,1
34060,9.063727,tcp,-,FIN,670,1278,37282,1641360,214.812286,31,29,32858.00391,1447595.125,55,583,13.547662,7.09727,5981.409876,4328.324869,255,1006827872,1011715101,255,0.000643,0.000509,0.000134,56,1284,0,0,9,0,7,1,1,1,0,0,0,4,9,0,Normal,0,1
34072,1.864662,tcp,http,FIN,348,746,18578,1087890,586.165198,31,29,79478.21094,4661142.5,2,370,5.372735,2.502001,351.074756,206.552173,255,1211856006,1212959618,255,0.000805,0.000668,0.000137,53,1458,1,524288,2,0,7,1,1,1,0,0,1,5,2,0,Normal,0,1
34100,0.445122,tcp,-,FIN,212,396,12242,495632,1363.671073,31,29,218996.1406,8885312.0,19,178,2.108057,1.125716,120.486764,70.437773,255,4061754132,1919901198,255,0.000586,0.000461,0.000125,58,1252,0,0,11,0,4,1,1,1,0,0,0,2,13,0,Normal,0,1
34132,30.984713,arp,-,CON,4,4,184,112,0.225918,0,0,35.630474,21.688114,0,0,15492.278,15492.278,15492.254,15492.269,0,0,0,0,0.0,0.0,0.0,46,28,0,0,2,0,2,2,2,2,0,0,0,2,2,0,Normal,0,1
34134,0.134704,tcp,-,FIN,88,164,5488,192828,1863.344901,31,29,322247.3125,11382172.0,10,71,1.54446,0.823055,84.49308,47.085671,255,2638650214,2646416778,255,0.000666,0.000542,0.000124,62,1176,0,0,8,0,10,6,1,6,0,0,0,10,11,0,Normal,0,1
34139,30.984713,arp,-,CON,4,4,184,112,0.225918,0,0,35.630474,21.688114,0,0,15492.278,15492.278,15492.254,15492.269,0,0,0,0,0.0,0.0,0.0,46,28,0,0,2,0,2,2,2,2,0,0,0,2,2,0,Normal,0,1
34195,9.654473,tcp,-,FIN,664,1278,36970,1641360,201.0467,31,29,30588.92969,1359018.5,55,583,14.560721,7.559893,6159.207645,4437.646076,255,3156409613,1012316184,255,0.000728,0.000485,0.000243,56,1284,0,0,9,0,2,1,1,1,0,0,0,1,9,0,Normal,0,1
34272,0.362291,tcp,-,FIN,202,396,11722,495632,1647.846583,31,29,257560.9063,10916771.0,19,178,1.800891,0.915975,106.917027,54.318134,255,4030589416,1884598002,255,0.000611,0.000478,0.000133,58,1252,0,0,5,0,6,5,1,6,0,0,0,8,5,0,Normal,0,1
34300,9.868977,tcp,-,FIN,502,1012,28172,1298270,153.308703,31,29,22791.42188,1051365.75,44,461,19.69783,9.761123,7294.831827,5134.715113,255,1006829738,1012972057,255,0.000609,0.000477,0.000132,56,1283,0,0,10,0,3,1,1,1,0,0,0,2,7,0,Normal,0,1
34313,0.107518,tcp,-,FIN,88,164,5488,192828,2334.492777,31,29,403727.75,14260161.0,10,71,1.232195,0.656509,68.096249,40.182705,255,3478648876,3482309822,255,0.000626,0.000505,0.000121,62,1176,0,0,14,0,9,6,1,6,0,0,0,11,16,0,Normal,0,1
34316,3.599418,tcp,ssh,FIN,332,354,26144,49578,190.308548,31,29,57933.8125,109879.9922,78,103,10.871969,10.223869,795.865428,772.649577,255,799598362,799920263,255,0.00074,0.000605,0.000135,79,140,0,0,2,0,4,1,1,3,0,0,0,6,1,0,Normal,0,1
34348,1.16858,tcp,http,FIN,340,746,18162,1087890,928.477253,31,29,123972.6797,7437621.5,2,370,3.446153,1.567772,201.961117,120.642167,255,449143136,2599835330,255,0.000874,0.000586,0.000288,53,1458,1,524288,2,0,1,1,1,1,0,0,1,1,1,0,Normal,0,1
34372,4.573083,tcp,ssh,FIN,336,354,26352,49578,150.664226,31,29,45962.86719,86485.20313,78,103,13.65003,12.953148,891.748214,863.786766,255,859597582,3009504520,255,0.000747,0.000612,0.000135,78,140,0,0,2,0,2,1,1,2,0,0,0,2,1,0,Normal,0,1
34404,1.148693,tcp,http,FIN,354,746,18890,1087890,956.739558,31,29,131189.1094,7566387.5,2,370,3.253187,1.541142,195.574848,110.36978,255,1641005222,1642030685,255,0.00067,0.000538,0.000132,53,1458,1,524288,2,0,3,1,1,1,0,0,1,2,2,0,Normal,0,1
34512,0.295391,tcp,-,FIN,198,396,11514,495632,2007.508737,31,29,310259.9688,13389196.0,19,178,1.497792,0.746608,81.845868,41.488764,255,3114270357,972416862,255,0.000597,0.000475,0.000122,58,1252,0,0,9,0,3,1,1,1,0,0,0,2,11,0,Normal,0,1
34539,16.733883,tcp,http,FIN,350,746,18682,1087890,65.436098,31,29,8906.001953,519392.6563,2,370,47.947181,22.460868,6425.388955,4363.596771,255,2851633230,2848522158,255,0.000665,0.000533,0.000132,53,1458,1,524288,2,0,3,1,1,1,0,0,1,1,1,0,Normal,0,1
34541,0.583438,tcp,-,FIN,206,396,11930,495632,1030.100921,31,29,162800.5156,6778866.0,19,178,2.844502,1.475851,178.823227,93.751741,255,3759171707,3763524735,255,0.000613,0.000474,0.000139,58,1252,0,0,5,0,3,1,1,1,0,0,0,6,9,0,Normal,0,1
34583,0.51446,tcp,-,FIN,202,396,11722,495632,1160.440012,31,29,181378.5156,7687765.5,19,178,2.557881,1.3012,142.650098,78.009421,255,393524540,397141548,255,0.000617,0.00048,0.000137,58,1252,0,0,13,0,7,6,1,6,0,0,0,12,10,0,Normal,0,1
34605,0.107484,tcp,-,FIN,88,164,5488,192828,2335.231335,31,29,403855.4688,14264672.0,10,71,1.231632,0.655141,67.423742,40.241242,255,1813263685,3966528908,255,0.000835,0.000692,0.000143,62,1176,0,0,15,0,8,6,1,6,0,0,0,10,16,0,Normal,0,1
34690,1.216668,tcp,http,FIN,360,746,19202,1087890,908.218175,31,29,125911.0938,7143654.5,2,370,3.387989,1.632456,187.643969,109.363041,255,1553783716,1554851864,255,0.000607,0.000484,0.000123,53,1458,1,524288,3,0,9,2,1,3,0,0,1,12,2,0,Normal,0,1
34699,30.988161,arp,-,CON,4,4,184,112,0.225893,0,0,35.626511,21.685701,0,0,15491.909,15491.909,15491.884,15491.901,0,0,0,0,0.0,0.0,0.0,46,28,0,0,2,0,2,2,2,2,0,0,0,2,2,0,Normal,0,1
34705,30.988161,arp,-,CON,4,4,184,112,0.225893,0,0,35.626511,21.685701,0,0,15491.909,15491.909,15491.884,15491.901,0,0,0,0,0.0,0.0,0.0,46,28,0,0,2,0,2,2,2,2,0,0,0,2,2,0,Normal,0,1
34734,0.373968,tcp,-,FIN,198,396,11514,495632,1585.69715,31,29,245069.0938,10575899.0,19,178,1.896584,0.945415,116.177882,56.729242,255,2335882209,190093196,255,0.000663,0.000526,0.000137,58,1252,0,0,10,0,3,1,1,1,0,0,0,2,10,0,Normal,0,1
34737,24.289757,tcp,http,FIN,312,746,16706,1087900,43.516286,31,29,5484.78125,357827.2188,2,370,78.101156,32.603075,4456.137452,2795.788793,255,833782656,1063548380,255,0.00074,0.000478,0.000262,54,1458,1,524288,5,0,3,1,1,2,0,0,1,5,3,0,Normal,0,1
34767,1.313881,tcp,-,FIN,216,396,12450,495632,465.034491,31,29,75458.88281,3010202.5,19,178,6.109563,3.324932,414.283467,299.600401,255,3737507345,1612678435,255,0.000702,0.000529,0.000173,58,1252,0,0,5,0,3,1,1,1,0,0,0,1,9,0,Normal,0,1
34824,0.272287,tcp,-,FIN,206,396,11930,495632,2207.229781,31,29,348837.7813,14525291.0,19,178,1.32661,0.688122,76.789692,41.281661,255,2108884639,4257886723,255,0.000607,0.000476,0.000131,58,1252,0,0,18,0,2,1,1,2,0,0,0,5,9,0,Normal,0,1
34839,1.922651,tcp,http,FIN,346,746,18474,1087890,567.445662,31,29,76648.33594,4520558.0,2,370,5.57196,2.579973,269.005489,162.182115,255,2391685693,2397557398,255,0.000693,0.000567,0.000126,53,1458,1,524288,2,0,3,2,1,3,0,0,1,9,2,0,Normal,0,1
34948,1.274971,tcp,-,FIN,214,396,12346,495632,477.65792,31,29,77109.20313,3102069.0,19,178,5.983944,3.226372,349.216505,256.892933,255,2494216257,362729146,255,0.000685,0.00055,0.000135,58,1252,0,0,13,0,2,1,1,1,0,0,0,1,8,0,Normal,0,1
34957,0.513002,tcp,-,FIN,212,396,12242,495632,1183.231304,31,29,190018.7656,7709615.5,19,178,2.429289,1.297327,123.017806,78.00161,255,3666786714,3670497100,255,0.000748,0.000554,0.000194,58,1252,0,0,18,0,6,6,1,6,0,0,0,8,12,0,Normal,0,1
34982,17.124916,tcp,http,FIN,316,746,16914,1087900,61.956508,31,29,7876.709961,507537.4375,2,370,54.363801,22.985711,2903.216141,1850.036627,255,763458166,764517814,255,0.000716,0.000557,0.000159,54,1458,1,524288,1,0,4,1,1,1,0,0,1,3,1,0,Normal,0,1
34998,1.312843,tcp,-,FIN,212,396,12242,495632,462.355374,31,29,74251.07031,3012582.75,19,178,6.220455,3.32243,415.095064,295.31882,255,3687048266,1561581326,255,0.000614,0.000478,0.000136,58,1252,0,0,10,0,2,1,1,1,0,0,0,3,14,0,Normal,0,1
34999,1.563513,tcp,-,FIN,214,396,12346,495632,389.507464,31,29,62878.91406,2529590.75,19,178,7.338948,3.956757,630.161483,469.062164,255,2970022433,843225114,255,0.000763,0.000591,0.000172,58,1252,0,0,12,0,1,1,1,1,0,0,0,1,7,0,Normal,0,1
35003,0.288536,tcp,-,FIN,210,396,12138,495632,2096.791993,31,29,334959.9063,13707294.0,19,178,1.379034,0.729233,79.403206,40.885266,255,3486787609,3490300422,255,0.00062,0.000484,0.000136,58,1252,0,0,13,0,7,6,1,6,0,0,0,13,8,0,Normal,0,1
35019,23.412241,tcp,http,FIN,330,746,17642,1087890,45.916151,31,29,6010.189453,371235.5313,2,370,71.160751,31.425128,4653.400837,2979.131667,255,2294922834,504496739,255,0.000642,0.000517,0.000125,53,1458,1,524288,3,0,1,1,1,1,0,0,1,2,3,0,Normal,0,1
35027,0.358785,tcp,-,FIN,208,396,12034,495632,1680.672253,31,29,267056.875,11023448.0,19,178,1.731454,0.906967,107.027809,54.47947,255,2371428391,2375003066,255,0.000699,0.000527,0.000172,58,1252,0,0,8,0,3,3,1,3,0,0,0,3,8,0,Normal,0,1
35037,52.758282,arp,-,CON,3,3,84,138,0.094772,0,0,8.491558,13.950417,0,0,26378.656,26378.632,917.042625,917.039875,0,0,0,0,0.0,0.0,0.0,28,46,0,0,2,0,2,2,2,2,0,0,0,2,2,0,Normal,0,1
35042,52.758282,arp,-,CON,3,3,84,138,0.094772,0,0,8.491558,13.950417,0,0,26378.656,26378.632,917.042625,917.039875,0,0,0,0,0.0,0.0,0.0,28,46,0,0,2,0,2,2,2,2,0,0,0,2,2,0,Normal,0,1
35073,50.9114,arp,-,CON,3,3,84,138,0.09821,0,0,8.799601,14.456488,0,0,25455.182,25455.192,7.295673,0.0,0,0,0,0,0.0,0.0,0.0,28,46,0,0,2,0,2,2,2,2,0,0,0,2,2,0,Normal,0,1
35078,50.9114,arp,-,CON,3,3,84,138,0.09821,0,0,8.799601,14.456488,0,0,25455.182,25455.192,7.295673,0.0,0,0,0,0,0.0,0.0,0.0,28,46,0,0,2,0,2,2,2,2,0,0,0,2,2,0,Normal,0,1
35082,3.946802,tcp,ssh,FIN,232,232,24448,29244,117.31017,31,29,49342.22656,59020.94922,54,67,17.085723,17.082645,1411.766376,1411.063528,255,4158723922,2009403093,255,0.000741,0.000577,0.000164,105,126,0,0,1,0,4,1,1,1,0,0,0,2,1,0,Normal,0,1
35086,8.612731,tcp,http,FIN,360,746,19202,1087890,128.298446,31,29,17786.69336,1009140.563,2,370,23.990006,11.560049,1389.421915,918.163873,255,679600739,701050030,255,0.000621,0.000489,0.000132,53,1458,1,524288,2,0,2,1,1,2,0,0,1,5,1,0,Normal,0,1
35182,21.528107,tcp,http,FIN,356,746,18994,1087890,51.142444,31,29,7038.612305,403725.9688,2,370,60.641587,28.895357,4080.253476,2738.488278,255,3979117394,1876009691,255,0.00119,0.001062,0.000128,53,1458,1,524288,4,0,2,2,1,1,0,0,1,2,1,0,Normal,0,1
35198,0.252243,tcp,-,FIN,208,396,12034,495632,2390.551852,31,29,379855.9063,15679515.0,19,178,1.216986,0.6372,66.188527,35.247904,255,3275621906,3279323773,255,0.000695,0.000545,0.00015,58,1252,0,0,14,0,1,1,1,1,0,0,0,6,10,0,Normal,0,1
35213,39.183392,tcp,http,FIN,346,746,18474,1087890,27.843429,31,29,3760.981201,221814.7969,2,370,113.574229,52.594397,7641.766583,5022.300004,255,2484856317,362198674,255,0.00157,0.000566,0.001004,53,1458,1,524288,3,0,6,1,1,4,0,0,1,6,4,0,Normal,0,1
35224,0.241683,tcp,-,FIN,202,396,11722,495632,2470.177813,31,29,386092.5313,16364609.0,19,178,1.200731,0.610532,64.053915,34.139561,255,4210980265,2064840717,255,0.000641,0.00052,0.000121,58,1252,0,0,14,0,8,6,1,7,0,0,0,9,8,0,Normal,0,1
35276,0.244178,tcp,-,FIN,208,396,12034,495632,2469.509977,31,29,392402.2813,16197397.0,19,178,1.177966,0.616878,64.702086,34.089468,255,3128401197,3132057333,255,0.000645,0.000507,0.000138,58,1252,0,0,13,0,8,6,1,6,0,0,0,15,11,0,Normal,0,1
35320,1.038744,tcp,http,FIN,14,18,1684,10168,29.843735,31,29,12045.31641,73966.25,3,5,79.874846,61.069176,8770.340557,7679.478072,255,4047255207,1898719987,255,0.000713,0.000564,0.000149,120,565,1,3924,3,0,4,2,2,3,0,0,4,7,3,0,Normal,0,1
35324,1.290224,tcp,http,FIN,12,18,1580,10168,22.476718,31,29,8984.486328,59549.35156,3,5,117.260364,75.860002,11822.39059,9519.544663,255,4191685954,4196358691,255,0.000757,0.0006,0.000157,132,565,1,3924,4,0,4,4,1,4,0,0,1,15,2,0,Normal,0,1
35330,1.175922,tcp,http,FIN,14,18,1684,10168,26.362292,31,29,10640.16113,65337.66406,3,5,90.424772,69.144059,8840.350832,7741.273461,255,4131686892,31207469,255,0.00065,0.000469,0.000181,120,565,1,3924,4,0,2,4,1,2,0,0,1,15,3,0,Normal,0,1
35333,1.038744,tcp,http,FIN,14,18,1684,10168,29.843735,31,29,12045.31641,73966.25,3,5,79.874846,61.069176,8770.340557,7679.478072,255,4047255207,1898719987,255,0.000713,0.000564,0.000149,120,565,1,3924,3,0,4,2,2,3,0,0,4,7,3,0,Normal,0,1
35410,5.927784,tcp,http,FIN,366,746,19514,1087890,187.422485,31,29,26264.11523,1466223.5,2,370,16.239518,7.956058,950.593167,627.877982,255,1892117365,1912939442,255,0.000664,0.000516,0.000148,53,1458,1,524288,2,0,6,2,1,1,0,0,1,3,1,0,Normal,0,1
35411,0.530673,tcp,-,FIN,214,396,12346,495632,1147.599311,31,29,185259.0938,7452890.5,19,178,2.489554,1.342256,130.763156,78.662594,255,633916852,2787149369,255,0.000608,0.000479,0.000129,58,1252,0,0,9,0,8,6,1,7,0,0,0,9,8,0,Normal,0,1
35436,0.351324,tcp,-,FIN,210,396,12138,495632,1722.057172,31,29,275096.5,11257552.0,19,178,1.679488,0.888116,96.489695,55.248359,255,3604205527,1462459285,255,0.000636,0.000515,0.000121,58,1252,0,0,6,0,8,6,1,6,0,0,0,8,9,0,Normal,0,1
35446,8.432958,tcp,-,FIN,456,858,25576,1094788,155.698636,31,29,24209.77344,1037370.813,38,390,18.533269,9.839538,7073.552444,5152.982256,255,2541703314,2543005749,255,0.000591,0.00047,0.000121,56,1276,0,0,8,0,5,1,1,1,0,0,0,3,7,0,Normal,0,1
35453,1.531495,tcp,http,FIN,324,746,17330,1087890,698.010779,31,29,90249.07031,5675145.0,2,370,4.74053,2.054957,275.893781,154.573943,255,350190085,351200749,255,0.000669,0.000548,0.000121,53,1458,1,0,2,0,3,1,1,1,0,0,1,1,2,0,Normal,0,1
35473,1.790981,tcp,ssh,FIN,324,354,25728,49578,378.005115,31,29,114569.6094,220830.9219,78,103,5.561062,5.071972,506.137131,485.311919,255,377408782,377709728,255,0.000698,0.000564,0.000134,79,140,0,0,1,0,3,1,1,1,0,0,0,4,1,0,Normal,0,1
35512,3.220917,tcp,http,FIN,341,735,18214,1071390,333.755885,31,29,45107.65234,2657461.75,2,361,9.472324,4.387492,558.475456,349.16761,255,2110452470,4284366683,255,0.000611,0.000487,0.000124,53,1458,1,0,1,0,2,2,1,1,0,0,1,2,2,0,Normal,0,1
35524,2.902887,tcp,-,FIN,207,378,12016,465028,201.179026,31,29,32954.77734,1278170.25,20,163,14.090044,7.698721,5018.51348,3698.498303,255,2768357153,629236096,255,0.000586,0.000465,0.000121,58,1230,0,0,5,0,4,2,1,2,0,0,0,7,4,0,Normal,0,1
35548,9.273899,tcp,-,FIN,448,858,25160,1094788,140.717511,31,29,21655.61719,943303.75,38,390,20.745988,10.833458,7820.399411,5653.083309,255,392118028,398144713,255,0.000578,0.000456,0.000122,56,1276,0,0,8,0,5,2,1,3,0,0,0,6,7,0,Normal,0,1
35562,1.196649,tcp,http,FIN,360,746,19202,1087890,923.411996,31,29,128017.4922,7263162.5,2,370,3.332323,1.605617,182.993874,110.381783,255,873915180,3020337578,255,0.00058,0.000457,0.000123,53,1458,1,524288,1,0,5,1,1,1,0,0,1,3,4,0,Normal,0,1
35584,9.893883,tcp,-,FIN,658,1278,36658,1641360,195.575392,31,29,29596.46875,1326133.375,55,583,15.058688,7.74737,6668.069716,4795.432486,255,2541699759,2545038147,255,0.000621,0.000488,0.000133,56,1284,0,0,8,0,5,2,1,3,0,0,0,6,7,0,Normal,0,1
35592,7.351978,tcp,ssh,FIN,228,236,24240,29452,62.976251,31,29,26261.23242,31913.04492,54,67,32.387569,31.281726,2031.037823,2003.932583,255,2491237962,341963064,255,0.000761,0.000595,0.000166,106,125,0,0,1,0,8,1,1,2,0,0,0,4,1,0,Normal,0,1
35602,1.75715,tcp,-,FIN,216,396,12450,495632,347.722153,31,29,56423.18359,2250831.0,19,178,8.171293,4.447119,507.290123,362.429646,255,2746734855,621736539,255,0.001485,0.000534,0.000951,58,1252,0,0,10,0,2,1,1,1,0,0,0,1,6,0,Normal,0,1
35606,1.825959,tcp,ssh,FIN,336,356,26352,49682,378.431286,31,29,115113.2109,217060.7344,78,103,5.449677,5.156639,499.492053,487.675944,255,2555572478,2555810553,255,0.000619,0.000502,0.000117,78,140,0,0,1,0,3,1,1,1,0,0,0,7,2,0,Normal,0,1
35645,3.396707,tcp,-,FIN,402,768,22632,979354,344.15685,31,29,53171.49609,2303593.5,34,349,8.469367,4.427892,3993.033048,2886.550957,255,2768358081,626453690,255,0.000652,0.00051,0.000142,56,1275,0,0,5,0,4,2,1,2,0,0,0,7,4,0,Normal,0,1
35671,6.620898,tcp,-,FIN,418,858,23600,1094788,192.572072,31,29,28448.10547,1321286.625,38,390,15.876336,7.725121,5147.977919,3593.848591,255,821666491,2977014615,255,0.000587,0.000464,0.000123,56,1276,0,0,3,0,1,1,1,1,0,0,0,1,7,0,Normal,0,1
35688,1.548576,tcp,-,FIN,200,396,11618,495632,384.223959,31,29,59719.38281,2553990.25,19,178,7.78008,3.919147,565.228544,405.670282,255,1794179590,1814534088,255,0.000655,0.000509,0.000146,58,1252,0,0,16,0,2,1,1,1,0,0,0,3,10,0,Normal,0,1
35716,23.483152,tcp,http,FIN,344,740,18370,1078900,46.118169,31,29,6240.047852,367052.25,2,364,68.46302,31.775724,3902.145581,2587.813799,255,3837450310,3875639501,255,0.001047,0.000889,0.000158,53,1458,1,524288,2,0,2,1,1,1,0,0,1,5,4,0,Normal,0,1
35721,7.284156,tcp,-,FIN,436,858,24536,1094788,177.508558,31,29,26885.75,1200977.0,38,390,16.744448,8.499063,6512.57024,4639.592475,255,2967048382,827938482,255,0.000578,0.000453,0.000125,56,1276,0,0,5,0,3,1,1,1,0,0,0,2,9,0,Normal,0,1
35743,7.418479,tcp,http,FIN,344,720,18370,1048890,143.290829,31,29,19752.83594,1129540.5,2,354,21.627068,10.317028,3011.44363,2056.484933,255,2700032993,564507776,255,0.000665,0.000532,0.000133,53,1457,1,524288,1,0,1,1,1,1,0,0,1,1,1,0,Normal,0,1
35750,10.488458,tcp,-,FIN,674,1278,37490,1641360,186.014003,31,29,28553.29297,1250956.875,55,583,15.584141,8.21299,6959.312097,5060.619879,255,392119955,396010457,255,0.00059,0.000465,0.000125,56,1284,0,0,8,0,5,1,1,1,0,0,0,1,7,0,Normal,0,1
35772,2.140068,tcp,ssh,FIN,319,346,24940,49162,310.270507,31,29,92939.10156,183246.5156,72,103,6.74999,6.219311,548.596363,520.120116,255,4028354222,4032899520,255,0.000771,0.000614,0.000157,78,142,0,0,1,0,5,1,1,1,0,0,0,4,1,0,Normal,0,1
35780,42.809746,tcp,http,FIN,346,746,18474,1087890,25.484851,31,29,3442.393799,203025.1719,2,370,124.085319,57.462043,9028.062539,5975.499133,255,459469472,2625601872,255,0.000632,0.00051,0.000122,53,1458,1,524288,1,0,3,1,1,1,0,0,1,1,1,0,Normal,0,1
35787,41.001255,tcp,http,FIN,356,746,18994,1087890,26.852837,31,29,3695.69165,211980.25,2,370,115.495503,55.034554,7468.648402,5028.064558,255,3329051309,1262734955,255,0.000615,0.000493,0.000122,53,1458,1,524288,3,0,2,1,1,1,0,0,1,1,2,0,Normal,0,1
35816,1.174797,tcp,http,FIN,354,746,18890,1087890,935.480722,31,29,128274.0703,7398261.5,2,370,3.327079,1.57623,181.67817,111.169267,255,209929785,2360471210,255,0.000629,0.000502,0.000127,53,1458,1,524288,1,0,2,1,1,1,0,0,1,3,1,0,Normal,0,1
35884,9.271805,tcp,ssh,FIN,330,356,26040,49682,73.879899,31,29,22400.81641,42747.23438,78,103,28.180715,26.11607,1752.688799,0.0,255,4218721196,2069437624,255,0.000756,0.000589,0.000167,79,140,0,0,1,0,1,1,1,1,0,0,0,1,1,0,Normal,0,1
35923,1.222003,tcp,-,FIN,214,396,12346,495632,498.362122,31,29,80451.52344,3236529.0,19,178,5.73561,3.092377,376.760833,257.726299,255,2339250167,199869864,255,0.000652,0.000512,0.00014,58,1252,0,0,4,0,3,1,1,2,0,0,0,5,6,0,Normal,0,1
35945,11.610024,tcp,-,FIN,672,1278,37386,1641360,167.87217,31,29,25723.28711,1130110.25,55,583,17.302093,9.091277,7229.727155,5239.946942,255,2541701612,2541933508,255,0.00058,0.00046,0.00012,56,1284,0,0,8,0,4,2,1,2,0,0,0,3,8,0,Normal,0,1
35948,7.884402,tcp,-,FIN,650,1278,36242,1641360,244.406621,31,29,36717.55859,1664122.25,55,583,12.148051,6.173739,5646.308396,4024.614161,255,2967049358,825237318,255,0.000671,0.000533,0.000138,56,1284,0,0,5,0,6,1,1,2,0,0,0,5,9,0,Normal,0,1
35958,11.842282,tcp,-,FIN,534,1012,29836,1298270,130.464716,31,29,20118.41992,876174.375,44,461,22.217544,11.724568,8622.84835,6264.400099,255,2541702469,397077392,255,0.000585,0.000464,0.000121,56,1283,0,0,8,0,4,2,1,2,0,0,0,3,8,0,Normal,0,1
35980,1.280658,tcp,-,FIN,212,396,12242,495632,473.975095,31,29,76117.11719,3088293.75,19,178,6.067948,3.24037,414.564283,279.99974,255,3352080990,3375981735,255,0.000831,0.000707,0.000124,58,1252,0,0,11,0,5,1,1,1,0,0,0,3,12,0,Normal,0,1
35982,1.844182,tcp,ssh,FIN,336,354,26352,49578,373.607374,31,29,113975.7344,214460.3906,78,103,5.503708,5.237631,449.265935,439.144786,255,429663979,429909949,255,0.000663,0.000529,0.000134,78,140,0,0,1,0,6,1,1,1,0,0,0,1,1,0,Normal,0,1
35997,1.962716,tcp,http,FIN,353,742,18838,1081890,557.390886,31,29,76567.36719,4403824.0,2,368,5.574957,2.64796,436.828852,292.685941,255,182706525,183722340,255,0.00073,0.000574,0.000156,53,1458,1,524288,3,0,1,1,1,1,0,0,1,3,1,0,Normal,0,1
36023,8.965032,tcp,-,FIN,658,1278,36658,1641360,215.838614,31,29,32662.9082,1463531.75,55,583,13.644907,7.020009,5881.403265,4218.183486,255,821663694,2971201004,255,0.000609,0.000476,0.000133,56,1284,0,0,5,0,6,1,1,1,0,0,0,2,9,0,Normal,0,1
36054,1.370628,tcp,http,FIN,318,746,17018,1087890,775.556898,31,29,99020.30469,6341221.5,2,370,4.322691,1.839032,243.973748,120.186896,255,1426430809,1427473565,255,0.005711,0.000541,0.00517,54,1458,1,524288,2,0,3,1,1,1,0,0,1,2,1,0,Normal,0,1
36089,39.09906,tcp,http,FIN,348,746,18578,1087890,27.954636,31,29,3790.372559,222293.2188,2,370,112.676526,52.481213,7118.521622,4790.690812,255,4057373090,4089678295,255,0.000718,0.000571,0.000147,53,1458,0,0,2,0,6,1,1,1,0,0,0,1,2,0,Normal,0,1
36093,2.773908,tcp,http,FIN,314,740,16810,1078890,379.608854,31,29,48327.48828,3107336.0,2,367,8.861259,3.75298,493.164641,290.337791,255,482705406,2633273407,255,0.000583,0.000452,0.000131,54,1458,1,524288,1,0,7,1,1,1,0,0,1,1,4,0,Normal,0,1
36094,1.173591,tcp,http,FIN,346,746,18474,1087890,929.625384,31,29,125570.1484,7405864.5,2,370,3.400783,1.574583,194.609645,115.697354,255,4215315498,4216327727,255,0.000651,0.000523,0.000128,53,1458,1,524288,1,0,3,1,1,1,0,0,1,3,2,0,Normal,0,1
36128,1.107313,tcp,-,FIN,218,396,12554,495632,553.592326,31,29,90287.02344,3571752.5,19,178,5.100189,2.802101,277.837559,190.329172,255,1666433444,1670443693,255,0.000609,0.000478,0.000131,58,1252,0,0,8,0,4,1,1,1,0,0,0,1,10,0,Normal,0,1
36137,39.797947,tcp,http,FIN,344,746,18370,1087890,27.363221,31,29,3681.999023,218389.5625,2,370,116.028154,53.419249,8718.751624,5621.529868,255,1431986555,1574169955,255,0.000768,0.000615,0.000153,53,1458,1,524288,3,0,2,1,1,1,0,0,1,5,1,0,Normal,0,1
36141,9.632796,tcp,-,FIN,646,1278,36034,1641360,199.630506,31,29,29880.41992,1362076.75,55,583,14.932523,7.542943,6612.625847,4703.286125,255,821664621,826346727,255,0.000577,0.000453,0.000124,56,1284,0,0,5,0,4,2,1,2,0,0,0,3,9,0,Normal,0,1
36149,1.188809,tcp,http,FIN,287,577,15406,838714,725.936608,31,29,103316.8438,5634284.0,2,273,4.155514,2.062962,225.315947,143.497698,255,1835484520,3981875717,255,0.000668,0.00054,0.000128,54,1454,1,524288,2,0,8,1,1,1,0,0,1,1,2,0,Normal,0,1
36169,9.540081,tcp,ssh,FIN,338,356,26456,49682,72.640892,31,29,22119.72852,41545.14063,78,103,28.307848,26.867462,1873.38186,1826.460005,255,1181656485,1182262662,255,0.002259,0.00213,0.000129,78,140,0,0,1,0,6,1,1,1,0,0,0,1,1,0,Normal,0,1
36190,11.891836,tcp,http,FIN,358,746,19098,1087890,92.752707,31,29,12812.15137,730875.875,2,370,33.309547,15.961513,3027.599277,2080.085022,255,1412118450,1439531353,255,0.000651,0.000505,0.000146,53,1458,1,524288,3,0,4,1,1,1,0,0,1,1,2,0,Normal,0,1
36193,1.046796,tcp,-,FIN,206,396,11930,495632,574.132897,31,29,90737.83594,3778241.5,19,178,5.104746,2.648595,389.500738,271.18846,255,4256276184,4271280546,255,0.001401,0.000596,0.000805,58,1252,0,0,5,0,6,4,1,4,0,0,0,4,9,0,Normal,0,1
36220,3.153075,tcp,ssh,FIN,322,342,25240,46394,210.270927,31,29,63841.17188,117368.6016,74,98,9.821676,9.244915,659.50519,645.660619,255,635480680,635737823,255,0.000685,0.000555,0.00013,78,136,0,0,1,0,2,1,1,1,0,0,0,3,1,0,Normal,0,1
36237,0.400294,tcp,-,FIN,206,396,11930,495632,1501.396452,31,29,237285.5938,9880358.0,19,178,1.951029,1.012053,118.119937,63.368942,255,442184956,445826627,255,0.000659,0.000529,0.00013,58,1252,0,0,8,0,11,6,1,6,0,0,0,8,13,0,Normal,0,1
36269,10.097803,tcp,-,FIN,502,1012,28172,1298270,149.834571,31,29,22274.94336,1027540.75,44,461,20.154609,9.987478,7614.315379,5349.310551,255,2967052086,2976466705,255,0.000584,0.000459,0.000125,56,1283,0,0,5,0,4,2,1,2,0,0,0,3,9,0,Normal,0,1
36294,1.839001,tcp,ssh,FIN,332,356,26144,49682,373.572379,31,29,113391.9922,215521.3594,78,103,5.554867,5.178555,419.229706,406.981427,255,1769925984,3919831791,255,0.000733,0.000604,0.000129,79,140,0,0,1,0,4,1,1,2,0,0,0,3,1,0,Normal,0,1
36342,0.97774,tcp,-,FIN,236,438,13558,548216,688.322056,31,29,110467.0,4475341.0,21,197,4.159234,2.236332,1277.800938,936.419926,255,1122449489,3272341569,255,0.000583,0.000459,0.000124,57,1252,0,0,4,0,1,1,1,1,0,0,0,2,7,0,Normal,0,1
36406,1.129285,tcp,-,FIN,230,438,13246,548216,590.639221,31,29,93432.57031,3874770.5,21,197,4.929703,2.583124,1563.347768,1131.078853,255,3337589720,3342247339,255,0.000576,0.000456,0.00012,58,1252,0,0,6,0,7,2,1,2,0,0,0,2,9,0,Normal,0,1
36413,0.634589,tcp,-,FIN,228,438,13142,548216,1047.922329,31,29,164957.1563,6895360.5,21,197,2.794154,1.451108,671.647892,483.018172,255,1122448589,3271799470,255,0.000582,0.000452,0.00013,58,1252,0,0,13,0,3,1,1,1,0,0,0,4,15,0,Normal,0,1
36454,0.764112,tcp,-,FIN,228,438,13142,548216,870.291271,31,29,136995.625,5726542.5,21,197,3.364745,1.747471,819.235309,588.947561,255,1188007880,1192134605,255,0.000587,0.000464,0.000123,58,1252,0,0,6,0,7,2,1,2,0,0,0,2,9,0,Normal,0,1
36455,2.384334,tcp,http,CON,334,740,17850,1086920,450.020828,31,29,59713.10938,3641946.0,2,369,7.160162,3.225443,350.198435,213.787437,255,2102706081,2108984921,255,0.000645,0.000518,0.000127,53,1469,1,0,1,0,5,1,1,2,0,0,1,3,2,0,Normal,0,1
36475,2.143417,tcp,-,FIN,242,438,13870,548216,316.783919,31,29,51555.06641,2041469.375,21,197,8.892482,4.903753,3148.748846,2338.438916,255,3267837911,3273422389,255,0.000603,0.000473,0.00013,57,1252,0,0,13,0,7,2,1,2,0,0,0,7,15,0,Normal,0,1
36493,8.281957,tcp,ssh,FIN,228,234,24240,29348,55.663175,31,29,23312.36523,28228.11133,54,67,36.484394,35.541587,2301.8356,2272.946656,255,654172962,2804064998,255,0.000801,0.000628,0.000173,106,125,0,0,1,0,2,1,1,1,0,0,0,1,1,0,Normal,0,1
36502,1.5602,tcp,-,FIN,238,438,13662,548216,432.636848,31,29,69760.28906,2804589.25,21,197,6.581755,3.569169,1979.113665,1457.259979,255,3267836969,3272889278,255,0.000599,0.00047,0.000129,57,1252,0,0,13,0,7,2,1,2,0,0,0,7,15,0,Normal,0,1
36504,2.684558,tcp,http,FIN,340,730,18162,1063890,398.203367,31,29,53964.9375,3166057.25,2,360,7.918024,3.681789,483.778942,299.937043,255,3000607945,3037123030,255,0.000676,0.00053,0.000146,53,1457,1,524288,2,0,3,1,1,2,0,0,1,3,2,0,Normal,0,1
36526,2.348967,tcp,-,FIN,232,438,13350,548216,284.806035,31,29,45272.66406,1862827.25,21,197,10.167298,5.373991,3557.756848,2585.627211,255,3337591711,1193772935,255,0.00065,0.000527,0.000123,58,1252,0,0,6,0,3,2,1,2,0,0,0,2,9,0,Normal,0,1
36528,6.56967,tcp,http,FIN,338,746,18058,1087890,164.848458,31,29,21924.99805,1322966.875,2,370,19.493575,8.817715,1161.220442,735.645005,255,1317149918,3491124971,255,0.000591,0.000468,0.000123,53,1458,1,524288,2,0,4,2,1,1,0,0,1,2,3,0,Normal,0,1
36565,1.724198,tcp,-,FIN,234,438,13454,548216,389.166445,31,29,62159.91406,2537829.25,21,197,7.398249,3.944487,2310.312571,1685.601253,255,3337590781,3342774186,255,0.000577,0.000453,0.000124,57,1252,0,0,6,0,3,2,1,2,0,0,0,2,9,0,Normal,0,1
36576,3.189006,tcp,-,FIN,396,768,22320,979354,364.690429,31,29,55851.88281,2453627.25,34,349,8.072539,4.157117,3817.074376,2738.795724,255,3267834120,3275482209,255,0.000623,0.000491,0.000132,56,1275,0,0,13,0,4,2,1,2,0,0,0,2,15,0,Normal,0,1
36581,2.72803,tcp,-,FIN,236,438,13558,548216,246.69817,31,29,39591.94141,1603985.375,21,197,11.607285,6.241572,4396.356498,3224.127339,255,1122446597,3278157676,255,0.000582,0.000459,0.000123,57,1252,0,0,13,0,4,2,1,2,0,0,0,2,15,0,Normal,0,1
36607,2.88671,tcp,http,FIN,340,746,18162,1087890,375.860418,31,29,50185.85156,3010851.75,2,370,8.514368,3.874003,437.270336,260.999124,255,408000870,409072539,255,0.00076,0.000573,0.000187,53,1458,1,524288,3,0,1,1,1,1,0,0,1,1,2,0,Normal,0,1
36625,0.336267,tcp,-,FIN,204,396,11826,495632,1781.322609,31,29,279991.7813,11761630.0,19,178,1.654872,0.849911,93.077844,48.978575,255,1822184355,1825767167,255,0.000677,0.000548,0.000129,58,1252,0,0,9,0,7,6,1,6,0,0,0,10,12,0,Normal,0,1
36629,2.877068,tcp,http,FIN,14,18,1684,10168,10.774858,31,29,4348.871582,26704.96484,3,5,221.286308,169.207235,18323.75368,16029.65052,255,3120608724,3165441357,255,0.000697,0.000541,0.000156,120,565,1,3924,3,0,1,1,1,1,0,0,1,1,4,0,Normal,0,1
36659,3.065893,tcp,http,FIN,14,18,1684,10168,10.111247,31,29,4081.029541,25060.23633,3,5,235.812928,180.313353,14990.43933,13108.38385,255,3304803161,3310636141,255,0.000694,0.000562,0.000132,120,565,1,3924,3,0,3,3,1,2,0,0,1,3,4,0,Normal,0,1
36674,0.336114,tcp,-,FIN,206,396,11930,495632,1788.083862,31,29,282594.5938,11766984.0,19,178,1.637824,0.849603,93.106141,48.989211,255,1282186420,1285778389,255,0.000649,0.000517,0.000132,58,1252,0,0,8,0,1,1,1,1,0,0,0,1,7,0,Normal,0,1
36691,3.43664,tcp,-,FIN,392,768,22112,979354,337.248007,31,29,51343.17188,2276826.25,34,349,8.788489,4.479872,4107.667371,2932.236967,255,1188006905,1191543130,255,0.000725,0.000575,0.00015,56,1275,0,0,11,0,4,2,1,2,0,0,0,4,5,0,Normal,0,1
36703,2.082187,tcp,-,FIN,214,396,12346,495632,292.480944,31,29,47215.74219,1899468.25,19,178,9.773911,5.270114,623.580998,443.599654,255,1078949168,1100490531,255,0.000622,0.000489,0.000133,58,1252,0,0,9,0,4,1,1,1,0,0,0,1,7,0,Normal,0,1
36718,1.21023,tcp,-,FIN,230,438,13246,548216,551.134911,31,29,87183.42969,3615610.25,21,197,5.283157,2.768348,1768.430969,1280.105332,255,2953131011,2963766785,255,0.000584,0.000458,0.000126,58,1252,0,0,6,0,3,2,1,2,0,0,0,4,8,0,Normal,0,1
36722,2.204174,tcp,-,FIN,212,396,12242,495632,275.386602,31,29,44225.18359,1794344.75,19,178,10.444754,5.57878,680.595209,498.923097,255,1258949512,1279271870,255,0.000724,0.000552,0.000172,58,1252,0,0,8,0,4,1,1,1,0,0,0,2,10,0,Normal,0,1
36726,2.916034,tcp,http,FIN,14,18,1684,10168,10.630877,31,29,4290.759277,26348.11523,3,5,224.281457,171.503471,13657.27067,11947.39147,255,4140608609,2017183268,255,0.000601,0.000472,0.000129,120,565,1,3924,3,0,3,1,1,1,0,0,1,2,2,0,Normal,0,1
36743,7.827895,tcp,-,FIN,440,858,24744,1094788,165.689495,31,29,25230.79297,1117555.125,38,390,17.830429,9.133526,6704.446557,4804.358429,255,2491830387,352215867,255,0.000582,0.000457,0.000125,56,1276,0,0,5,0,3,1,1,1,0,0,0,5,4,0,Normal,0,1
36752,2.967747,tcp,-,FIN,238,438,13662,548216,227.445266,31,29,36674.28516,1474424.875,21,197,12.520839,6.790069,4799.106678,3534.590106,255,1188005982,3339726144,255,0.00061,0.000481,0.000129,57,1252,0,0,11,0,4,2,1,2,0,0,0,4,5,0,Normal,0,1
36766,0.866453,tcp,-,FIN,230,438,13246,548216,769.805178,31,29,121774.6406,5050153.0,21,197,3.782349,1.980451,813.659553,584.385403,255,2953130051,813631184,255,0.001126,0.000991,0.000135,58,1252,0,0,6,0,3,2,1,2,0,0,0,4,8,0,Normal,0,1
36792,1.913243,tcp,-,FIN,218,396,12554,495632,320.398393,31,29,52254.73047,2067195.75,19,178,8.815152,4.84204,961.420117,652.367754,255,1858949885,1874472088,255,0.000785,0.000628,0.000157,58,1252,0,0,7,0,3,1,1,1,0,0,0,1,14,0,Normal,0,1
36818,2.506878,tcp,ssh,FIN,342,354,26664,49578,277.237276,31,29,84844.97656,157767.5625,78,103,7.350616,7.099782,468.544215,460.956302,255,802180405,802500837,255,0.000821,0.000644,0.000177,78,140,0,0,1,0,3,1,1,1,0,0,0,5,1,0,Normal,0,1
36837,3.819067,tcp,http,FIN,14,18,1684,10168,8.117166,31,29,3276.192871,20118.00195,3,5,293.744702,224.619294,24545.55112,21459.59743,255,915222807,916214237,255,0.00067,0.000535,0.000135,120,565,1,3924,2,0,2,1,1,1,0,0,1,1,6,0,Normal,0,1
36856,2.332111,tcp,-,FIN,230,438,13246,548216,286.006984,31,29,45243.13281,1876291.625,21,197,10.182485,5.335526,3560.707392,2577.231209,255,2953132828,2964830540,255,0.000614,0.000482,0.000132,58,1252,0,0,6,0,3,2,1,3,0,0,0,3,8,0,Normal,0,1
36877,0.418066,tcp,-,FIN,206,396,11930,495632,1437.572075,31,29,227198.5781,9460344.0,19,178,2.03781,1.057114,118.492348,65.3825,255,34700526,2187887669,255,0.000633,0.000503,0.00013,58,1252,0,0,7,0,8,6,1,7,0,0,0,8,9,0,Normal,0,1
36931,2.249878,tcp,http,FIN,340,711,18162,1035390,466.691986,31,29,64391.05078,3676409.25,2,352,6.635513,3.168097,414.163328,249.763944,255,567738265,2714152909,255,0.000661,0.000526,0.000135,53,1456,1,524288,1,0,6,1,1,1,0,0,1,3,4,0,Normal,0,1
36936,0.520898,tcp,-,FIN,226,438,13038,548216,1272.802007,31,29,199363.4063,8400340.0,21,197,2.313689,1.190968,560.620823,401.519394,255,247485242,2396748508,255,0.000575,0.000442,0.000133,58,1252,0,0,13,0,1,1,1,1,0,0,0,2,2,0,Normal,0,1
36939,1.721928,tcp,-,FIN,224,438,12934,548216,383.872032,31,29,59825.96094,2541174.75,21,197,7.720233,3.93925,2524.287563,1802.687853,255,2953131958,2964293569,255,0.000602,0.000473,0.000129,58,1252,0,0,6,0,3,2,1,3,0,0,0,3,8,0,Normal,0,1
36950,4.46132,tcp,http,FIN,342,746,18266,1087890,243.649866,31,29,32659.39258,1948180.375,2,370,13.082082,5.987687,806.609479,496.666406,255,3835053130,3932828872,255,0.00062,0.000489,0.000131,53,1458,0,0,2,0,3,2,1,1,0,0,0,5,2,0,Normal,0,1
36955,6.114821,tcp,http,FIN,334,746,17850,1087890,176.456516,31,29,23283.75586,1421375.375,2,370,18.361877,8.207083,1199.952077,775.465728,255,969666591,1007293838,255,0.000683,0.00054,0.000143,53,1458,1,524288,3,0,1,2,1,1,0,0,1,5,2,0,Normal,0,1
36958,9.088776,tcp,-,FIN,638,1278,35618,1641360,210.699447,31,29,31302.78711,1443605.625,55,583,14.267575,7.122484,6899.040646,4874.266125,255,346440048,350042093,255,0.000627,0.000484,0.000143,56,1284,0,0,9,0,6,2,1,2,0,0,0,2,17,0,Normal,0,1
36988,1.162622,tcp,http,FIN,346,746,18474,1087890,938.396163,31,29,126754.875,7475737.0,2,370,3.369,1.559784,198.960945,120.492475,255,3584541915,3585609869,255,0.000733,0.000577,0.000156,53,1458,1,524288,2,0,1,2,1,1,0,0,1,2,1,0,Normal,0,1
36994,8.48083,tcp,-,FIN,438,858,24640,1094788,152.697315,31,29,23190.18164,1031515.063,38,390,19.406172,9.895413,7572.26783,5412.087105,255,2491825508,352751982,255,0.000581,0.000458,0.000123,56,1276,0,0,9,0,6,2,1,2,0,0,0,2,17,0,Normal,0,1
37022,0.666331,tcp,-,FIN,214,396,12346,495632,913.960188,31,29,147542.2813,5935560.5,19,178,3.126751,1.685372,266.004245,188.608309,255,2364287330,228771667,255,0.000789,0.000602,0.000187,58,1252,0,0,6,0,1,1,1,1,0,0,0,1,12,0,Normal,0,1
37040,2.933294,tcp,-,FIN,232,438,13350,548216,228.071236,31,29,36254.12109,1491742.75,21,197,12.696865,6.711265,4818.861826,3503.18593,255,2953128157,2961180183,255,0.000591,0.000467,0.000124,58,1252,0,0,6,0,1,1,1,1,0,0,0,1,8,0,Normal,0,1
37069,4.136997,tcp,http,FIN,334,746,17850,1087890,260.817192,31,29,34415.30078,2100909.25,2,370,12.42242,5.552282,760.759107,478.116954,255,1691856160,1693329459,255,0.000707,0.000545,0.000162,53,1458,1,524288,2,0,3,1,1,1,0,0,1,1,2,0,Normal,0,1
37093,2.643702,tcp,http,FIN,370,746,19722,1087890,421.757062,31,29,59519.56641,3287608.0,2,370,7.163647,3.547581,381.996197,243.414964,255,1287744657,1290591857,255,0.00085,0.00075,0.0001,53,1458,1,524288,2,0,1,1,1,1,0,0,1,2,6,0,Normal,0,1
37096,0.029032,tcp,ftp,FIN,52,54,2934,3740,3616.698889,31,29,793055.9375,1011573.438,11,15,0.563059,0.537151,46.787808,1.17028,255,3800085458,3801127678,255,0.000687,0.000558,0.000129,56,69,0,0,1,0,8,1,1,7,1,1,0,11,1,0,Normal,0,1
37097,3.411841,tcp,-,FIN,366,702,20692,890062,312.734394,31,29,48386.78125,2084024.5,32,318,9.346526,4.866341,4199.784383,3029.971223,255,2953129168,2957568750,255,0.000678,0.000532,0.000146,57,1268,0,0,6,0,2,1,1,1,0,0,0,1,8,0,Normal,0,1
37155,1.470026,tcp,-,FIN,224,438,12934,548216,449.651906,31,29,70077.67188,2976627.5,21,197,6.590614,3.362842,1853.159059,1323.403143,255,247487123,2402026526,255,0.000583,0.00046,0.000123,58,1252,0,0,6,0,4,2,1,2,0,0,0,5,12,0,Normal,0,1
37216,0.91707,tcp,-,FIN,228,437,13142,546716,724.045079,31,29,114146.1406,4758328.5,21,196,4.038551,2.102298,811.063419,580.604688,255,673036066,677185009,255,0.000608,0.000464,0.000144,58,1251,0,0,5,0,2,1,1,1,0,0,0,2,7,0,Normal,0,1
37218,0.887981,tcp,-,FIN,230,438,13246,548216,751.1422,31,29,118822.3594,4927718.0,21,197,3.876249,2.030895,1058.057095,765.119617,255,2397066992,251915497,255,0.000601,0.000476,0.000125,58,1252,0,0,6,0,4,2,1,2,0,0,0,5,12,0,Normal,0,1
37238,0.272034,tcp,-,FIN,204,396,11826,495632,2201.930727,31,29,346103.8125,14538801.0,19,178,1.338502,0.687246,76.668128,39.000901,255,3017114303,3020932098,255,0.000737,0.000568,0.000169,58,1252,0,0,1,0,9,1,1,1,0,0,0,1,14,0,Normal,0,1
37246,0.621855,tcp,-,CON,228,421,13108,536230,1042.043529,31,30,167897.6563,6882080.0,20,191,2.751571,1.475131,533.019665,388.099758,255,3509840730,3513779377,255,0.000586,0.00046,0.000126,57,1274,0,0,10,0,4,1,1,2,0,0,0,7,8,0,Normal,0,1
37250,0.982805,tcp,ssh,FIN,228,234,24240,29348,469.065576,31,29,196449.9531,237874.25,54,67,4.329537,4.232733,349.455469,347.000677,255,3673950586,1524674269,255,0.000784,0.000628,0.000156,106,125,0,0,1,0,3,1,1,2,0,0,0,12,1,0,Normal,0,1
37291,0.286753,tcp,-,FIN,202,396,11722,495632,2081.931148,31,29,325408.9688,13792525.0,19,178,1.424741,0.72464,79.718071,42.756236,255,1291732902,1295338898,255,0.000653,0.000516,0.000137,58,1252,0,0,9,0,5,4,1,4,0,0,0,12,8,0,Normal,0,1
37301,1.802057,tcp,ssh,FIN,328,354,25936,49578,377.90147,31,29,114788.8203,219473.625,78,103,5.509419,5.117602,452.124478,436.8519,255,814698258,815025917,255,0.000784,0.000651,0.000133,79,140,0,0,1,0,3,1,1,1,0,0,0,1,1,0,Normal,0,1
37323,2.056404,tcp,-,FIN,230,438,13246,548216,324.35259,31,29,51308.98047,2127850.25,21,197,8.978515,4.704652,3042.374552,2202.067417,255,247488065,252988353,255,0.000588,0.000467,0.000121,58,1252,0,0,6,0,2,1,1,1,0,0,0,2,12,0,Normal,0,1
37327,0.340072,tcp,-,FIN,214,396,12346,495632,1790.797211,31,29,289091.7188,11630031.0,19,178,1.594883,0.859706,104.975046,65.572964,255,3681307286,1535332222,255,0.000608,0.000484,0.000124,58,1252,0,0,12,0,3,1,1,1,0,0,0,3,14,0,Normal,0,1
37341,1.523241,tcp,-,FIN,220,438,12726,548216,431.31716,31,29,66537.07031,2872638.0,21,197,6.953986,3.484586,1982.047113,1402.660112,255,1360261859,3511279445,255,0.000603,0.000473,0.00013,58,1252,0,0,10,0,3,2,1,2,0,0,0,9,8,0,Normal,0,1
37364,0.367765,tcp,-,FIN,206,396,11930,495632,1634.195708,31,29,258273.625,10754280.0,19,178,1.792117,0.929643,108.569059,54.811742,255,336891918,2490307551,255,0.000668,0.000552,0.000116,58,1252,0,0,10,0,1,1,1,1,0,0,0,2,10,0,Normal,0,1
37375,25.451618,arp,-,CON,2,2,56,92,0.117871,0,0,8.801012,14.458806,0,0,25450.656,25450.608,0.0,7.134509,0,0,0,0,0.0,0.0,0.0,28,46,0,0,2,0,2,2,2,2,0,0,0,2,2,0,Normal,0,1
37390,1.9495,tcp,-,FIN,237,427,13593,536570,340.087208,31,29,55546.55078,2196723.25,20,191,8.259059,4.575204,1871.654411,1388.284552,255,2822617821,2823131406,255,0.000583,0.000459,0.000124,57,1257,0,0,5,0,3,1,1,1,0,0,0,5,7,0,Normal,0,1
37395,1.009869,tcp,http,FIN,14,18,1684,10168,30.697051,31,29,12389.72559,76081.15625,3,5,77.653923,59.373765,8765.68854,7675.548022,255,4280086469,4285316705,255,0.000642,0.000511,0.000131,120,565,1,3924,2,0,2,2,1,1,0,0,1,11,2,0,Normal,0,1
37400,0.056682,tcp,-,FIN,72,74,4238,63878,2558.131248,31,29,589958.0,8893828.0,7,30,0.793451,0.76237,51.719171,50.765728,255,4041305039,4041860983,255,0.001163,0.00102,0.000143,59,863,0,0,8,0,11,1,1,7,0,0,0,12,12,0,Normal,0,1
37404,0.943213,tcp,-,FIN,220,424,12692,530112,681.712412,31,29,107165.6172,4485621.0,20,190,4.305224,2.228719,1319.524932,947.472599,255,1360260924,1364729180,255,0.001594,0.000462,0.001132,58,1250,0,0,10,0,3,2,1,2,0,0,0,9,8,0,Normal,0,1
37419,0.295797,tcp,-,FIN,212,396,12242,495632,2052.083083,31,29,329550.3438,13370819.0,19,178,1.400009,0.747511,81.013382,42.011055,255,2312605766,170816016,255,0.000658,0.000526,0.000132,58,1252,0,0,14,0,8,6,1,6,0,0,0,11,12,0,Normal,0,1
37421,2.638538,tcp,-,FIN,234,438,13454,548216,254.30751,31,29,40619.46484,1658388.125,21,197,11.322785,6.036776,4234.987532,3092.474385,255,2397064084,253537555,255,0.000588,0.000463,0.000125,57,1252,0,0,6,0,2,2,1,2,0,0,0,3,12,0,Normal,0,1
37424,0.599681,tcp,-,FIN,200,396,11618,495632,992.194151,31,29,154215.3125,6595253.0,19,178,3.011402,1.516985,173.699647,100.29095,255,3797113102,1655209591,255,0.000601,0.000468,0.000133,58,1252,0,0,8,0,11,6,1,7,0,0,0,12,12,0,Normal,0,1
37459,5.841687,tcp,http,FIN,354,746,18890,1087890,188.13058,31,29,25796.65625,1487833.125,2,370,16.547644,7.840566,1318.057008,864.129492,255,660516763,673548511,255,0.000586,0.000461,0.000125,53,1458,1,524288,1,0,3,1,1,1,0,0,1,1,2,0,Normal,0,1
37471,3.145717,tcp,-,FIN,228,432,13142,539216,209.491197,31,29,33276.99219,1368128.25,21,193,13.854956,7.297575,4066.263717,2948.545676,255,673037943,2823674398,255,0.000543,0.000458,8.5e-05,58,1248,0,0,5,0,10,1,1,1,0,0,0,1,7,0,Normal,0,1
37481,0.389437,tcp,-,FIN,206,396,11930,495632,1543.253505,31,29,243900.8125,10155810.0,19,178,1.898132,0.984597,115.735703,57.060209,255,3502277730,1360462386,255,0.000647,0.000514,0.000133,58,1252,0,0,10,0,6,6,1,6,0,0,0,10,10,0,Normal,0,1
37498,5.059813,tcp,http,FIN,324,746,17330,1087890,211.272629,31,29,27316.42383,1717742.5,2,370,15.66387,6.791066,931.255246,578.166124,255,444372290,446404864,255,0.000608,0.000467,0.000141,53,1458,1,83,3,0,4,2,2,2,0,0,4,3,4,0,Normal,0,1
37502,1.828038,tcp,ssh,CON,323,353,25676,49366,369.248346,32,30,112019.5547,215430.9688,78,101,5.677137,5.188761,427.859108,408.132173,255,1600253661,3746022213,255,0.000833,0.000697,0.000136,79,140,0,0,1,0,1,1,1,1,0,0,0,1,1,0,Normal,0,1
37514,5.059813,tcp,http,FIN,324,746,17330,1087890,211.272629,31,29,27316.42383,1717742.5,2,370,15.66387,6.791066,931.255246,578.166124,255,444372290,446404864,255,0.000608,0.000467,0.000141,53,1458,1,524288,3,0,4,2,2,2,0,0,4,3,4,0,Normal,0,1
37524,2.002159,tcp,-,FIN,230,434,13246,542216,331.142512,31,29,52699.10938,2161534.5,21,193,8.741664,4.622868,1420.752063,1036.067911,255,3182622846,3186524511,255,0.000555,0.000454,0.000101,58,1249,0,0,7,0,2,1,1,1,0,0,0,3,4,0,Normal,0,1
37527,3.100536,tcp,-,FIN,398,768,22424,979354,375.741472,31,29,57713.89063,2523638.5,34,349,7.809083,4.041778,3750.110792,2697.683069,255,2397065098,250820298,255,0.000623,0.000486,0.000137,56,1275,0,0,6,0,2,2,1,2,0,0,0,3,12,0,Normal,0,1
37528,1.366904,tcp,http,FIN,10,16,994,10064,18.289507,31,29,5238.114746,55219.67969,2,5,151.843444,91.092603,14067.51803,10895.19634,255,4109835736,4110842733,255,0.000646,0.000511,0.000135,99,629,1,3924,1,0,2,1,1,1,0,0,1,3,3,0,Normal,0,1
37543,2.762152,tcp,-,FIN,196,361,11410,442424,201.292329,31,29,32878.71094,1277841.375,19,156,14.163216,7.6714,4755.888498,3498.088959,255,1360257996,3512327481,255,0.000569,0.000444,0.000125,58,1226,0,0,10,0,3,2,1,2,0,0,0,3,8,0,Normal,0,1
37549,2.110444,tcp,-,FIN,222,438,12830,548216,312.256558,31,29,48418.24609,2073364.625,21,197,9.547909,4.828252,3208.895254,2281.633934,255,1360262850,1366425865,255,0.000587,0.000494,9.3e-05,58,1252,0,0,10,0,3,2,1,2,0,0,0,3,8,0,Normal,0,1
37569,1.824997,tcp,ssh,FIN,332,356,26144,49362,376.438986,31,29,114262.1094,215776.7969,78,102,5.51248,5.139284,411.931564,401.437253,255,3782612945,1633326791,255,0.000669,0.00054,0.000129,79,139,0,0,1,0,3,1,1,1,0,0,0,4,1,0,Normal,0,1
37588,12.331859,tcp,http,FIN,346,746,18474,1087890,88.470038,31,29,11950.18555,704796.9375,2,370,35.743502,16.551731,4265.701131,2867.583148,255,2995057960,3013054392,255,0.001007,0.000817,0.00019,53,1458,1,524288,1,0,2,1,1,1,0,0,1,1,1,0,Normal,0,1
37596,25.451618,arp,-,CON,2,2,56,92,0.117871,0,0,8.801012,14.458806,0,0,25450.656,25450.608,0.0,7.134509,0,0,0,0,0.0,0.0,0.0,28,46,0,0,2,0,2,2,2,2,0,0,0,2,2,0,Normal,0,1
37637,3.14536,tcp,-,FIN,236,438,13558,548216,213.965969,31,29,34338.83594,1391166.625,21,197,13.383034,7.196398,4081.419866,2995.441791,255,3182623837,3184662515,255,0.000644,0.000526,0.000118,57,1252,0,0,7,0,3,1,1,1,0,0,0,4,4,0,Normal,0,1
37639,0.248593,tcp,-,FIN,200,396,11618,495632,2393.470427,31,29,372013.6875,15909732.0,19,178,1.247116,0.628114,66.784723,35.699225,255,824243842,2977324417,255,0.000615,0.000481,0.000134,58,1252,0,0,15,0,4,4,1,4,0,0,0,8,14,0,Normal,0,1
37679,0.404527,tcp,-,FIN,204,396,11826,495632,1480.741675,31,29,232745.8906,9776969.0,19,178,1.990892,1.022894,130.287673,69.534381,255,4162284006,2020622731,255,0.001171,0.000479,0.000692,58,1252,0,0,9,0,10,7,1,9,0,0,0,9,9,0,Normal,0,1
37682,3.25587,tcp,-,FIN,392,768,22112,979354,355.972432,31,29,54193.80859,2403238.5,34,349,8.326281,4.24425,4000.416673,2856.372011,255,3509839798,3513226396,255,0.000657,0.000526,0.000131,56,1275,0,0,10,0,3,1,1,1,0,0,0,1,8,0,Normal,0,1
37701,3.201876,tcp,http,FIN,330,746,17642,1087890,335.74068,31,29,43946.73828,2714488.75,2,370,9.731113,4.297097,535.794266,323.350277,255,2246468873,2244447273,255,0.000662,0.000536,0.000126,53,1458,1,524288,3,0,10,1,1,1,0,0,1,4,3,0,Normal,0,1
37723,1.347282,tcp,http,FIN,254,669,13690,974552,684.340743,31,29,80974.875,5778128.0,2,327,5.323656,2.016183,301.863657,164.597169,255,2438157586,2443293564,255,0.000601,0.000469,0.000132,54,1457,1,524288,1,0,2,1,1,1,0,0,1,1,1,0,Normal,0,1
37733,0.331646,tcp,-,FIN,206,396,11930,495632,1812.173246,31,29,286401.7813,11925511.0,19,178,1.616322,0.838276,98.175769,52.521128,255,2209320543,63884395,255,0.001464,0.000524,0.00094,58,1252,0,0,7,0,7,6,1,6,0,0,0,10,6,0,Normal,0,1
37749,7.144776,tcp,http,FIN,340,746,18162,1087890,151.859207,31,29,20276.63281,1216477.125,2,370,21.075089,9.589229,1329.764804,873.830635,255,394699315,396939173,255,0.00093,0.000796,0.000134,53,1458,1,524288,3,0,5,2,1,1,0,0,1,11,2,0,Normal,0,1
37751,6.036488,tcp,http,FIN,330,746,17642,1087890,178.083679,31,29,23310.24219,1439820.0,2,370,18.346979,8.101773,2263.324939,1459.519588,255,1224372421,3405129202,255,0.000809,0.000663,0.000146,53,1458,1,524288,2,0,1,1,1,1,0,0,1,3,4,0,Normal,0,1
37769,0.352229,tcp,-,FIN,202,396,11722,495632,1694.92007,31,29,264918.5625,11228627.0,19,178,1.750577,0.890443,105.616255,54.389772,255,4176799538,4180951813,255,0.000629,0.0005,0.000129,58,1252,0,0,9,0,8,6,1,6,0,0,0,11,6,0,Normal,0,1
37782,30.984524,arp,-,CON,4,4,184,112,0.225919,0,0,35.630692,21.688248,0,0,15491.48,15491.482,15491.445,15491.454,0,0,0,0,0.0,0.0,0.0,46,28,0,0,2,0,2,2,2,2,0,0,0,2,2,0,Normal,0,1
37787,30.984524,arp,-,CON,4,4,184,112,0.225919,0,0,35.630692,21.688248,0,0,15491.48,15491.482,15491.445,15491.454,0,0,0,0,0.0,0.0,0.0,46,28,0,0,2,0,2,2,2,2,0,0,0,2,2,0,Normal,0,1
37804,0.372606,tcp,-,FIN,210,396,12138,495632,1623.698988,31,29,259383.9063,10614558.0,19,178,1.781282,0.942005,104.426873,56.522267,255,109405558,113255851,255,0.000632,0.000503,0.000129,58,1252,0,0,8,0,1,1,1,1,0,0,0,3,9,0,Normal,0,1
37813,4.485735,tcp,-,FIN,222,416,12762,520070,142.005716,31,29,22658.49414,925279.8125,19,182,20.296073,10.80786,6665.056353,4870.773443,255,673038883,678794109,255,0.000601,0.000469,0.000132,57,1250,0,0,7,0,2,1,1,1,0,0,0,6,5,0,Normal,0,1
37906,3.086016,tcp,ssh,FIN,328,356,25936,49682,221.320957,31,29,67030.11719,128432.2578,78,103,9.436385,8.740462,969.016724,933.330013,255,3202272819,3206785677,255,0.000771,0.000622,0.000149,79,140,0,0,1,0,1,1,1,1,0,0,0,1,1,0,Normal,0,1
37938,2.140934,tcp,http,FIN,310,695,16602,1013552,468.954206,31,29,61838.42969,3781878.5,2,336,6.927527,3.08414,357.775428,202.819461,255,3282352418,1133797341,255,0.000672,0.000537,0.000135,54,1458,1,524288,1,0,5,1,1,1,0,0,1,6,3,0,Normal,0,1
37942,0.347639,tcp,-,FIN,202,396,11722,495632,1717.298719,31,29,268416.375,11376883.0,19,178,1.73627,0.878529,113.860679,60.744349,255,4293830270,2151078972,255,0.000775,0.000615,0.00016,58,1252,0,0,14,0,6,11,1,6,0,0,0,16,16,0,Normal,0,1
37964,14.552552,tcp,http,FIN,361,731,19254,1065400,74.969667,31,29,10555.39941,584883.25,2,360,40.422878,19.934331,1914.212625,1303.074083,255,1655485039,3801856927,255,0.000621,0.000484,0.000137,53,1457,1,524288,1,0,6,1,1,1,0,0,1,1,4,0,Normal,0,1
37965,1.182812,tcp,-,CON,191,300,11082,374146,414.267027,31,29,74561.30469,2522118.5,17,128,6.225327,3.953398,1295.619047,1032.556892,255,1852779522,4002359838,255,0.000763,0.00059,0.000173,58,1247,0,0,8,0,2,1,1,1,0,0,0,3,2,0,Normal,0,1
37977,4.226025,tcp,-,CON,246,244,32650,47432,115.71157,31,29,61557.60938,89423.03906,68,67,17.249082,17.323643,1187.284854,1194.381416,255,1840252455,1840585017,255,0.000752,0.000597,0.000155,133,194,0,0,13,0,2,1,1,2,0,0,0,6,3,0,Normal,0,1
38008,4.649128,tcp,-,FIN,228,410,13074,515924,137.014942,31,29,22399.03906,885612.9375,19,178,20.4793,11.365673,6562.991077,4926.661776,255,1033043927,3185206943,255,0.000684,0.000564,0.00012,57,1258,0,0,10,0,1,1,1,1,0,0,0,7,5,0,Normal,0,1
38035,2.356059,tcp,-,FIN,195,355,11324,433424,233.016229,31,29,38253.71094,1467549.0,18,150,12.143015,6.654124,3155.798343,2333.212912,255,3998166837,1857787432,255,0.000635,0.000496,0.000139,58,1221,0,0,8,0,1,1,1,1,0,0,0,2,2,0,Normal,0,1
38037,0.371371,tcp,-,FIN,196,396,11410,495632,1591.400509,31,29,244542.5156,10649857.0,19,178,1.902651,0.938909,109.76843,54.919114,255,4169630401,2027712411,255,0.000643,0.000495,0.000148,58,1252,0,0,10,0,6,6,1,6,0,0,0,9,6,0,Normal,0,1
38038,13.543748,tcp,http,FIN,364,743,19410,1083390,81.661296,31,29,11433.7627,639073.9375,2,368,37.309715,18.252346,4625.332114,2912.323991,255,1067999719,1079277494,255,0.000629,0.000503,0.000126,53,1458,1,524288,3,0,3,1,1,1,0,0,1,3,4,0,Normal,0,1
38039,1.911364,tcp,-,FIN,177,334,10371,416486,266.825163,31,29,43164.98828,1737984.0,17,142,10.857955,5.738426,2176.051185,1577.566727,255,3942361940,3946433569,255,0.000601,0.000461,0.00014,59,1247,0,0,12,0,7,1,1,4,0,0,0,4,15,0,Normal,0,1
38052,0.616132,tcp,-,FIN,216,396,12450,495632,991.670582,31,29,160913.5625,6419156.5,19,178,2.864233,1.558567,167.640754,91.392165,255,3878988969,1732948731,255,0.000624,0.000493,0.000131,58,1252,0,0,11,0,2,1,1,1,0,0,0,1,10,0,Normal,0,1
38070,30.979828,arp,-,CON,4,4,184,112,0.225953,0,0,35.636093,21.691534,0,0,15489.787,15489.786,15489.742,15489.751,0,0,0,0,0.0,0.0,0.0,46,28,0,0,2,0,2,2,2,2,0,0,0,2,2,0,Normal,0,1
38071,0.33879,tcp,-,FIN,210,396,12138,495632,1785.766997,31,29,285274.0625,11674040.0,19,178,1.614469,0.856511,91.975771,50.433667,255,121929067,2275540508,255,0.000601,0.000464,0.000137,58,1252,0,0,10,0,8,6,1,7,0,0,0,10,10,0,Normal,0,1
38075,30.979828,arp,-,CON,4,4,184,112,0.225953,0,0,35.636093,21.691534,0,0,15489.787,15489.786,15489.742,15489.751,0,0,0,0,0.0,0.0,0.0,46,28,0,0,2,0,2,2,2,2,0,0,0,2,2,0,Normal,0,1
38087,3.18277,tcp,-,FIN,226,421,13038,524674,202.967854,31,29,32628.18164,1315654.0,21,187,14.143667,7.576952,3998.360144,2933.113913,255,1792782083,1797375521,255,0.000571,0.000446,0.000125,58,1246,0,0,12,0,1,1,1,1,0,0,0,4,15,0,Normal,0,1
38088,6.180844,tcp,-,FIN,210,424,12206,530622,102.413201,31,29,15723.41992,685176.375,21,189,29.571755,14.61083,9791.939375,6892.593671,255,2822614894,2824726617,255,0.000579,0.000458,0.000121,58,1251,0,0,7,0,1,1,1,1,0,0,0,1,5,0,Normal,0,1
38133,2.082645,tcp,http,FIN,313,623,16758,907714,448.948346,31,29,64168.40234,3481177.25,2,298,6.674212,3.347503,452.488862,308.765926,255,2514868803,366226277,255,0.000628,0.000494,0.000134,54,1457,1,524288,2,0,3,1,1,1,0,0,1,3,2,0,Normal,0,1
38134,7.390689,tcp,-,FIN,379,723,21402,918666,148.971228,31,29,23105.83008,993028.9375,33,319,19.551241,10.235481,9417.779529,6829.201682,255,2822615882,2826121546,255,0.000832,0.000668,0.000164,56,1271,0,0,7,0,2,1,1,1,0,0,0,1,5,0,Normal,0,1
38138,4.314658,tcp,-,FIN,223,422,12882,525195,149.258638,31,29,23779.4043,971480.875,21,184,19.43395,10.247489,6718.33104,4884.51918,255,1792783042,1797917247,255,0.000586,0.000462,0.000124,58,1245,0,0,12,0,3,1,1,1,0,0,0,2,15,0,Normal,0,1
38204,6.757014,tcp,-,FIN,214,390,12380,483028,89.240605,31,29,14589.87695,570417.6875,20,164,31.721624,17.369083,10044.21515,7450.467534,255,3182625723,1040412123,255,0.000538,0.000437,0.000101,58,1239,0,0,10,0,4,1,1,2,0,0,0,4,5,0,Normal,0,1
38222,0.535033,tcp,-,FIN,202,396,11722,495632,1115.81905,31,29,174404.2031,7392157.5,19,178,2.660099,1.353076,131.617238,82.445271,255,2386339804,2390021208,255,0.000711,0.000564,0.000147,58,1252,0,0,14,0,2,1,1,1,0,0,0,7,11,0,Normal,0,1
38234,1.321816,tcp,http,FIN,356,746,18994,1087890,832.944999,31,29,114636.2344,6575390.5,2,370,3.722425,1.7736,209.114298,113.875093,255,1789404939,1790399691,255,0.000618,0.000479,0.000139,53,1458,1,524288,1,0,2,1,1,1,0,0,1,2,1,0,Normal,0,1
38238,3.512172,tcp,-,FIN,228,426,13108,535070,185.924836,31,29,29727.47266,1215917.625,20,189,15.470749,8.262793,4910.50945,3622.585406,255,3998167641,4007904425,255,0.000586,0.000482,0.000104,57,1256,0,0,10,0,4,1,1,2,0,0,0,3,8,0,Normal,0,1
38247,5.269005,tcp,ssh,FIN,228,238,24240,29556,88.251959,31,29,36642.97266,44686.99609,54,67,23.211475,22.228805,1446.211405,1415.310898,255,3982272546,1837206050,255,0.000764,0.000627,0.000137,106,124,0,0,1,0,3,1,1,1,0,0,0,4,1,0,Normal,0,1
38269,0.477601,tcp,-,FIN,208,396,12034,495632,1262.560192,31,29,200619.3438,8281071.5,19,178,2.305686,1.207878,126.412002,73.925606,255,4245122041,2103281173,255,0.000631,0.000483,0.000148,58,1252,0,0,6,0,5,1,1,1,0,0,0,2,10,0,Normal,0,1
38282,4.719853,tcp,-,FIN,220,428,12726,535174,137.080543,31,29,21473.55078,904984.125,21,191,21.550512,11.052346,7468.369111,5357.530787,255,1852781936,1858875646,255,0.001209,0.000497,0.000712,58,1250,0,0,10,0,6,1,1,1,0,0,0,3,8,0,Normal,0,1
38296,0.323595,tcp,-,FIN,206,396,11930,495632,1857.259919,31,29,293527.4063,12222217.0,19,178,1.576937,0.817846,104.330629,51.720289,255,2986340429,2990012431,255,0.000693,0.000542,0.000151,58,1252,0,0,5,0,2,1,1,1,0,0,0,1,3,0,Normal,0,1
38353,2.948588,tcp,-,FIN,228,438,13142,548216,225.531686,31,29,35501.73828,1484005.25,21,197,12.987903,6.74624,4916.554999,3543.634972,255,2107488495,2117494826,255,0.000604,0.000477,0.000127,58,1252,0,0,8,0,7,1,1,2,0,0,0,3,10,0,Normal,0,1
38355,5.437912,tcp,ssh,FIN,230,236,24344,29452,85.510762,31,29,35659.27344,43145.97266,54,67,23.746341,23.137212,1486.38377,1468.146911,255,2136886555,4282564352,255,0.000682,0.000537,0.000145,106,125,0,0,1,0,2,1,1,1,0,0,0,1,1,0,Normal,0,1
38358,8.079197,tcp,-,FIN,230,434,13246,542216,82.062612,31,29,13059.71387,535664.125,21,193,35.278823,18.657556,14079.91882,10304.08983,255,1033040054,1040900953,255,0.000573,0.000472,0.000101,58,1249,0,0,17,0,1,1,1,1,0,0,0,3,8,0,Normal,0,1
38359,3.53118,tcp,-,FIN,228,438,13142,548216,188.322322,31,29,29644.48242,1239166.5,21,197,15.554441,8.079444,6145.542094,4429.038174,255,4257064312,2118015951,255,0.000581,0.000459,0.000122,58,1252,0,0,8,0,3,2,1,2,0,0,0,3,10,0,Normal,0,1
38398,5.51715,tcp,-,FIN,232,438,13350,548216,121.25826,31,29,19275.16992,793112.375,21,197,23.881961,12.623954,8941.046888,6505.346978,255,1792783989,1798467229,255,0.000602,0.000479,0.000123,58,1252,0,0,3,0,2,1,1,1,0,0,0,1,5,0,Normal,0,1
38437,4.29092,tcp,ssh,FIN,232,234,24448,29348,108.368374,31,29,45385.14063,54483.42188,54,67,18.575412,18.412797,1440.499413,1436.426728,255,1009402739,3155111255,255,0.000732,0.000596,0.000136,105,125,0,0,1,0,1,1,1,1,0,0,0,1,1,0,Normal,0,1
38456,9.254461,tcp,-,FIN,388,738,21870,939208,121.562992,31,29,18857.06641,810796.8125,33,332,23.912451,12.556291,11908.43113,8638.230006,255,1033041157,3186015839,255,0.000585,0.000472,0.000113,56,1273,0,0,17,0,4,1,1,2,0,0,0,5,8,0,Normal,0,1
38459,0.415481,tcp,-,FIN,208,396,12034,495632,1451.3299,31,29,230614.6406,9519203.0,19,178,2.005638,1.05041,106.570198,66.780451,255,3462145428,1320403887,255,0.000686,0.000565,0.000121,58,1252,0,0,9,0,6,1,1,2,0,0,0,3,15,0,Normal,0,1
38460,7.135864,tcp,http,FIN,306,746,16394,1087890,147.284202,31,29,18319.85547,1217996.375,2,370,23.395183,9.574339,1373.928256,851.701458,255,3092601099,3169999824,255,0.003207,0.002979,0.000228,54,1458,1,524288,1,0,4,1,1,1,0,0,1,1,2,0,Normal,0,1
38462,4.119425,tcp,-,FIN,458,858,25680,1094788,319.219322,31,29,49762.28516,2123622.75,38,390,9.013328,4.80612,4327.840787,3159.979192,255,4257065365,2115254460,255,0.000791,0.000577,0.000214,56,1276,0,0,8,0,3,2,1,2,0,0,0,3,10,0,Normal,0,1
38490,10.876604,tcp,http,FIN,349,727,18630,1059390,98.835996,31,29,13663.82324,778134.8125,2,356,31.253543,14.9808,2304.139279,1517.033171,255,1800516723,1805146017,255,0.000702,0.000539,0.000163,53,1457,1,524288,1,0,4,1,1,1,0,0,1,2,2,0,Normal,0,1
38491,2.251716,tcp,http,FIN,332,746,17746,1087890,478.301903,31,29,62860.50391,3859925.75,2,370,6.80171,3.021731,368.154443,219.560006,255,541920233,542930128,255,0.000658,0.000521,0.000137,53,1458,1,524288,3,0,7,2,1,7,0,0,1,8,3,0,Normal,0,1
38497,30.983061,arp,-,CON,4,4,184,112,0.22593,0,0,35.632374,21.68927,0,0,15491.392,15491.392,15491.282,15491.292,0,0,0,0,0.0,0.0,0.0,46,28,0,0,2,0,2,2,2,2,0,0,0,2,2,0,Normal,0,1
38503,30.983061,arp,-,CON,4,4,184,112,0.22593,0,0,35.632374,21.68927,0,0,15491.392,15491.392,15491.282,15491.292,0,0,0,0,0.0,0.0,0.0,46,28,0,0,2,0,2,2,2,2,0,0,0,2,2,0,Normal,0,1
38504,31.082962,arp,-,CON,4,4,184,112,0.225204,0,0,35.517849,21.619562,0,0,15515.736,15515.736,15515.705,15515.711,0,0,0,0,0.0,0.0,0.0,46,28,0,0,2,0,2,2,2,2,0,0,0,2,2,0,Normal,0,1
38507,5.850046,tcp,-,FIN,234,438,13454,548216,114.69995,31,29,18320.53906,747980.4375,21,197,25.106111,13.385821,9747.459613,7122.205376,255,1852777673,1859776947,255,0.000569,0.000441,0.000128,57,1252,0,0,10,0,5,1,1,1,0,0,0,7,8,0,Normal,0,1
38510,31.082962,arp,-,CON,4,4,184,112,0.225204,0,0,35.517849,21.619562,0,0,15515.736,15515.736,15515.705,15515.711,0,0,0,0,0.0,0.0,0.0,46,28,0,0,2,0,2,2,2,2,0,0,0,2,2,0,Normal,0,1
38571,16.858234,tcp,ssh,FIN,334,358,26248,49786,40.988871,31,29,12418.85645,23559.76172,78,103,50.624416,47.220489,3581.060688,3460.401731,255,6689600,6964572,255,0.000634,0.000508,0.000126,79,139,0,0,1,0,6,1,1,2,0,0,0,3,1,0,Normal,0,1
38574,10.47083,tcp,http,FIN,354,713,18890,1042714,101.806638,31,29,14391.98242,795544.9375,2,346,29.661573,14.705541,1835.524578,1217.557294,255,553033849,592381680,255,0.000605,0.000482,0.000123,53,1462,1,524288,1,0,4,1,1,1,0,0,1,1,3,0,Normal,0,1
38580,7.77884,tcp,-,FIN,197,348,11394,432632,69.933306,31,29,11659.32227,443653.8125,17,145,39.68627,22.415939,14438.42092,10843.13176,255,2530942046,422439429,255,0.000624,0.000499,0.000125,58,1243,0,0,7,0,1,1,1,1,0,0,0,2,5,0,Normal,0,1
38590,4.700789,tcp,-,FIN,434,858,24432,1094788,274.634749,31,29,41484.10156,1860986.375,38,390,10.855524,5.484635,4533.768772,3222.336499,255,4257066473,4265464377,255,0.000573,0.000453,0.00012,56,1276,0,0,8,0,3,2,1,2,0,0,0,8,10,0,Normal,0,1
38591,6.888657,tcp,-,FIN,400,766,22494,979250,169.118594,31,29,26057.9082,1135747.625,33,349,17.26392,9.004154,8358.43116,6035.289128,255,1852778676,1856341548,255,0.000608,0.000475,0.000133,56,1278,0,0,10,0,2,1,1,1,0,0,0,7,8,0,Normal,0,1
38618,1.248143,tcp,http,FIN,14,18,1684,10168,24.836899,31,29,10024.49316,61557.05078,3,5,95.982387,73.387294,9463.429096,8284.72681,255,2242090658,2251476587,255,0.000743,0.000555,0.000188,120,565,1,3924,3,0,3,2,2,2,0,0,4,2,4,0,Normal,0,1
38628,1.467716,tcp,http,FIN,354,742,18890,1081890,746.05715,31,29,102673.8125,5889052.0,2,367,4.156966,1.980027,220.274683,119.263806,255,737804923,738826542,255,0.000691,0.000509,0.000182,53,1458,1,0,4,0,2,3,1,1,0,0,1,4,1,0,Normal,0,1
38644,5.286063,tcp,-,FIN,430,858,24224,1094788,243.470415,31,29,36576.17969,1654937.5,38,390,12.321084,6.167571,4809.016614,3402.318543,255,4257067381,4261801241,255,0.000568,0.000452,0.000116,56,1276,0,0,8,0,3,2,1,2,0,0,0,8,10,0,Normal,0,1
38669,1.206477,tcp,http,FIN,14,18,1684,10168,25.694645,31,29,10370.69043,63682.9375,3,5,92.780998,70.939588,10281.42596,9043.875582,255,2675968684,2676968016,255,0.000622,0.0005,0.000122,120,565,1,3924,2,0,4,2,2,2,0,0,4,2,3,0,Normal,0,1
38670,5.653166,tcp,-,FIN,364,702,20588,891532,188.390016,31,29,29055.57813,1259843.5,32,318,15.57254,8.063759,5652.974343,4067.641454,255,2107487473,4262341413,255,0.000594,0.000468,0.000126,57,1270,0,0,3,0,3,1,1,1,0,0,0,3,6,0,Normal,0,1
38684,6.805476,tcp,-,FIN,238,438,13662,548216,99.18483,31,29,15993.00293,642970.4375,21,197,28.713473,15.572105,11301.84048,8340.155456,255,1792779009,1798991863,255,0.000583,0.000462,0.000121,57,1252,0,0,3,0,3,2,1,2,0,0,0,3,5,0,Normal,0,1
38688,8.692048,tcp,-,FIN,201,347,11619,428195,62.931083,31,29,10641.4502,392967.9063,17,139,43.46024,25.118194,16332.01175,12378.12199,255,385550740,2600260220,255,0.000752,0.000601,0.000151,58,1234,0,0,7,0,2,1,1,2,0,0,0,4,5,0,Normal,0,1
38690,7.548673,tcp,-,FIN,336,718,19132,908270,139.494714,31,29,20216.5332,961233.8125,32,318,22.532389,10.527375,10264.69321,6988.683096,255,1792780184,1796250836,255,0.000691,0.000539,0.000152,57,1265,0,0,3,0,3,2,1,2,0,0,0,3,5,0,Normal,0,1
38692,13.636079,tcp,ssh,FIN,228,236,24240,29452,33.954042,31,29,14158.90918,17206.11914,54,67,60.070833,58.023026,4229.215731,4157.343219,255,2528786684,2529020193,255,0.000687,0.000539,0.000148,106,125,0,0,1,0,3,1,1,1,0,0,0,3,1,0,Normal,0,1
38708,0.371738,tcp,-,FIN,208,396,12034,495632,1622.110253,31,29,257751.4375,10639343.0,19,178,1.794034,0.939691,108.228849,57.155504,255,4251504670,4255183858,255,0.000677,0.000556,0.000121,58,1252,0,0,10,0,1,1,1,1,0,0,0,3,6,0,Normal,0,1
38748,13.363301,tcp,http,FIN,339,711,18110,1035390,78.498567,31,29,10809.90332,618969.1875,2,345,39.535298,18.820879,2824.784563,1843.106965,255,1740516737,3891890770,255,0.000605,0.000473,0.000132,53,1456,1,524288,2,0,2,2,1,2,0,0,1,4,2,0,Normal,0,1
38777,3.737825,tcp,-,FIN,184,326,10752,396736,136.175453,31,29,22888.17773,846524.375,18,127,20.423421,11.499573,4554.355744,3418.730731,255,3627649454,3699304398,255,0.00056,0.00046,0.0001,58,1217,0,0,1,0,3,1,1,1,0,0,0,1,5,0,Normal,0,1
38789,2.131005,tcp,-,FIN,208,438,12102,548216,302.674083,31,29,45214.34766,2053359.75,21,197,10.293305,4.875274,2705.772802,1851.883781,255,3423195122,1304501364,255,0.000651,0.000499,0.000152,58,1252,0,0,10,0,2,1,1,1,0,0,0,1,10,0,Normal,0,1
38805,9.90159,tcp,-,FIN,415,788,23359,1001868,121.39464,31,29,18827.68164,808433.375,35,346,23.916167,12.580858,9279.326324,6704.925066,255,2530938281,410616998,255,0.000561,0.000452,0.000109,56,1271,0,0,7,0,1,1,1,1,0,0,0,1,5,0,Normal,0,1
38856,2.774177,tcp,-,FIN,236,438,13558,548216,242.594464,31,29,38933.34766,1577303.75,21,197,11.803506,6.347002,3716.334454,2705.51894,255,3423196366,1313534498,255,0.00067,0.000529,0.000141,57,1252,0,0,10,0,4,1,1,3,0,0,0,3,10,0,Normal,0,1
38874,30.979368,arp,-,CON,4,4,184,112,0.225957,0,0,35.63662,21.691856,0,0,15516.049,15516.05,15516.05,15516.062,0,0,0,0,0.0,0.0,0.0,46,28,0,0,2,0,2,2,2,2,0,0,0,2,2,0,Normal,0,1
38880,30.979368,arp,-,CON,4,4,184,112,0.225957,0,0,35.63662,21.691856,0,0,15516.049,15516.05,15516.05,15516.062,0,0,0,0,0.0,0.0,0.0,46,28,0,0,2,0,2,2,2,2,0,0,0,2,2,0,Normal,0,1
38922,4.214792,tcp,http,FIN,334,746,17850,1087890,256.003157,31,29,33780.07813,2062131.75,2,370,12.656075,5.656728,709.707422,443.917727,255,3471507268,3473774168,255,0.000672,0.000523,0.000149,53,1458,1,524288,1,0,6,1,1,2,0,0,1,4,2,0,Normal,0,1
38948,14.294189,tcp,ssh,FIN,228,234,24240,29348,32.250867,31,29,13507.02637,16355.17676,54,67,62.969997,61.345478,4260.368064,4205.46558,255,3364592226,1219489152,255,0.000616,0.00053,8.6e-05,106,125,0,0,2,0,2,1,1,1,0,0,0,3,2,0,Normal,0,1
38988,1.300803,tcp,http,FIN,362,746,19306,1087890,851.012833,31,29,118406.8672,6681608.5,2,370,3.60223,1.745439,190.061507,109.867303,255,450321298,2596667244,255,0.000549,0.000448,0.000101,53,1458,1,524288,1,0,5,1,1,1,0,0,1,1,2,0,Normal,0,1
38999,3.355202,tcp,-,FIN,228,438,13142,548216,198.199693,31,29,31199.31445,1304160.0,21,197,14.779146,7.676691,5129.420939,3660.401509,255,1277810768,1319471631,255,0.000906,0.000484,0.000422,58,1252,0,0,10,0,2,2,1,2,0,0,0,4,10,0,Normal,0,1
39012,3.925168,tcp,-,FIN,224,431,12900,545438,166.617071,31,29,26175.69531,1109095.0,20,194,17.600223,9.127026,6373.611582,4584.653741,255,1277811631,1327287226,255,0.000678,0.000544,0.000134,58,1266,0,0,10,0,2,2,1,2,0,0,0,4,10,0,Normal,0,1
39043,10.520612,tcp,http,FIN,333,673,17798,980552,95.526764,31,29,13493.51172,744516.375,2,318,31.687656,15.654857,1974.160339,1258.716697,255,2595129789,491001870,255,0.000688,0.000544,0.000144,53,1457,1,524288,1,0,2,1,1,1,0,0,1,4,3,0,Normal,0,1
39049,4.954893,tcp,-,FIN,228,430,13142,536216,132.5962,31,29,21126.5918,863742.5625,21,190,21.826374,11.548774,6888.047111,5015.437877,255,1478069500,3703524251,255,0.00058,0.000462,0.000118,58,1247,0,0,8,0,2,1,1,1,0,0,0,4,9,0,Normal,0,1
39060,18.828905,tcp,http,FIN,362,726,19306,1057890,57.730388,31,29,8180.188965,448855.8438,2,355,52.156707,25.970192,6841.090208,4575.848775,255,2150097553,15921089,255,0.000648,0.000513,0.000135,53,1457,1,524288,4,0,4,1,1,1,0,0,1,4,2,0,Normal,0,1
39079,4.234637,tcp,http,FIN,334,746,17850,1087890,254.803435,31,29,33621.77344,2052467.875,2,370,12.715577,5.683341,722.394682,461.411836,255,3947307280,4019828288,255,0.000692,0.000541,0.000151,53,1458,1,524288,4,0,5,1,1,1,0,0,1,8,3,0,Normal,0,1
39080,49.370419,arp,-,CON,2,2,56,92,0.060765,0,0,4.53713,7.453856,0,0,49369.404,49369.404,9.93674,9.93674,0,0,0,0,0.0,0.0,0.0,28,46,0,0,2,0,2,2,2,2,0,0,0,2,2,0,Normal,0,1
39082,0.262346,tcp,-,FIN,210,396,12138,495632,2306.11483,31,29,368399.0,15075694.0,19,178,1.25367,0.662785,71.937191,38.734102,255,4014662565,4018345547,255,0.000678,0.000542,0.000136,58,1252,0,0,8,0,8,6,1,6,0,0,0,11,9,0,Normal,0,1
39086,49.370419,arp,-,CON,2,2,56,92,0.060765,0,0,4.53713,7.453856,0,0,49369.404,49369.404,9.93674,9.93674,0,0,0,0,0.0,0.0,0.0,28,46,0,0,2,0,2,2,2,2,0,0,0,2,2,0,Normal,0,1
39115,12.633003,tcp,ssh,FIN,228,236,24240,29452,36.650034,31,29,15283.14356,18572.30664,54,67,55.651997,53.754268,3881.431507,3814.147514,255,3261303173,3261613452,255,0.000731,0.000595,0.000136,106,125,0,0,2,0,2,1,1,1,0,0,0,3,1,0,Normal,0,1
39130,8.667961,tcp,http,FIN,323,689,17278,1006714,116.636425,31,29,15897.62598,927787.25,2,327,26.918136,12.595777,1667.943373,1028.478165,255,2125549769,44068799,255,0.002242,0.002062,0.00018,53,1461,1,524288,4,0,3,1,1,2,0,0,1,5,2,0,Normal,0,1
39151,6.10425,tcp,-,FIN,230,438,13246,548216,109.268134,31,29,17285.00586,716831.75,21,197,26.654725,13.967415,9390.788281,6783.99664,255,3627651150,1567745683,255,0.000607,0.000484,0.000123,58,1252,0,0,8,0,6,1,1,1,0,0,0,1,9,0,Normal,0,1
39176,4.423129,tcp,-,FIN,228,221,31025,38946,101.285762,31,29,55868.14063,70122.30469,59,58,19.48515,20.067332,1401.915871,1455.694731,255,290579283,295382825,255,0.023986,0.008187,0.015799,136,176,0,0,5,0,8,1,1,1,0,0,0,4,9,0,Normal,0,1
39188,4.510881,tcp,-,FIN,190,328,11030,405528,114.611759,31,29,19458.72656,717007.625,17,137,23.865429,13.793244,8392.317514,6381.548193,255,1277806816,1328484931,255,0.00062,0.000489,0.000131,58,1236,0,0,10,0,7,2,1,2,0,0,0,4,10,0,Normal,0,1
39190,0.368972,tcp,-,FIN,200,396,11618,495632,1612.588474,31,29,250642.3281,10719101.0,19,178,1.852156,0.932706,109.536852,56.906772,255,386956257,2540062551,255,0.000707,0.00055,0.000157,58,1252,0,0,8,0,8,7,2,8,0,0,0,9,9,0,Normal,0,1
39194,5.037265,tcp,-,FIN,395,743,22234,946708,225.717734,31,29,35222.28906,1501503.75,33,334,12.784185,6.788154,4803.276504,3496.923833,255,1277807724,3432633777,255,0.000577,0.000453,0.000124,56,1274,0,0,10,0,7,2,1,2,0,0,0,4,10,0,Normal,0,1
39198,0.368972,tcp,-,FIN,200,396,11618,495632,1612.588474,31,29,250642.3281,10719101.0,19,178,1.852156,0.932706,109.536852,56.906772,255,386956257,2540062551,255,0.000707,0.00055,0.000157,58,1252,0,0,8,0,8,7,2,8,0,0,0,9,9,0,Normal,0,1
39211,11.104958,tcp,-,FIN,425,824,23896,1052558,112.382239,31,29,17174.31055,757341.75,36,370,26.190162,13.492657,9258.277579,6639.221528,255,385552724,413423308,255,0.000763,0.000498,0.000265,56,1277,0,0,9,0,2,1,1,1,0,0,0,4,8,0,Normal,0,1
39253,1.676717,tcp,-,FIN,310,646,16128,942948,569.565392,31,29,76702.26563,4492059.0,1,300,5.425239,2.598767,298.528659,179.107671,255,1530320945,1531324867,255,0.000652,0.000508,0.000144,52,1460,0,0,7,0,2,1,1,1,0,0,0,3,6,0,Normal,0,1
39255,12.282448,tcp,-,FIN,458,854,25680,1088788,106.737681,31,29,16689.83203,708337.0,38,386,26.875548,14.398583,10031.39398,7336.078813,255,2530940167,418197583,255,0.000553,0.000452,0.000101,56,1275,0,0,9,0,5,1,1,1,0,0,0,2,8,0,Normal,0,1
39261,7.260861,tcp,-,FIN,232,438,13350,548216,92.137834,31,29,14646.19727,602644.8125,21,197,31.430974,16.614204,11757.79729,8582.857644,255,1478071298,3717311493,255,0.00059,0.000447,0.000143,58,1252,0,0,8,0,6,1,1,2,0,0,0,3,9,0,Normal,0,1
39390,15.392671,tcp,http,FIN,320,746,17122,1087890,69.188773,31,29,8871.235352,564649.0,2,370,48.251875,20.660547,5022.552057,3214.487281,255,2672602119,528987478,255,0.000686,0.00056,0.000126,54,1458,1,524288,3,0,2,1,1,1,0,0,1,3,1,0,Normal,0,1
39399,7.988415,tcp,-,FIN,232,432,13350,539216,82.99519,31,29,13312.27832,538748.1875,21,191,34.580491,18.576417,14321.413,10479.64186,255,1478066781,1583980544,255,0.000628,0.000545,8.3e-05,58,1248,0,0,8,0,2,1,1,1,0,0,0,4,9,0,Normal,0,1
39412,18.136293,tcp,ssh,FIN,326,354,25832,49578,37.438741,31,29,11359.76367,21807.32227,78,103,55.803015,51.375766,3745.148935,3594.103645,255,2824592705,679515569,255,0.000801,0.000636,0.000165,79,140,0,0,1,0,3,1,1,1,0,0,0,10,2,0,Normal,0,1
39445,1.033892,tcp,http,FIN,12,18,1580,10168,28.04935,31,29,11212.00195,74313.36719,3,5,93.957366,60.785648,9533.033578,7678.329786,255,4114606861,1972669367,255,0.000663,0.000532,0.000131,132,565,1,3924,3,0,3,2,2,2,0,0,4,3,2,0,Normal,0,1
39453,0.55828,tcp,-,FIN,200,396,11618,495632,1065.773464,31,29,165651.6406,7084345.0,19,178,2.803819,1.411965,176.197558,86.743165,255,1586956521,1590508189,255,0.000719,0.00055,0.000169,58,1252,0,0,13,0,9,7,1,5,0,0,0,9,10,0,Normal,0,1
39482,10.794954,tcp,-,FIN,251,242,32838,47118,45.576849,31,29,24239.47266,34774.76563,66,64,43.179814,44.788957,3139.172374,3198.147358,255,3114866527,3115224661,255,0.000815,0.000679,0.000136,131,195,0,0,3,0,1,1,1,1,0,0,0,5,6,0,Normal,0,1
39517,1.033892,tcp,http,FIN,12,18,1580,10168,28.04935,31,29,11212.00195,74313.36719,3,5,93.957366,60.785648,9533.033578,7678.329786,255,4114606861,1972669367,255,0.000663,0.000532,0.000131,132,565,1,3924,3,0,3,2,2,2,0,0,4,3,2,0,Normal,0,1
39528,13.042525,tcp,-,FIN,376,701,21212,890032,82.499361,31,29,12976.62793,545147.8125,32,317,34.779061,18.631307,11938.75314,8737.698617,255,385554592,421260207,255,0.000791,0.000609,0.000182,56,1270,0,0,9,0,3,1,1,1,0,0,0,3,8,0,Normal,0,1
39534,17.205072,tcp,http,FIN,357,724,19046,1054890,62.772186,31,29,8831.348633,489824.375,2,357,48.327962,23.796043,4834.942626,3347.220525,255,1153033282,1178512787,255,0.000649,0.000523,0.000126,53,1457,1,524288,2,0,1,1,1,1,0,0,1,1,3,0,Normal,0,1
39558,0.264002,tcp,-,FIN,204,396,11826,495632,2268.922245,31,29,356633.6563,14981129.0,19,178,1.305366,0.666954,88.667624,55.77337,255,1221793807,1225438008,255,0.000693,0.000551,0.000142,58,1252,0,0,11,0,7,1,1,1,0,0,0,2,8,0,Normal,0,1
39579,0.436463,tcp,-,FIN,204,396,11826,495632,1372.395832,31,29,215715.875,9061588.0,19,178,2.148493,1.103552,134.166916,68.307424,255,3607177947,1465940817,255,0.000693,0.000555,0.000138,58,1252,0,0,6,0,7,6,1,6,0,0,0,11,8,0,Normal,0,1
39586,8.473035,tcp,-,FIN,389,740,21880,947992,133.128214,31,29,20605.60352,893857.75,30,332,21.836879,11.45092,287.346687,6590.771917,255,1478067756,3694693972,255,0.0,0.0,0.0,56,1281,0,0,6,0,8,1,1,1,0,0,0,6,14,0,Normal,0,1
39595,1.261788,tcp,http,FIN,348,746,18578,1087890,866.231087,31,29,117452.375,6888206.0,2,370,3.635245,1.692987,212.471423,122.346617,255,1401790366,1402774029,255,0.00066,0.000508,0.000152,53,1458,1,524288,1,0,3,1,1,1,0,0,1,1,2,0,Normal,0,1
39641,0.994747,tcp,ssh,FIN,232,234,24448,29348,467.455552,31,29,195772.3906,235018.5625,54,67,4.306264,4.265652,327.234313,327.498589,255,4192679551,4193034920,255,0.000885,0.000733,0.000152,105,125,0,0,1,0,2,1,1,1,0,0,0,1,1,0,Normal,0,1
39661,11.44292,tcp,http,FIN,327,675,17486,982471,87.477674,31,29,12187.79883,685850.125,2,326,35.099934,16.976784,2167.917963,1553.676571,255,1945551268,4126743897,255,0.0007,0.000564,0.000136,53,1456,1,524288,1,0,4,1,1,1,0,0,1,1,1,0,Normal,0,1
39665,0.489632,tcp,-,FIN,200,396,11618,495632,1215.198327,31,29,188876.5469,8077593.0,19,178,2.458829,1.238157,151.654833,81.655592,255,1826960765,3983581868,255,0.000709,0.000556,0.000153,58,1252,0,0,5,0,4,1,1,1,0,0,0,1,10,0,Normal,0,1
39669,0.0,arp,-,INT,1,0,46,0,0.0,0,0,0.0,0.0,0,0,60000.64,0.0,10.95451,0.0,0,0,0,0,0.0,0.0,0.0,46,0,0,0,2,2,2,2,2,2,0,0,0,2,2,1,Normal,0,1
39674,0.0,arp,-,INT,1,0,46,0,0.0,0,0,0.0,0.0,0,0,60000.644,0.0,0.0,0.0,0,0,0,0,0.0,0.0,0.0,46,0,0,0,2,2,2,2,2,2,0,0,0,2,2,1,Normal,0,1
39679,0.0,arp,-,INT,1,0,46,0,0.0,0,0,0.0,0.0,0,0,60000.644,0.0,0.0,0.0,0,0,0,0,0.0,0.0,0.0,46,0,0,0,2,2,2,2,2,2,0,0,0,2,2,1,Normal,0,1
39681,4.072042,tcp,ssh,FIN,320,348,25232,49074,163.799883,31,29,49417.95703,96134.57031,75,99,12.763881,11.73341,1046.737795,979.794556,255,1590318569,1590611409,255,0.000674,0.00054,0.000134,79,141,0,0,1,0,3,1,1,1,0,0,0,2,1,0,Normal,0,1
39684,0.0,arp,-,INT,1,0,46,0,0.0,0,0,0.0,0.0,0,0,60000.64,0.0,10.95451,0.0,0,0,0,0,0.0,0.0,0.0,46,0,0,0,2,2,2,2,2,2,0,0,0,2,2,1,Normal,0,1
39714,0.53676,tcp,-,FIN,204,396,11826,495632,1115.955046,31,29,175408.0156,7368373.5,19,178,2.642591,1.357511,134.363838,79.368902,255,39472909,2192519265,255,0.000692,0.000539,0.000153,58,1252,0,0,14,0,10,6,1,7,0,0,0,10,9,0,Normal,0,1
39724,11.274107,tcp,-,FIN,256,248,33170,48220,44.615507,31,29,23445.58203,34078.79688,68,68,44.212184,45.641372,3138.930355,3191.455123,255,1265284430,1265584403,255,0.000673,0.000551,0.000122,130,194,0,0,3,0,3,1,1,1,0,0,0,3,3,0,Normal,0,1
39746,19.043882,tcp,ssh,FIN,330,354,26040,49578,35.864536,31,29,10906.17969,20768.03516,78,103,57.883168,53.946925,3956.813463,3818.817127,255,4268786201,4269093416,255,0.000723,0.000595,0.000128,79,140,0,0,1,0,2,1,1,1,0,0,0,5,1,0,Normal,0,1
39747,4.455607,tcp,http,FIN,324,746,17330,1087890,239.92242,31,29,31020.68945,1950678.375,2,370,13.793437,5.979588,779.675748,469.850581,255,1814437543,1833038604,255,0.000956,0.000808,0.000148,53,1458,1,524288,1,0,2,1,1,1,0,0,1,1,1,0,Normal,0,1
39766,4.544623,tcp,ssh,FIN,318,340,24776,46482,144.56645,31,29,43478.19531,81583.89063,75,97,14.335385,13.404171,976.664964,946.388864,255,1650317626,1650612274,255,0.000724,0.000602,0.000122,78,137,0,0,1,0,4,1,1,2,0,0,0,2,1,0,Normal,0,1
39775,19.215225,tcp,ssh,FIN,332,354,26144,49578,35.648815,31,29,10852.22754,20582.8457,78,103,58.051069,54.432283,4138.230848,4009.26703,255,1879205616,1879526463,255,0.000757,0.000622,0.000135,79,140,0,0,1,0,8,1,1,1,0,0,0,1,1,0,Normal,0,1
39779,2.141215,tcp,-,FIN,213,396,12328,491049,283.950923,31,29,45846.86719,1830022.625,20,165,10.098694,5.41961,3354.426215,2457.284761,255,777551380,2928519378,255,0.000585,0.000463,0.000122,58,1240,0,0,8,0,2,1,1,1,0,0,0,2,5,0,Normal,0,1
39804,19.335236,tcp,ssh,FIN,334,356,26248,49682,35.634425,31,29,10827.90039,20498.53516,78,103,58.062823,54.463715,3845.384935,3724.86061,255,4204592299,2059517422,255,0.000748,0.000606,0.000142,79,140,0,0,1,0,5,1,1,1,0,0,0,1,1,0,Normal,0,1
39834,3.332333,tcp,-,FIN,410,780,23048,1000072,356.807068,31,29,55197.36328,2397815.5,33,353,8.146746,4.277081,3843.147947,2784.611978,255,777547388,2930557878,255,0.000606,0.000483,0.000123,56,1282,0,0,11,0,5,2,1,2,0,0,0,2,11,0,Normal,0,1
39863,2.774708,tcp,http,FIN,310,739,16602,1077390,377.697397,31,29,47713.84766,3102115.25,2,364,8.978524,3.759022,553.673884,339.882826,255,462841499,463878603,255,0.000727,0.000546,0.000181,54,1458,1,524288,1,0,4,1,1,2,0,0,1,2,2,0,Normal,0,1
39865,6.034316,tcp,http,FIN,357,729,19046,1062390,179.804967,31,29,25179.98633,1406532.875,2,357,16.949436,8.288222,1041.284943,668.845465,255,183098016,2342165559,255,0.000609,0.000486,0.000123,53,1457,1,524288,3,0,4,2,1,2,0,0,1,3,2,0,Normal,0,1
39871,16.646124,tcp,http,FIN,328,646,17538,940052,58.452046,31,29,8403.157227,451082.5625,2,304,50.904568,25.807064,8365.764909,5426.668584,255,145551780,2300197754,255,0.00089,0.00056,0.00033,53,1455,1,524288,3,0,1,2,1,1,0,0,1,4,1,0,Normal,0,1
39891,2.73107,tcp,-,FIN,219,409,12640,509570,229.580344,31,29,36858.8125,1489013.5,20,181,12.526367,6.692664,4559.094083,3332.634959,255,777546389,2929057647,255,0.000578,0.000457,0.000121,58,1246,0,0,11,0,5,2,1,2,0,0,0,2,11,0,Normal,0,1
39915,3.294018,tcp,ssh,FIN,332,354,26144,49578,207.952717,31,29,63305.05859,120067.3438,78,103,9.950719,9.329915,713.080654,691.936095,255,1046950991,3192631625,255,0.000683,0.000547,0.000136,79,140,0,0,1,0,4,1,1,1,0,0,0,3,2,0,Normal,0,1
39923,3.923555,tcp,-,FIN,232,438,13350,548216,170.508638,31,29,27103.99219,1115243.75,21,197,16.983255,8.97738,6390.405355,4626.955795,255,15616299,43999927,255,0.000535,0.000437,9.8e-05,58,1252,0,0,7,0,2,2,1,2,0,0,0,4,14,0,Normal,0,1
39933,3.334009,tcp,-,FIN,220,438,12726,548216,197.06006,31,29,30399.43945,1312450.0,21,197,15.222096,7.628172,5265.869338,3726.211489,255,15621013,2193072414,255,0.000593,0.000491,0.000102,58,1252,0,0,7,0,2,2,1,2,0,0,0,4,14,0,Normal,0,1
39934,2.814913,tcp,http,CON,291,633,15614,930744,327.896453,32,30,44224.45703,2641002.25,2,304,9.634797,4.453089,537.183645,350.676086,255,1182838316,3351485088,255,0.000696,0.000557,0.000139,54,1470,1,0,3,0,4,1,1,2,0,0,1,4,1,0,Normal,0,1
39943,0.474742,tcp,-,FIN,210,396,12138,495632,1274.376411,31,29,203580.0469,8330942.0,19,178,2.270029,1.200623,128.790415,71.166964,255,574308281,2723471875,255,0.000652,0.000492,0.00016,58,1252,0,0,11,0,7,6,1,6,0,0,0,8,7,0,Normal,0,1
39944,12.450893,tcp,http,FIN,332,746,17746,1087890,86.499817,31,29,11368.18066,698058.8125,2,370,37.614996,16.711929,2417.007419,1569.09248,255,12247862,84101964,255,0.00064,0.000502,0.000138,53,1458,1,524288,3,0,1,1,1,1,0,0,1,1,1,0,Normal,0,1
39947,0.765978,tcp,-,CON,166,244,9663,309562,533.957909,31,30,100316.2031,3219873.25,13,100,4.642291,3.149539,1057.034281,873.410677,255,2500744154,359435482,255,0.00059,0.000456,0.000134,58,1269,0,0,12,0,1,1,1,1,0,0,0,5,5,0,Normal,0,1
39961,17.732079,tcp,ssh,FIN,334,360,26248,49890,39.081713,31,29,11806.85059,22446.09961,78,103,53.248546,49.391255,3255.462458,3136.233343,255,811722521,2957429030,255,0.000731,0.000603,0.000128,79,139,0,0,1,0,2,1,1,1,0,0,0,12,1,0,Normal,0,1
39962,10.26366,tcp,-,FIN,640,1278,35722,1641360,186.77547,31,29,27800.60742,1278355.625,55,583,16.061513,8.03696,7303.552517,5165.868776,255,346442062,351135398,255,0.000581,0.000456,0.000125,56,1284,0,0,9,0,8,2,1,2,0,0,0,2,17,0,Normal,0,1
40006,14.634859,tcp,-,FIN,338,672,17576,979062,68.944975,31,29,534398.5625,9579.320312,0,318,43.425426,21.81052,47.950594,1382.096627,255,2363452123,2369446521,255,0.0,0.0,0.0,52,1457,0,0,6,0,3,1,1,1,0,0,0,3,4,0,Normal,0,1
40007,0.299126,tcp,-,FIN,208,396,12034,495632,2015.872915,31,29,320319.875,13222014.0,19,178,1.443522,0.755947,81.792179,42.780326,255,3689054554,1543158172,255,0.000692,0.000523,0.000169,58,1252,0,0,9,0,6,6,1,6,0,0,0,9,7,0,Normal,0,1
40015,4.349795,tcp,-,FIN,355,693,20154,875433,240.701006,31,29,36963.58203,1607744.75,33,300,12.286627,6.28516,4541.72322,3249.027549,255,777548324,2931093445,255,0.000564,0.000461,0.000103,57,1263,0,0,11,0,3,1,1,1,0,0,0,1,11,0,Normal,0,1
40022,1.124539,tcp,-,FIN,198,383,11480,475424,515.766897,31,29,81263.52344,3373350.25,18,169,5.70669,2.942534,1794.873927,1268.190494,255,2500745167,2505371960,255,0.000625,0.000487,0.000138,58,1241,0,0,12,0,2,2,1,2,0,0,0,2,5,0,Normal,0,1
40029,1.624974,tcp,-,FIN,218,400,12554,500924,379.69838,31,29,61524.67578,2459963.0,19,175,7.486903,4.071476,2382.837538,1756.935559,255,355359840,360503620,255,0.000572,0.000451,0.000121,58,1252,0,0,12,0,2,2,1,2,0,0,0,2,5,0,Normal,0,1
40045,0.702097,tcp,-,FIN,204,396,11826,495632,853.158468,31,29,134101.125,5633193.0,19,178,3.474089,1.776043,273.430705,204.812463,255,754314822,2921913662,255,0.000731,0.000556,0.000175,58,1252,0,0,13,0,4,1,1,2,0,0,0,5,9,0,Normal,0,1
40047,4.876598,tcp,http,FIN,358,746,19098,1087890,226.182274,31,29,31243.0918,1782278.625,2,370,13.659047,6.545125,753.109446,492.426421,255,2592340630,461126163,255,0.000595,0.000476,0.000119,53,1458,1,524288,2,0,3,1,1,1,0,0,1,2,2,0,Normal,0,1
40052,9.671845,tcp,-,FIN,646,1278,36034,1641360,198.824517,31,29,29759.78125,1356577.5,55,583,14.994624,7.573512,7087.434806,5036.788209,255,346441107,350598144,255,0.000596,0.000468,0.000128,56,1284,0,0,9,0,8,2,1,2,0,0,0,2,17,0,Normal,0,1
40089,4.536892,tcp,-,FIN,404,800,22804,1019454,265.159501,31,29,40112.04297,1795378.875,36,359,11.256951,5.677553,4731.965728,3358.856059,255,15617394,23356433,255,0.000668,0.00052,0.000148,56,1274,0,0,7,0,4,2,1,2,0,0,0,2,14,0,Normal,0,1
40110,14.532756,tcp,http,FIN,352,746,18786,1087900,75.484651,31,29,10312.15332,598065.25,2,370,41.402968,19.506405,2028.144249,1318.33934,255,1489405686,3640091582,255,0.000596,0.000477,0.000119,53,1458,1,524288,1,0,3,1,1,1,0,0,1,1,2,0,Normal,0,1
40118,0.911041,tcp,-,FIN,206,396,11930,495632,659.684894,31,29,104258.75,4341240.5,19,178,4.442556,2.30519,405.073626,276.248653,255,2111467203,4275414322,255,0.000624,0.000481,0.000143,58,1252,0,0,7,0,9,6,1,6,0,0,0,6,10,0,Normal,0,1
40148,5.124269,tcp,-,FIN,423,788,23758,1004350,236.131241,31,29,37003.52344,1566000.5,35,348,12.142033,6.510521,4696.341572,3438.162449,255,2161004804,27226393,255,0.000601,0.000485,0.000116,56,1275,0,0,7,0,4,2,1,2,0,0,0,2,14,0,Normal,0,1
40219,5.545557,tcp,-,FIN,428,829,24086,1056142,226.487618,31,29,34665.58984,1521750.125,37,370,12.986499,6.696964,5251.87597,3782.523445,255,2927130040,2931633408,255,0.000605,0.000467,0.000138,56,1274,0,0,11,0,5,2,1,2,0,0,0,5,11,0,Normal,0,1
40224,6.10316,tcp,-,FIN,362,692,20450,879428,172.533575,31,29,26732.38086,1151086.375,31,312,16.905344,8.831678,6829.249429,4941.095631,255,777550476,782589200,255,0.000588,0.000466,0.000122,56,1271,0,0,11,0,5,2,1,2,0,0,0,5,11,0,Normal,0,1
40249,10.494622,tcp,-,FIN,526,1012,29420,1298270,146.455963,31,29,22384.79883,988687.6875,44,461,19.989145,10.379989,7429.797796,5345.325936,255,2491829471,351677010,255,0.000585,0.00045,0.000135,56,1283,0,0,9,0,3,1,1,2,0,0,0,4,17,0,Normal,0,1
40278,0.283372,tcp,-,FIN,208,396,12034,495632,2127.944781,31,29,338127.9688,13957087.0,19,178,1.367391,0.716043,85.11689,44.280076,255,2014308421,2017953100,255,0.000662,0.00053,0.000132,58,1252,0,0,13,0,8,6,1,6,0,0,0,12,10,0,Normal,0,1
40397,1.190831,tcp,-,FIN,10,8,554,354,14.275746,254,252,3352.281006,2082.579346,2,0,10819.7773,13531.938,1070622.93,35388.296,255,3612355782,2255798425,255,0.245014,0.128359,0.116655,55,44,0,0,6,1,4,3,2,6,0,0,0,3,9,0,Normal,0,1
40398,1.190831,tcp,-,FIN,10,8,554,354,14.275746,254,252,3352.281006,2082.579346,2,0,10819.7773,13531.938,1070622.93,35388.296,255,3612355782,2255798425,255,0.245014,0.128359,0.116655,55,44,0,0,6,1,4,3,2,6,0,0,0,3,9,0,Normal,0,1
40407,0.0,arp,-,INT,1,0,46,0,0.0,0,0,0.0,0.0,0,0,60000.696,0.0,0.0,0.0,0,0,0,0,0.0,0.0,0.0,46,0,0,0,1,2,1,1,1,1,0,0,0,1,2,1,Normal,0,1
40408,0.0,arp,-,INT,1,0,46,0,0.0,0,0,0.0,0.0,0,0,60000.688,0.0,0.0,0.0,0,0,0,0,0.0,0.0,0.0,46,0,0,0,1,2,1,1,1,1,0,0,0,1,1,1,Normal,0,1
40433,0.0,arp,-,INT,1,0,46,0,0.0,0,0,0.0,0.0,0,0,60000.708,0.0,10.954516,0.0,0,0,0,0,0.0,0.0,0.0,46,0,0,0,2,2,2,2,2,2,0,0,0,2,2,1,Normal,0,1
40452,0.0,arp,-,INT,1,0,46,0,0.0,0,0,0.0,0.0,0,0,60000.708,0.0,10.954516,0.0,0,0,0,0,0.0,0.0,0.0,46,0,0,0,2,2,2,2,2,2,0,0,0,2,2,1,Normal,0,1
40514,0.0,arp,-,INT,1,0,46,0,0.0,0,0,0.0,0.0,0,0,60000.752,0.0,15.49203,0.0,0,0,0,0,0.0,0.0,0.0,46,0,0,0,2,2,2,2,2,2,0,0,0,2,2,1,Normal,0,1
40516,0.0,arp,-,INT,1,0,46,0,0.0,0,0,0.0,0.0,0,0,60000.752,0.0,15.49203,0.0,0,0,0,0,0.0,0.0,0.0,46,0,0,0,2,2,2,2,2,2,0,0,0,2,2,1,Normal,0,1
40590,0.0,arp,-,INT,1,0,46,0,0.0,0,0,0.0,0.0,0,0,60000.476,0.0,0.0,0.0,0,0,0,0,0.0,0.0,0.0,46,0,0,0,2,2,2,2,2,2,0,0,0,2,2,1,Normal,0,1
40597,0.0,arp,-,INT,1,0,46,0,0.0,0,0,0.0,0.0,0,0,60000.476,0.0,0.0,0.0,0,0,0,0,0.0,0.0,0.0,46,0,0,0,2,2,2,2,2,2,0,0,0,2,2,1,Normal,0,1
40604,0.0,arp,-,INT,1,0,46,0,0.0,0,0,0.0,0.0,0,0,60000.476,0.0,0.0,0.0,0,0,0,0,0.0,0.0,0.0,46,0,0,0,2,2,2,2,2,2,0,0,0,2,2,1,Normal,0,1
40608,0.0,arp,-,INT,1,0,46,0,0.0,0,0,0.0,0.0,0,0,60000.476,0.0,0.0,0.0,0,0,0,0,0.0,0.0,0.0,46,0,0,0,2,2,2,2,2,2,0,0,0,2,2,1,Normal,0,1
40625,0.0,arp,-,INT,1,0,46,0,0.0,0,0,0.0,0.0,0,0,60000.736,0.0,15.492028,0.0,0,0,0,0,0.0,0.0,0.0,46,0,0,0,2,2,2,2,2,2,0,0,0,2,2,1,Normal,0,1
40626,0.0,arp,-,INT,1,0,46,0,0.0,0,0,0.0,0.0,0,0,60000.736,0.0,10.954519,0.0,0,0,0,0,0.0,0.0,0.0,46,0,0,0,2,2,2,2,2,2,0,0,0,2,2,1,Normal,0,1
40627,0.0,arp,-,INT,1,0,46,0,0.0,0,0,0.0,0.0,0,0,60000.736,0.0,15.492028,0.0,0,0,0,0,0.0,0.0,0.0,46,0,0,0,2,2,2,2,2,2,0,0,0,2,2,1,Normal,0,1
40628,0.0,arp,-,INT,1,0,46,0,0.0,0,0,0.0,0.0,0,0,60000.736,0.0,10.954519,0.0,0,0,0,0,0.0,0.0,0.0,46,0,0,0,2,2,2,2,2,2,0,0,0,2,2,1,Normal,0,1
40633,1.089995,tcp,-,CON,6,2,998,86,6.422048,62,252,6106.449707,315.597778,4,2,15689.53117,46819.568,1201182.244,46819.56,255,4202012645,2557683383,255,0.493194,0.175709,0.317485,166,43,0,0,4,3,2,2,2,4,0,0,0,2,4,0,Normal,0,1
40634,1.089995,tcp,-,CON,6,2,998,86,6.422048,62,252,6106.449707,315.597778,4,2,15689.53117,46819.568,1201182.244,46819.56,255,4202012645,2557683383,255,0.493194,0.175709,0.317485,166,43,0,0,4,3,2,2,2,4,0,0,0,2,4,0,Normal,0,1
40662,3.542747,tcp,-,CON,6,2,998,86,1.975868,62,252,1878.768066,97.099792,2,1,708.5494,0.007,45209.82371,0.0,255,3661117185,3163116231,255,3.176115,2.386338,0.789777,166,43,0,0,2,3,2,1,1,3,0,0,0,2,2,0,Normal,0,1
40664,0.0,arp,-,INT,1,0,46,0,0.0,0,0,0.0,0.0,0,0,60000.744,0.0,0.0,0.0,0,0,0,0,0.0,0.0,0.0,46,0,0,0,1,2,1,1,1,1,0,0,0,1,1,1,Normal,0,1
40665,2.227349,tcp,-,CON,6,2,998,86,3.142749,62,252,2988.305664,154.443695,2,1,445.4698,0.004,28862.47771,0.0,255,934081374,1843749357,255,2.031732,1.590955,0.440777,166,43,0,0,3,3,2,1,1,4,0,0,0,2,2,0,Normal,0,1
40677,2.485603,tcp,-,CON,6,2,998,86,2.816218,62,252,2677.821045,138.396988,2,1,497.1206,0.008,26432.77641,0.0,255,3022698449,3121027644,255,1.693134,0.768732,0.924402,166,43,0,0,2,3,1,1,1,4,0,0,0,1,2,0,Normal,0,1
40679,2.231722,tcp,-,CON,6,2,998,86,3.136591,62,252,2982.450195,154.141052,2,1,446.3444,0.005,26191.10313,0.0,255,993205885,3927512067,255,1.801637,0.805291,0.996346,166,43,0,0,2,3,3,1,1,4,0,0,0,3,2,0,Normal,0,1
40683,1.911914,tcp,-,CON,6,2,998,86,3.661253,62,252,3481.328125,179.924408,2,1,382.3828,0.002,19952.81494,0.0,255,3804981329,3652895882,255,1.241981,0.82336,0.418621,166,43,0,0,2,3,2,1,1,2,0,0,0,1,2,0,Normal,0,1
40685,1.917696,tcp,-,CON,6,2,998,86,3.650214,62,252,3470.831787,179.381927,2,1,383.5392,0.003,25100.39731,0.0,255,627579126,4251761014,255,1.768818,1.287517,0.481301,166,43,0,0,2,3,1,1,1,2,0,0,0,1,2,0,Normal,0,1
40687,2.130144,tcp,-,FIN,112,20,135669,870,61.498193,254,252,504972.4688,3105.893555,53,1,18.206654,105.331578,1886.970385,121.788781,255,803400160,559664647,255,0.22858,0.128841,0.099739,1211,44,0,0,5,1,2,2,1,2,0,0,0,3,2,0,Normal,0,1
40691,1.648269,tcp,-,FIN,112,20,135669,870,79.477316,254,252,652602.1875,4013.907715,53,1,14.456718,81.521523,1513.400334,97.452164,255,406198710,376879922,255,0.197051,0.099352,0.097699,1211,44,0,0,5,1,1,2,1,2,0,0,0,2,2,0,Normal,0,1
40694,1.837813,tcp,-,FIN,112,22,135669,956,72.368624,254,252,585295.6875,3974.289062,53,1,16.222639,80.83343,1733.149082,93.547555,255,2875960648,363227912,255,0.232684,0.140305,0.092379,1211,43,0,0,5,1,1,1,1,2,0,0,0,1,2,0,Normal,0,1
40697,1.639757,tcp,-,FIN,112,20,135669,870,79.889884,254,252,655989.875,4034.744141,53,1,14.463793,78.744477,1541.477139,92.910891,255,2275648415,3978527177,255,0.237488,0.143609,0.093879,1211,44,0,0,3,1,1,1,1,1,0,0,0,1,1,0,Normal,0,1
40699,1.305846,tcp,-,FIN,112,20,135669,870,100.31811,254,252,823729.625,5066.447266,53,1,11.497118,64.027,1232.125302,74.407336,255,3555220428,1500327849,255,0.135129,0.089325,0.045804,1211,44,0,0,3,1,1,1,1,1,0,0,0,1,1,0,Normal,0,1
40797,32.383778,tcp,http,FIN,20,18,1642,2468,1.142547,62,252,385.378143,575.843872,4,6,1704.409158,1896.138875,225270.3962,7309.797,255,1059204808,4130553325,255,0.196514,0.098698,0.097816,82,137,1,247,2,1,18,2,2,2,0,0,2,2,3,0,Normal,0,1
40798,32.383778,tcp,http,FIN,20,18,1642,2468,1.142547,62,252,385.378143,575.843872,4,6,1704.409158,1896.138875,225270.3962,7309.797,255,1059204808,4130553325,255,0.196514,0.098698,0.097816,82,137,1,247,2,1,18,2,2,2,0,0,2,2,3,0,Normal,0,1
40802,0.635593,tcp,http,FIN,10,10,818,1242,29.893344,62,252,9276.376953,14071.89844,2,2,70.621444,62.427555,4519.784055,106.404844,255,2545816911,3911586744,255,0.112922,0.07296,0.039962,82,124,1,175,6,1,37,4,3,6,0,0,9,4,6,0,Normal,0,1
40803,0.635593,tcp,http,FIN,10,10,818,1242,29.893344,62,252,9276.376953,14071.89844,2,2,70.621444,62.427555,4519.784055,106.404844,255,2545816911,3911586744,255,0.112922,0.07296,0.039962,82,124,1,175,6,1,37,4,3,6,0,0,9,4,6,0,Normal,0,1
40805,0.635593,tcp,http,FIN,10,10,818,1242,29.893344,62,252,9276.376953,14071.89844,2,2,70.621444,62.427555,4519.784055,106.404844,255,2545816911,3911586744,255,0.112922,0.07296,0.039962,82,124,1,175,6,1,37,4,3,6,0,0,9,4,6,0,Normal,0,1
40918,0.0,arp,-,INT,1,0,46,0,0.0,0,0,0.0,0.0,0,0,60000.644,0.0,10.95451,0.0,0,0,0,0,0.0,0.0,0.0,46,0,0,0,2,2,2,2,2,2,0,0,0,2,2,1,Normal,0,1
40919,0.0,arp,-,INT,1,0,46,0,0.0,0,0,0.0,0.0,0,0,60000.64,0.0,15.492017,0.0,0,0,0,0,0.0,0.0,0.0,46,0,0,0,2,2,2,2,2,2,0,0,0,2,2,1,Normal,0,1
40920,0.0,arp,-,INT,1,0,46,0,0.0,0,0,0.0,0.0,0,0,60000.644,0.0,10.95451,0.0,0,0,0,0,0.0,0.0,0.0,46,0,0,0,2,2,2,2,2,2,0,0,0,2,2,1,Normal,0,1
40921,0.0,arp,-,INT,1,0,46,0,0.0,0,0,0.0,0.0,0,0,60000.64,0.0,15.492017,0.0,0,0,0,0,0.0,0.0,0.0,46,0,0,0,2,2,2,2,2,2,0,0,0,2,2,1,Normal,0,1
40929,0.0,arp,-,INT,1,0,46,0,0.0,0,0,0.0,0.0,0,0,60000.68,0.0,10.954514,0.0,0,0,0,0,0.0,0.0,0.0,46,0,0,0,2,2,2,2,2,2,0,0,0,2,2,1,Normal,0,1
40931,0.0,arp,-,INT,1,0,46,0,0.0,0,0,0.0,0.0,0,0,60000.68,0.0,10.954514,0.0,0,0,0,0,0.0,0.0,0.0,46,0,0,0,2,2,2,2,2,2,0,0,0,2,2,1,Normal,0,1
40934,0.0,arp,-,INT,1,0,46,0,0.0,0,0,0.0,0.0,0,0,60000.792,0.0,15.492036,0.0,0,0,0,0,0.0,0.0,0.0,46,0,0,0,2,2,2,2,2,2,0,0,0,2,2,1,Normal,0,1
40936,0.0,arp,-,INT,1,0,46,0,0.0,0,0,0.0,0.0,0,0,60000.792,0.0,15.492036,0.0,0,0,0,0,0.0,0.0,0.0,46,0,0,0,2,2,2,2,2,2,0,0,0,2,2,1,Normal,0,1
40950,0.0,arp,-,INT,1,0,46,0,0.0,0,0,0.0,0.0,0,0,60000.704,0.0,10.954516,0.0,0,0,0,0,0.0,0.0,0.0,46,0,0,0,2,2,2,2,2,2,0,0,0,2,2,1,Normal,0,1
40952,0.0,arp,-,INT,1,0,46,0,0.0,0,0,0.0,0.0,0,0,60000.704,0.0,10.954516,0.0,0,0,0,0,0.0,0.0,0.0,46,0,0,0,2,2,2,2,2,2,0,0,0,2,2,1,Normal,0,1
40954,0.0,arp,-,INT,1,0,46,0,0.0,0,0,0.0,0.0,0,0,60000.72,0.0,10.954517,0.0,0,0,0,0,0.0,0.0,0.0,46,0,0,0,2,2,2,2,2,2,0,0,0,2,2,1,Normal,0,1
40956,0.0,arp,-,INT,1,0,46,0,0.0,0,0,0.0,0.0,0,0,60000.72,0.0,10.954517,0.0,0,0,0,0,0.0,0.0,0.0,46,0,0,0,2,2,2,2,2,2,0,0,0,2,2,1,Normal,0,1
40960,0.0,arp,-,INT,1,0,46,0,0.0,0,0,0.0,0.0,0,0,60000.668,0.0,0.0,0.0,0,0,0,0,0.0,0.0,0.0,46,0,0,0,2,2,2,2,2,2,0,0,0,2,2,1,Normal,0,1
40961,0.0,arp,-,INT,1,0,46,0,0.0,0,0,0.0,0.0,0,0,60000.668,0.0,0.0,0.0,0,0,0,0,0.0,0.0,0.0,46,0,0,0,2,2,2,2,2,2,0,0,0,2,2,1,Normal,0,1
40962,0.0,arp,-,INT,1,0,46,0,0.0,0,0,0.0,0.0,0,0,60000.668,0.0,0.0,0.0,0,0,0,0,0.0,0.0,0.0,46,0,0,0,2,2,2,2,2,2,0,0,0,2,2,1,Normal,0,1
40963,0.0,arp,-,INT,1,0,46,0,0.0,0,0,0.0,0.0,0,0,60000.668,0.0,0.0,0.0,0,0,0,0,0.0,0.0,0.0,46,0,0,0,2,2,2,2,2,2,0,0,0,2,2,1,Normal,0,1
41005,0.0,arp,-,INT,1,0,46,0,0.0,0,0,0.0,0.0,0,0,60000.792,0.0,0.0,0.0,0,0,0,0,0.0,0.0,0.0,46,0,0,0,1,2,1,1,1,1,0,0,0,1,1,1,Normal,0,1
41006,0.0,arp,-,INT,1,0,46,0,0.0,0,0,0.0,0.0,0,0,60000.788,0.0,0.0,0.0,0,0,0,0,0.0,0.0,0.0,46,0,0,0,1,2,1,1,1,1,0,0,0,1,1,1,Normal,0,1
41021,2.0615,tcp,-,CON,6,2,998,86,3.395586,62,252,3228.716797,166.868774,2,1,412.3,0.003,26348.55189,0.0,255,4051933988,1398954741,255,1.851478,0.800789,1.050689,166,43,0,0,3,3,1,1,1,3,0,0,0,1,3,0,Normal,0,1
41039,0.0,arp,-,INT,1,0,46,0,0.0,0,0,0.0,0.0,0,0,60000.648,0.0,15.492018,0.0,0,0,0,0,0.0,0.0,0.0,46,0,0,0,1,2,1,1,1,1,0,0,0,1,1,1,Normal,0,1
41040,0.0,arp,-,INT,1,0,46,0,0.0,0,0,0.0,0.0,0,0,60000.648,0.0,15.492018,0.0,0,0,0,0,0.0,0.0,0.0,46,0,0,0,1,2,1,1,1,1,0,0,0,1,1,1,Normal,0,1
41052,2.236111,tcp,-,CON,6,2,998,86,3.130435,62,252,2976.596436,153.838516,2,1,447.2222,0.005,28688.05439,0.0,255,3859926508,4079048090,255,2.016921,1.881253,0.135668,166,43,0,0,4,3,2,2,1,4,0,0,0,2,4,0,Normal,0,1
41061,1.388898,tcp,-,CON,6,2,998,86,5.039967,62,252,4792.288574,247.678375,2,1,277.7796,0.001,18021.85289,0.0,255,3991953948,1895427873,255,1.26882,1.016799,0.252021,166,43,0,0,2,3,2,2,1,2,0,0,0,2,2,0,Normal,0,1
41097,5.957744,tcp,-,CON,12,4,1996,172,2.517731,62,252,2457.305908,173.219925,6,3,541.613102,1859.061375,47269.5722,2629.1035,255,2193902909,3984305609,255,0.145827,0.102153,0.043674,166,43,0,0,6,3,4,4,2,6,0,0,0,4,6,0,Normal,0,1
41098,5.957744,tcp,-,CON,12,4,1996,172,2.517731,62,252,2457.305908,173.219925,6,3,541.613102,1859.061375,47269.5722,2629.1035,255,2193902909,3984305609,255,0.145827,0.102153,0.043674,166,43,0,0,6,3,4,4,2,6,0,0,0,4,6,0,Normal,0,1
41109,0.0,arp,-,INT,1,0,46,0,0.0,0,0,0.0,0.0,0,0,60000.736,0.0,0.0,0.0,0,0,0,0,0.0,0.0,0.0,46,0,0,0,1,2,1,1,1,1,0,0,0,1,1,1,Normal,0,1
41110,0.0,arp,-,INT,1,0,46,0,0.0,0,0,0.0,0.0,0,0,60000.744,0.0,0.0,0.0,0,0,0,0,0.0,0.0,0.0,46,0,0,0,1,2,1,1,1,1,0,0,0,1,1,1,Normal,0,1
41112,2.78509,tcp,-,CON,6,2,998,86,2.513384,62,252,2389.868896,123.514862,2,1,557.018,0.006,35281.78792,0.0,255,601323144,2735443361,255,2.475872,2.204039,0.271833,166,43,0,0,1,3,1,1,1,1,0,0,0,1,1,0,Normal,0,1
41113,1.091477,tcp,-,FIN,60,14,68183,612,66.881847,254,252,491422.1563,4170.495605,27,1,18.49961,68.768156,1767.314192,87.56968,255,432477984,3343932725,255,0.22793,0.163702,0.064228,1136,44,1,0,2,1,1,2,1,2,0,0,1,2,3,0,Normal,0,1
41115,0.837866,tcp,-,FIN,60,14,68183,612,87.126103,254,252,640169.1875,5432.849609,27,1,13.700966,58.613309,1417.705323,72.060594,255,704476577,3872902341,255,0.110398,0.075888,0.03451,1136,44,1,0,2,1,1,1,1,2,0,0,1,1,3,0,Normal,0,1
41144,21.912849,tcp,-,CON,12,4,1996,172,0.68453,62,252,668.101135,47.095654,6,3,1992.077182,6953.4155,188622.5881,9833.611,255,548441276,2930507173,255,0.304375,0.191722,0.112653,166,43,0,0,3,3,1,1,1,4,0,0,0,1,3,0,Normal,0,1
41145,21.912849,tcp,-,CON,12,4,1996,172,0.68453,62,252,668.101135,47.095654,6,3,1992.077182,6953.4155,188622.5881,9833.611,255,548441276,2930507173,255,0.304375,0.191722,0.112653,166,43,0,0,2,3,1,1,1,2,0,0,0,1,3,0,Normal,0,1
41158,2.784142,tcp,-,CON,6,2,998,86,2.51424,62,252,2390.682617,123.556915,2,1,556.8284,0.008,30369.6708,0.0,255,3038327844,3170197343,255,1.999288,1.538982,0.460306,166,43,0,0,1,3,1,1,1,1,0,0,0,1,1,0,Normal,0,1
41166,0.0,arp,-,INT,1,0,46,0,0.0,0,0,0.0,0.0,0,0,60000.688,0.0,0.0,0.0,0,0,0,0,0.0,0.0,0.0,46,0,0,0,1,2,1,1,1,1,0,0,0,1,1,1,Normal,0,1
41167,0.0,arp,-,INT,1,0,46,0,0.0,0,0,0.0,0.0,0,0,60000.684,0.0,0.0,0.0,0,0,0,0,0.0,0.0,0.0,46,0,0,0,1,2,1,1,1,1,0,0,0,1,1,1,Normal,0,1
41181,0.931623,tcp,http,FIN,60,14,68197,612,78.357878,254,252,575863.875,4886.09668,27,1,14.734644,65.108309,1430.981038,84.89832,255,2662796607,413949336,255,0.155993,0.085207,0.070786,1137,44,1,0,3,1,1,1,1,3,0,0,1,1,3,0,Normal,0,1
41185,0.819121,tcp,-,FIN,60,14,68201,612,89.119922,254,252,654994.8125,5557.17627,27,1,13.576458,58.606691,1361.034001,81.574977,255,1004996587,2937447063,255,0.136442,0.057231,0.079211,1137,44,1,0,1,1,1,1,1,2,0,0,1,1,2,0,Normal,0,1
41188,32.619717,tcp,-,FIN,120,28,136398,1224,4.506477,254,252,33173.06641,289.640778,131,1,273.993962,1205.763125,90688.69819,5912.8365,255,1569129137,341831458,255,0.114266,0.06411,0.050156,1137,44,1,0,1,1,2,2,2,2,0,0,2,2,1,0,Normal,0,1
41190,32.619717,tcp,http,FIN,120,28,136398,1224,4.506477,254,252,33173.06641,289.640778,131,1,273.993962,1205.763125,90688.69819,5912.8365,255,1569129137,341831458,255,0.114266,0.06411,0.050156,1137,44,1,0,1,1,2,2,2,2,0,0,2,2,1,0,Normal,0,1
41200,0.713665,tcp,http,FIN,60,14,68197,612,102.288888,254,252,751736.4375,6378.342773,27,1,11.887797,51.139539,1285.562339,67.266766,255,3046654172,1441156288,255,0.085789,0.048849,0.03694,1137,44,1,0,1,1,1,1,1,1,0,0,1,2,1,0,Normal,0,1
41202,32.278351,tcp,http,FIN,120,28,136396,1224,4.554136,254,252,33523.39844,292.703918,131,1,271.097899,1193.478875,89516.67468,5836.484,255,1553552450,4013924291,255,0.108799,0.054422,0.054377,1137,44,1,0,2,1,2,2,2,2,0,0,2,2,2,0,Normal,0,1
41203,32.278351,tcp,http,FIN,120,28,136396,1224,4.554136,254,252,33523.39844,292.703918,131,1,271.097899,1193.478875,89516.67468,5836.484,255,1553552450,4013924291,255,0.108799,0.054422,0.054377,1137,44,1,0,2,1,2,2,2,2,0,0,2,2,2,0,Normal,0,1
41219,1.011126,tcp,http,FIN,60,14,68197,612,72.196736,254,252,530584.6875,4501.911621,27,1,16.802492,71.330844,1669.697227,85.487266,255,663159590,3763172795,255,0.164491,0.083822,0.080669,1137,44,1,0,3,1,1,1,1,4,0,0,1,2,3,0,Normal,0,1
41220,0.796693,tcp,http,FIN,60,14,68197,612,91.628767,254,252,673393.625,5713.618652,27,1,13.146712,56.303078,1337.217118,73.853094,255,2353944931,3220869745,255,0.143636,0.064744,0.078892,1137,44,1,0,3,1,1,1,1,4,0,0,1,1,3,0,Normal,0,1
41223,1.142926,tcp,http,FIN,60,14,68197,612,63.871153,254,252,469398.7188,3982.76001,27,1,18.985306,82.174383,1952.343351,121.673641,255,1773176792,2256864538,255,0.165304,0.074657,0.090647,1137,44,1,0,3,1,1,1,1,4,0,0,1,1,3,0,Normal,0,1
41231,0.717918,tcp,http,FIN,60,14,68199,612,101.682925,254,252,747305.4375,6340.557129,27,1,11.527508,51.377,1237.878639,66.267258,255,2455213239,34464129,255,0.091668,0.050013,0.041655,1137,44,1,0,1,1,1,1,1,2,0,0,1,2,1,0,Normal,0,1
41235,1.001106,tcp,http,FIN,60,16,68199,698,74.91714,254,252,535911.25,5234.210938,27,1,16.953034,63.367,1896.719142,85.607875,255,2119930640,4105887926,255,0.100783,0.050592,0.050191,1137,44,1,0,3,1,1,2,1,2,0,0,1,3,2,0,Normal,0,1
41239,0.996132,tcp,http,FIN,60,14,68199,612,73.283459,254,252,538587.25,4569.675293,27,1,16.866322,69.806766,1624.580507,87.368562,255,3488387996,1575815501,255,0.15386,0.088643,0.065217,1137,44,1,0,3,1,1,1,1,2,0,0,1,1,2,0,Normal,0,1
41240,1.052046,tcp,-,FIN,60,14,68201,612,69.388605,254,252,509977.7188,4326.807129,27,1,17.530797,78.499305,2326.770771,153.317844,255,2813393706,3688797740,255,0.060931,0.031547,0.029384,1137,44,1,0,2,1,1,1,1,2,0,0,1,1,2,0,Normal,0,1
41243,0.722682,tcp,-,FIN,60,14,68201,612,101.012617,254,252,742401.25,6298.759277,27,1,12.073237,53.995461,1283.020956,78.332148,255,1864124142,3512999434,255,0.08244,0.020736,0.061704,1137,44,1,0,2,1,1,2,1,2,0,0,1,2,2,0,Normal,0,1
41247,0.701613,tcp,http,FIN,60,14,68199,612,104.045961,254,252,764672.25,6487.907227,27,1,11.395932,51.226078,1190.281184,67.331367,255,3803714273,825268145,255,0.091026,0.035668,0.055358,1137,44,1,0,2,1,1,1,1,3,0,0,1,1,2,0,Normal,0,1
41250,0.896605,tcp,http,FIN,60,14,68199,612,81.418237,254,252,598372.75,5076.929199,27,1,14.488305,64.75823,1445.559015,88.860195,255,2857358011,1175551419,255,0.150635,0.054742,0.095893,1137,44,1,0,2,1,1,1,1,3,0,0,1,1,2,0,Normal,0,1
41251,0.724487,tcp,-,FIN,60,14,68201,612,100.760951,254,252,740551.5625,6283.066406,27,1,11.934526,50.90923,1233.370042,67.817789,255,1354531622,3188450623,255,0.126108,0.062664,0.063444,1137,44,1,0,1,1,1,1,1,3,0,0,1,1,1,0,Normal,0,1
41253,0.556952,tcp,http,FIN,60,14,68199,612,131.070541,254,252,963285.875,8173.056152,27,1,9.439864,38.831309,1059.720225,56.270906,255,3248172289,515957894,255,0.106059,0.051591,0.054468,1137,44,1,0,1,1,1,1,1,2,0,0,1,1,1,0,Normal,0,1
41256,1.200084,tcp,-,FIN,60,16,68201,698,62.495627,254,252,447068.7188,4366.361328,27,1,20.340407,78.208266,2619.251698,101.963,255,3682362252,3755009283,255,0.057543,0.026248,0.031295,1137,44,1,0,1,1,1,1,1,2,0,0,1,1,1,0,Normal,0,1
41258,0.630353,tcp,http,FIN,60,12,68199,526,112.635306,254,252,851116.8125,6129.898926,27,1,10.452576,55.021453,1151.436022,70.402414,255,666102664,3955887896,255,0.054107,0.025115,0.028992,1137,44,1,0,3,1,1,1,1,4,0,0,1,1,5,0,Normal,0,1
41261,0.534281,tcp,http,FIN,60,14,68199,612,136.632218,254,252,1004160.688,8519.861328,27,1,8.97339,38.72623,1034.739519,63.442426,255,3087381224,2941559413,255,0.053419,0.030831,0.022588,1137,44,1,0,3,1,4,3,1,4,0,0,1,3,5,0,Normal,0,1
41266,0.576723,tcp,http,FIN,60,14,68199,612,126.577235,254,252,930262.9375,7892.871094,27,1,9.650695,40.519078,1079.621694,63.583359,255,1482651900,991555905,255,0.09386,0.049966,0.043894,1137,44,1,0,1,1,1,1,1,1,0,0,1,1,1,0,Normal,0,1
41284,0.0,arp,-,INT,1,0,46,0,0.0,0,0,0.0,0.0,0,0,60000.736,0.0,0.0,0.0,0,0,0,0,0.0,0.0,0.0,46,0,0,0,1,2,1,1,1,1,0,0,0,1,1,1,Normal,0,1
41285,0.0,arp,-,INT,1,0,46,0,0.0,0,0,0.0,0.0,0,0,60000.736,0.0,15.492028,0.0,0,0,0,0,0.0,0.0,0.0,46,0,0,0,1,2,1,1,1,1,0,0,0,1,1,1,Normal,0,1
41286,57.020206,tcp,-,CON,12,4,1996,172,0.263065,62,252,256.751099,18.098846,6,3,5183.655,18891.328,535935.9776,26716.366,255,2716125683,2139346466,255,0.27866,0.215556,0.063104,166,43,0,0,5,3,4,4,2,5,0,0,0,4,5,0,Normal,0,1
41288,57.020206,tcp,-,CON,12,4,1996,172,0.263065,62,252,256.751099,18.098846,6,3,5183.655,18891.328,535935.9776,26716.366,255,2716125683,2139346466,255,0.27866,0.215556,0.063104,166,43,0,0,5,3,4,4,2,5,0,0,0,4,5,0,Normal,0,1
41305,35.757111,tcp,-,CON,12,4,1996,172,0.419497,62,252,409.429047,28.861393,5,3,3250.646817,11748.156,334661.1068,16614.394,255,1935057311,938014451,255,0.31308,0.27947,0.03361,166,43,0,0,4,3,4,4,2,4,0,0,0,4,4,0,Normal,0,1
41306,35.757111,tcp,-,CON,12,4,1996,172,0.419497,62,252,409.429047,28.861393,5,3,3250.646817,11748.156,334661.1068,16614.394,255,1935057311,938014451,255,0.31308,0.27947,0.03361,166,43,0,0,4,3,4,4,2,4,0,0,0,4,4,0,Normal,0,1
41345,48.075809,tcp,-,CON,12,4,1996,172,0.312007,62,252,304.519043,21.466097,6,3,4370.527545,15424.707,438588.8631,21813.816,255,1779873190,3060211945,255,0.987805,0.91515,0.072655,166,43,0,0,5,3,3,2,2,5,0,0,0,2,5,0,Normal,0,1
41346,48.075809,tcp,-,CON,12,4,1996,172,0.312007,62,252,304.519043,21.466097,6,3,4370.527545,15424.707,438588.8631,21813.816,255,1779873190,3060211945,255,0.987805,0.91515,0.072655,166,43,0,0,5,3,3,2,2,5,0,0,0,2,5,0,Normal,0,1
41380,50.755516,tcp,-,CON,12,4,1996,172,0.295534,62,252,288.441559,20.332766,5,3,4614.138003,16720.003,471259.1902,23645.648,255,1124136257,3454067965,255,0.632725,0.313963,0.318762,166,43,0,0,5,3,3,2,2,5,0,0,0,3,5,0,Normal,0,1
41382,50.755516,tcp,-,CON,12,4,1996,172,0.295534,62,252,288.441559,20.332766,5,3,4614.138003,16720.003,471259.1902,23645.648,255,1124136257,3454067965,255,0.632725,0.313963,0.318762,166,43,0,0,5,3,3,2,2,5,0,0,0,3,5,0,Normal,0,1
41405,0.0,arp,-,INT,1,0,46,0,0.0,0,0,0.0,0.0,0,0,60000.676,0.0,10.954513,0.0,0,0,0,0,0.0,0.0,0.0,46,0,0,0,1,2,1,1,1,1,0,0,0,1,1,1,Normal,0,1
41406,0.0,arp,-,INT,1,0,46,0,0.0,0,0,0.0,0.0,0,0,60000.656,0.0,0.0,0.0,0,0,0,0,0.0,0.0,0.0,46,0,0,0,1,2,1,1,1,1,0,0,0,1,1,1,Normal,0,1
41499,2.588241,tcp,-,CON,6,2,998,86,2.704539,62,252,2571.630615,132.908798,2,1,517.6482,0.001,25936.71807,0.0,255,1048513240,3393562789,255,1.382003,0.864148,0.517855,166,43,0,0,3,3,2,1,1,4,0,0,0,1,3,0,Normal,0,1
41507,1.603635,tcp,-,CON,6,2,998,86,4.365083,62,252,4150.570312,214.512665,2,1,320.727,0.003,16513.75567,0.0,255,4147071057,3900535351,33,0.999607,0.781072,0.218535,166,43,0,0,2,3,1,1,1,2,0,0,0,1,2,0,Normal,0,1
41509,2.712607,tcp,-,CON,6,2,998,86,2.580543,62,252,2453.728271,126.815277,2,1,542.5214,0.014,36011.57748,0.0,255,4239827129,4004518638,255,2.540885,2.237386,0.303499,166,43,0,0,2,3,1,1,1,2,0,0,0,1,2,0,Normal,0,1
41511,1.408428,tcp,-,CON,6,2,998,86,4.97008,62,252,4725.836426,244.243942,2,1,281.6856,0.008,15069.27997,0.0,255,775936080,3923561117,255,0.972525,0.679172,0.293353,166,43,0,0,2,3,3,2,2,2,0,0,0,2,4,0,Normal,0,1
41512,1.408428,tcp,-,CON,6,2,998,86,4.97008,62,252,4725.836426,244.243942,2,1,281.6856,0.008,15069.27997,0.0,255,775936080,3923561117,255,0.972525,0.679172,0.293353,166,43,0,0,2,3,3,2,2,2,0,0,0,2,4,0,Normal,0,1
41514,2.269913,tcp,-,CON,6,2,998,86,3.083819,62,252,2932.270996,151.547668,2,1,453.9826,0.009,24214.94732,0.0,255,3112203185,2772699433,255,1.557218,1.105339,0.451879,166,43,0,0,1,3,1,1,1,2,0,0,0,1,1,0,Normal,0,1
41524,0.0,arp,-,INT,1,0,46,0,0.0,0,0,0.0,0.0,0,0,60000.716,0.0,0.0,0.0,0,0,0,0,0.0,0.0,0.0,46,0,0,0,1,2,1,1,1,1,0,0,0,1,1,1,Normal,0,1
41548,2.380471,tcp,-,CON,6,2,998,86,2.940595,62,252,2796.085205,144.509216,2,1,476.0942,0.003,27918.9255,0.0,255,1783499044,3669541591,255,1.920012,1.416022,0.50399,166,43,0,0,1,3,1,1,1,1,0,0,0,1,1,0,Normal,0,1
41608,1.885401,tcp,-,CON,6,2,998,86,3.712738,62,252,3530.283447,182.454559,2,1,377.0802,0.001,22375.62586,0.0,255,2554445289,3333726550,255,1.545485,0.460295,1.08519,166,43,0,0,3,3,1,1,1,2,0,0,0,2,2,0,Normal,0,1
41618,0.0,arp,-,INT,1,0,46,0,0.0,0,0,0.0,0.0,0,0,60000.772,0.0,0.0,0.0,0,0,0,0,0.0,0.0,0.0,46,0,0,0,1,2,1,1,1,1,0,0,0,1,1,1,Normal,0,1
41619,0.0,arp,-,INT,1,0,46,0,0.0,0,0,0.0,0.0,0,0,60000.772,0.0,0.0,0.0,0,0,0,0,0.0,0.0,0.0,46,0,0,0,1,2,1,1,1,1,0,0,0,1,1,1,Normal,0,1
41679,0.0,arp,-,INT,1,0,46,0,0.0,0,0,0.0,0.0,0,0,60000.648,0.0,15.492018,0.0,0,0,0,0,0.0,0.0,0.0,46,0,0,0,1,2,1,1,1,1,0,0,0,1,1,1,Normal,0,1
41680,0.0,arp,-,INT,1,0,46,0,0.0,0,0,0.0,0.0,0,0,60000.648,0.0,0.0,0.0,0,0,0,0,0.0,0.0,0.0,46,0,0,0,1,2,1,1,1,1,0,0,0,1,1,1,Normal,0,1
41683,1.697777,tcp,-,FIN,112,22,135669,956,78.337731,254,252,633572.0,4302.096191,53,1,15.192136,75.879188,1599.82845,98.005125,255,1451275617,4159778481,255,0.16365,0.104306,0.059344,1211,43,0,0,6,1,1,2,1,2,0,0,0,2,2,0,Normal,0,1
41685,2.001371,tcp,-,FIN,108,22,135499,956,64.455819,254,252,536612.1875,3649.498535,51,1,18.703439,91.544188,1820.936385,116.736906,255,2290624393,4173904037,255,0.126427,0.078935,0.047492,1255,43,0,0,6,1,1,4,1,2,0,0,0,4,2,0,Normal,0,1
41707,0.0,arp,-,INT,1,0,46,0,0.0,0,0,0.0,0.0,0,0,60000.768,0.0,0.0,0.0,0,0,0,0,0.0,0.0,0.0,46,0,0,0,1,2,1,1,1,1,0,0,0,1,1,1,Normal,0,1
41708,0.0,arp,-,INT,1,0,46,0,0.0,0,0,0.0,0.0,0,0,60000.772,0.0,0.0,0.0,0,0,0,0,0.0,0.0,0.0,46,0,0,0,1,2,1,1,1,1,0,0,0,1,1,1,Normal,0,1
41726,1.342422,tcp,-,FIN,10,8,534,354,12.663678,254,252,2866.460693,1847.407104,1,0,10414.7048,13029.95,1028944.425,33998.136,255,114325517,2019738614,255,0.109363,0.048592,0.060771,53,44,0,0,7,1,3,3,2,4,0,0,0,4,3,0,Normal,0,1
41727,1.342422,tcp,-,FIN,10,8,534,354,12.663678,254,252,2866.460693,1847.407104,1,0,10414.7048,13029.95,1028944.425,33998.136,255,114325517,2019738614,255,0.109363,0.048592,0.060771,53,44,0,0,7,1,3,3,2,4,0,0,0,4,3,0,Normal,0,1
41737,0.0,arp,-,INT,1,0,46,0,0.0,0,0,0.0,0.0,0,0,60000.668,0.0,0.0,0.0,0,0,0,0,0.0,0.0,0.0,46,0,0,0,1,2,1,1,1,1,0,0,0,1,1,1,Normal,0,1
41738,0.0,arp,-,INT,1,0,46,0,0.0,0,0,0.0,0.0,0,0,60000.664,0.0,0.0,0.0,0,0,0,0,0.0,0.0,0.0,46,0,0,0,1,2,1,1,1,1,0,0,0,1,1,1,Normal,0,1
41765,0.0,arp,-,INT,1,0,46,0,0.0,0,0,0.0,0.0,0,0,60000.704,0.0,15.492024,0.0,0,0,0,0,0.0,0.0,0.0,46,0,0,0,2,2,2,2,2,2,0,0,0,2,2,1,Normal,0,1
41766,0.0,arp,-,INT,1,0,46,0,0.0,0,0,0.0,0.0,0,0,60000.704,0.0,15.492024,0.0,0,0,0,0,0.0,0.0,0.0,46,0,0,0,2,2,2,2,2,2,0,0,0,2,2,1,Normal,0,1
41779,0.0,arp,-,INT,1,0,46,0,0.0,0,0,0.0,0.0,0,0,60000.64,0.0,10.95451,0.0,0,0,0,0,0.0,0.0,0.0,46,0,0,0,1,2,1,1,1,1,0,0,0,1,1,1,Normal,0,1
41780,0.0,arp,-,INT,1,0,46,0,0.0,0,0,0.0,0.0,0,0,60000.64,0.0,10.95451,0.0,0,0,0,0,0.0,0.0,0.0,46,0,0,0,1,2,1,1,1,1,0,0,0,1,1,1,Normal,0,1
41814,0.992509,tcp,-,FIN,10,8,588,354,17.128308,254,252,4272.001465,2498.717773,2,0,6806.2651,8509.551,670697.5655,22184.454,255,891345274,4203027417,255,0.153821,0.059036,0.094785,59,44,0,0,2,1,1,1,1,2,0,0,0,1,2,0,Normal,0,1
41815,0.992509,tcp,-,FIN,10,8,588,354,17.128308,254,252,4272.001465,2498.717773,2,0,6806.2651,8509.551,670697.5655,22184.454,255,891345274,4203027417,255,0.153821,0.059036,0.094785,59,44,0,0,2,1,1,1,1,2,0,0,0,1,2,0,Normal,0,1
41826,54.628231,tcp,-,FIN,20,16,1176,708,0.640694,254,252,163.724869,97.239098,4,1,2875.120895,3636.943,382586.4913,13115.164,255,841999439,2916822678,255,0.119967,0.074078,0.045889,59,44,0,0,3,1,2,2,2,2,0,0,0,4,2,0,Normal,0,1
41827,54.628231,tcp,-,FIN,20,16,1176,708,0.640694,254,252,163.724869,97.239098,4,1,2875.120895,3636.943,382586.4913,13115.164,255,841999439,2916822678,255,0.119967,0.074078,0.045889,59,44,0,0,3,1,2,2,2,2,0,0,0,4,2,0,Normal,0,1
41828,0.0,arp,-,INT,1,0,46,0,0.0,0,0,0.0,0.0,0,0,60000.796,0.0,10.954523,0.0,0,0,0,0,0.0,0.0,0.0,46,0,0,0,1,2,1,1,1,1,0,0,0,1,1,1,Normal,0,1
41829,0.0,arp,-,INT,1,0,46,0,0.0,0,0,0.0,0.0,0,0,60000.792,0.0,10.954523,0.0,0,0,0,0,0.0,0.0,0.0,46,0,0,0,1,2,1,1,1,1,0,0,0,1,1,1,Normal,0,1
41830,0.603534,tcp,-,FIN,10,6,588,268,24.853613,254,252,7025.288086,2969.178223,2,0,6614.0269,11030.951,655807.4331,24444.2,255,4160078285,3138068445,255,0.183898,0.095723,0.088175,59,45,0,0,4,1,2,2,2,4,0,0,0,2,4,0,Normal,0,1
41831,0.603534,tcp,-,FIN,10,6,588,268,24.853613,254,252,7025.288086,2969.178223,2,0,6614.0269,11030.951,655807.4331,24444.2,255,4160078285,3138068445,255,0.183898,0.095723,0.088175,59,45,0,0,4,1,2,2,2,4,0,0,0,2,4,0,Normal,0,1
41842,2.202126,tcp,-,FIN,112,22,138237,956,60.39618,254,252,497711.75,3316.794678,53,1,19.480135,100.738953,2189.473164,113.815922,255,1300940874,4113873844,255,0.186325,0.086607,0.099718,1234,43,0,0,7,1,1,1,1,1,0,0,0,3,1,0,Normal,0,1
41862,0.0,arp,-,INT,1,0,46,0,0.0,0,0,0.0,0.0,0,0,60000.696,0.0,0.0,0.0,0,0,0,0,0.0,0.0,0.0,46,0,0,0,1,2,1,1,1,1,0,0,0,1,1,1,Normal,0,1
41863,0.0,arp,-,INT,1,0,46,0,0.0,0,0,0.0,0.0,0,0,60000.696,0.0,0.0,0.0,0,0,0,0,0.0,0.0,0.0,46,0,0,0,1,2,1,1,1,1,0,0,0,1,1,1,Normal,0,1
41895,0.0,arp,-,INT,1,0,46,0,0.0,0,0,0.0,0.0,0,0,60000.704,0.0,0.0,0.0,0,0,0,0,0.0,0.0,0.0,46,0,0,0,1,2,1,1,1,1,0,0,0,1,1,1,Normal,0,1
41896,0.0,arp,-,INT,1,0,46,0,0.0,0,0,0.0,0.0,0,0,60000.696,0.0,0.0,0.0,0,0,0,0,0.0,0.0,0.0,46,0,0,0,1,2,1,1,1,1,0,0,0,1,1,1,Normal,0,1
41933,0.0,arp,-,INT,1,0,46,0,0.0,0,0,0.0,0.0,0,0,60000.688,0.0,15.492022,0.0,0,0,0,0,0.0,0.0,0.0,46,0,0,0,2,2,2,2,2,2,0,0,0,2,2,1,Normal,0,1
41934,0.0,arp,-,INT,1,0,46,0,0.0,0,0,0.0,0.0,0,0,60000.74,0.0,0.0,0.0,0,0,0,0,0.0,0.0,0.0,46,0,0,0,1,2,1,1,1,1,0,0,0,1,1,1,Normal,0,1
41935,0.0,arp,-,INT,1,0,46,0,0.0,0,0,0.0,0.0,0,0,60000.748,0.0,10.95452,0.0,0,0,0,0,0.0,0.0,0.0,46,0,0,0,1,2,1,1,1,1,0,0,0,1,1,1,Normal,0,1
41947,1.904202,tcp,-,FIN,112,20,137209,870,68.795223,254,252,571300.75,3474.421387,53,1,17.146505,95.972266,1833.348934,138.43775,255,1442259883,1493970725,255,0.203643,0.080723,0.12292,1225,44,0,0,3,1,1,1,1,1,0,0,0,1,1,0,Normal,0,1
41960,0.0,arp,-,INT,1,0,46,0,0.0,0,0,0.0,0.0,0,0,60000.688,0.0,10.954514,0.0,0,0,0,0,0.0,0.0,0.0,46,0,0,0,2,2,2,2,2,2,0,0,0,2,2,1,Normal,0,1
41961,0.0,arp,-,INT,1,0,46,0,0.0,0,0,0.0,0.0,0,0,60000.688,0.0,10.954514,0.0,0,0,0,0,0.0,0.0,0.0,46,0,0,0,2,2,2,2,2,2,0,0,0,2,2,1,Normal,0,1
41970,0.0,arp,-,INT,1,0,46,0,0.0,0,0,0.0,0.0,0,0,60000.688,0.0,15.492022,0.0,0,0,0,0,0.0,0.0,0.0,46,0,0,0,2,2,2,2,2,2,0,0,0,2,2,1,Normal,0,1
41987,0.0,arp,-,INT,1,0,46,0,0.0,0,0,0.0,0.0,0,0,60000.744,0.0,15.492029,0.0,0,0,0,0,0.0,0.0,0.0,46,0,0,0,1,2,1,1,1,1,0,0,0,1,1,1,Normal,0,1
41990,0.0,arp,-,INT,1,0,46,0,0.0,0,0,0.0,0.0,0,0,60000.744,0.0,0.0,0.0,0,0,0,0,0.0,0.0,0.0,46,0,0,0,1,2,1,1,1,1,0,0,0,1,1,1,Normal,0,1
42030,0.0,arp,-,INT,1,0,46,0,0.0,0,0,0.0,0.0,0,0,60000.688,0.0,10.954514,0.0,0,0,0,0,0.0,0.0,0.0,46,0,0,0,1,2,1,1,1,1,0,0,0,1,1,1,Normal,0,1
42031,0.0,arp,-,INT,1,0,46,0,0.0,0,0,0.0,0.0,0,0,60000.688,0.0,10.954514,0.0,0,0,0,0,0.0,0.0,0.0,46,0,0,0,1,2,1,1,1,1,0,0,0,1,1,1,Normal,0,1
42059,0.0,arp,-,INT,1,0,46,0,0.0,0,0,0.0,0.0,0,0,60000.476,0.0,0.0,0.0,0,0,0,0,0.0,0.0,0.0,46,0,0,0,1,2,1,1,1,1,0,0,0,1,1,1,Normal,0,1
42060,0.0,arp,-,INT,1,0,46,0,0.0,0,0,0.0,0.0,0,0,60000.472,0.0,0.0,0.0,0,0,0,0,0.0,0.0,0.0,46,0,0,0,1,2,1,1,1,1,0,0,0,1,1,1,Normal,0,1
42066,15.865491,tcp,-,FIN,270,48,338046,2190,19.980472,254,252,169824.6875,1081.592773,131,3,58.5668,333.489094,20532.8386,1582.08375,255,3303267248,3736631300,255,0.354652,0.1915,0.163152,1252,46,0,0,2,1,1,1,1,1,0,0,0,1,3,0,Normal,0,1
42101,0.0,arp,-,INT,1,0,46,0,0.0,0,0,0.0,0.0,0,0,60000.724,0.0,10.954518,0.0,0,0,0,0,0.0,0.0,0.0,46,0,0,0,2,2,2,2,2,2,0,0,0,2,2,1,Normal,0,1
42103,0.0,arp,-,INT,1,0,46,0,0.0,0,0,0.0,0.0,0,0,60000.724,0.0,10.954518,0.0,0,0,0,0,0.0,0.0,0.0,46,0,0,0,2,2,2,2,2,2,0,0,0,2,2,1,Normal,0,1
42107,0.0,arp,-,INT,1,0,46,0,0.0,0,0,0.0,0.0,0,0,60000.68,0.0,15.492021,0.0,0,0,0,0,0.0,0.0,0.0,46,0,0,0,2,2,2,2,2,2,0,0,0,2,2,1,Normal,0,1
42109,0.0,arp,-,INT,1,0,46,0,0.0,0,0,0.0,0.0,0,0,60000.68,0.0,15.492021,0.0,0,0,0,0,0.0,0.0,0.0,46,0,0,0,2,2,2,2,2,2,0,0,0,2,2,1,Normal,0,1
42116,0.0,arp,-,INT,1,0,46,0,0.0,0,0,0.0,0.0,0,0,60000.728,0.0,15.492027,0.0,0,0,0,0,0.0,0.0,0.0,46,0,0,0,2,2,2,2,2,2,0,0,0,2,2,1,Normal,0,1
42134,0.0,arp,-,INT,1,0,46,0,0.0,0,0,0.0,0.0,0,0,60000.728,0.0,15.492027,0.0,0,0,0,0,0.0,0.0,0.0,46,0,0,0,2,2,2,2,2,2,0,0,0,2,2,1,Normal,0,1
42238,0.0,arp,-,INT,1,0,46,0,0.0,0,0,0.0,0.0,0,0,60000.64,0.0,10.95451,0.0,0,0,0,0,0.0,0.0,0.0,46,0,0,0,1,2,1,1,1,1,0,0,0,1,1,1,Normal,0,1
42239,0.0,arp,-,INT,1,0,46,0,0.0,0,0,0.0,0.0,0,0,60000.64,0.0,15.492017,0.0,0,0,0,0,0.0,0.0,0.0,46,0,0,0,1,2,1,1,1,1,0,0,0,1,1,1,Normal,0,1
42248,0.0,arp,-,INT,1,0,46,0,0.0,0,0,0.0,0.0,0,0,60000.72,0.0,15.492026,0.0,0,0,0,0,0.0,0.0,0.0,46,0,0,0,1,2,1,1,1,1,0,0,0,1,1,1,Normal,0,1
42249,0.0,arp,-,INT,1,0,46,0,0.0,0,0,0.0,0.0,0,0,60000.76,0.0,0.0,0.0,0,0,0,0,0.0,0.0,0.0,46,0,0,0,1,2,1,1,1,1,0,0,0,1,1,1,Normal,0,1
42258,0.0,arp,-,INT,1,0,46,0,0.0,0,0,0.0,0.0,0,0,60000.76,0.0,0.0,0.0,0,0,0,0,0.0,0.0,0.0,46,0,0,0,1,2,1,1,1,1,0,0,0,1,1,1,Normal,0,1
42259,0.0,arp,-,INT,1,0,46,0,0.0,0,0,0.0,0.0,0,0,60000.8,0.0,0.0,0.0,0,0,0,0,0.0,0.0,0.0,46,0,0,0,1,2,1,1,1,1,0,0,0,1,1,1,Normal,0,1
42260,0.0,arp,-,INT,1,0,46,0,0.0,0,0,0.0,0.0,0,0,60000.664,0.0,10.954512,0.0,0,0,0,0,0.0,0.0,0.0,46,0,0,0,1,2,1,1,1,1,0,0,0,1,1,1,Normal,0,1
42261,0.0,arp,-,INT,1,0,46,0,0.0,0,0,0.0,0.0,0,0,60000.656,0.0,15.492019,0.0,0,0,0,0,0.0,0.0,0.0,46,0,0,0,1,2,1,1,1,1,0,0,0,1,1,1,Normal,0,1
42263,0.0,arp,-,INT,1,0,46,0,0.0,0,0,0.0,0.0,0,0,60000.048,0.0,15.491939,0.0,0,0,0,0,0.0,0.0,0.0,46,0,0,0,1,2,1,1,1,1,0,0,0,1,1,1,Normal,0,1
42264,0.0,arp,-,INT,1,0,46,0,0.0,0,0,0.0,0.0,0,0,60000.052,0.0,0.0,0.0,0,0,0,0,0.0,0.0,0.0,46,0,0,0,1,2,1,1,1,1,0,0,0,1,1,1,Normal,0,1
42277,0.0,arp,-,INT,1,0,46,0,0.0,0,0,0.0,0.0,0,0,60000.924,0.0,0.0,0.0,0,0,0,0,0.0,0.0,0.0,46,0,0,0,1,2,1,1,1,1,0,0,0,1,1,1,Normal,0,1
42278,0.0,arp,-,INT,1,0,46,0,0.0,0,0,0.0,0.0,0,0,60000.924,0.0,0.0,0.0,0,0,0,0,0.0,0.0,0.0,46,0,0,0,1,2,1,1,1,1,0,0,0,1,1,1,Normal,0,1
42330,0.0,arp,-,INT,1,0,46,0,0.0,0,0,0.0,0.0,0,0,60000.736,0.0,0.0,0.0,0,0,0,0,0.0,0.0,0.0,46,0,0,0,1,2,1,1,1,1,0,0,0,1,1,1,Normal,0,1
42331,0.0,arp,-,INT,1,0,46,0,0.0,0,0,0.0,0.0,0,0,60000.752,0.0,0.0,0.0,0,0,0,0,0.0,0.0,0.0,46,0,0,0,1,2,1,1,1,1,0,0,0,1,1,1,Normal,0,1
42340,0.0,arp,-,INT,1,0,46,0,0.0,0,0,0.0,0.0,0,0,60000.712,0.0,0.0,0.0,0,0,0,0,0.0,0.0,0.0,46,0,0,0,1,2,1,1,1,1,0,0,0,1,1,1,Normal,0,1
42380,36.332821,tcp,-,FIN,20,12,1176,536,0.853223,254,252,246.16861,108.331802,4,1,1910.698316,3299.65975,250574.1696,9885.297,255,1138734605,3628068571,255,0.114029,0.03656,0.077469,59,45,0,0,5,1,1,1,1,2,0,0,0,1,2,0,Normal,0,1
42381,36.332821,tcp,-,FIN,20,12,1176,536,0.853223,254,252,246.16861,108.331802,4,1,1910.698316,3299.65975,250574.1696,9885.297,255,1138734605,3628068571,255,0.114029,0.03656,0.077469,59,45,0,0,7,1,1,1,1,2,0,0,0,1,2,0,Normal,0,1
42407,0.556954,tcp,-,FIN,10,6,534,268,26.932205,254,252,6909.008301,3217.500732,2,0,10950.899,18247.334,1089480.508,40623.964,255,4002340070,469149765,255,0.233835,0.151529,0.082306,53,45,0,0,4,1,2,2,2,2,0,0,0,3,2,0,Normal,0,1
42408,0.556954,tcp,-,FIN,10,6,534,268,26.932205,254,252,6909.008301,3217.500732,2,0,10950.899,18247.334,1089480.508,40623.964,255,4002340070,469149765,255,0.233835,0.151529,0.082306,53,45,0,0,4,1,2,2,2,2,0,0,0,3,2,0,Normal,0,1
42412,0.0,arp,-,INT,1,0,46,0,0.0,0,0,0.0,0.0,0,0,60000.692,0.0,10.954515,0.0,0,0,0,0,0.0,0.0,0.0,46,0,0,0,1,2,1,1,1,1,0,0,0,1,1,1,Normal,0,1
42413,0.0,arp,-,INT,1,0,46,0,0.0,0,0,0.0,0.0,0,0,60000.716,0.0,0.0,0.0,0,0,0,0,0.0,0.0,0.0,46,0,0,0,1,2,1,1,1,1,0,0,0,1,1,1,Normal,0,1
42484,13.951918,tcp,-,FIN,270,52,338040,2362,23.00759,254,252,193113.5313,1328.562866,131,3,51.985044,272.034219,16887.64733,1243.422125,255,2618139824,882712588,255,0.139696,0.07817,0.061526,1252,45,0,0,2,1,1,1,1,1,0,0,0,1,1,0,Normal,0,1
42504,0.0,arp,-,INT,1,0,46,0,0.0,0,0,0.0,0.0,0,0,60000.668,0.0,0.0,0.0,0,0,0,0,0.0,0.0,0.0,46,0,0,0,1,2,1,1,1,1,0,0,0,1,1,1,Normal,0,1
42505,0.0,arp,-,INT,1,0,46,0,0.0,0,0,0.0,0.0,0,0,60000.672,0.0,0.0,0.0,0,0,0,0,0.0,0.0,0.0,46,0,0,0,1,2,1,1,1,1,0,0,0,1,1,1,Normal,0,1
42518,34.500889,tcp,-,FIN,48,26,22972,1370,2.115888,254,252,5215.865723,305.615326,49,7,734.061406,1375.307625,141831.041,6012.5395,255,2319847118,2379931504,255,0.2069,0.104082,0.102818,479,53,0,0,4,1,3,2,2,4,0,0,0,2,5,0,Normal,0,1
42519,34.500889,tcp,-,FIN,48,26,22972,1370,2.115888,254,252,5215.865723,305.615326,49,7,734.061406,1375.307625,141831.041,6012.5395,255,2319847118,2379931504,255,0.2069,0.104082,0.102818,479,53,0,0,4,1,3,2,2,4,0,0,0,2,5,0,Normal,0,1
42535,0.583991,tcp,-,FIN,10,6,534,268,25.685328,254,252,6589.142578,3068.540527,2,0,6968.4489,11612.536,691202.9939,25750.468,255,2981519884,1740011318,255,0.137498,0.068843,0.068655,53,45,0,0,3,1,3,3,3,3,0,0,0,6,3,0,Normal,0,1
42536,0.583991,tcp,-,FIN,10,6,534,268,25.685328,254,252,6589.142578,3068.540527,2,0,6968.4489,11612.536,691202.9939,25750.468,255,2981519884,1740011318,255,0.137498,0.068843,0.068655,53,45,0,0,3,1,3,3,3,3,0,0,0,6,3,0,Normal,0,1
42537,0.583991,tcp,-,FIN,10,6,534,268,25.685328,254,252,6589.142578,3068.540527,2,0,6968.4489,11612.536,691202.9939,25750.468,255,2981519884,1740011318,255,0.137498,0.068843,0.068655,53,45,0,0,3,1,3,3,3,3,0,0,0,6,3,0,Normal,0,1
42541,0.54471,tcp,-,FIN,10,6,534,268,27.53759,254,252,7064.30957,3289.823975,1,0,6737.4934,11244.416,668690.711,24951.58,255,160198615,2824144497,255,0.128479,0.064636,0.063843,53,45,0,0,5,1,4,4,2,5,0,0,0,7,5,0,Normal,0,1
42544,0.54471,tcp,-,FIN,10,6,534,268,27.53759,254,252,7064.30957,3289.823975,1,0,6737.4934,11244.416,668690.711,24951.58,255,160198615,2824144497,255,0.128479,0.064636,0.063843,53,45,0,0,5,1,4,4,2,5,0,0,0,7,5,0,Normal,0,1
42580,0.0,arp,-,INT,1,0,46,0,0.0,0,0,0.0,0.0,0,0,60000.744,0.0,0.0,0.0,0,0,0,0,0.0,0.0,0.0,46,0,0,0,1,2,1,1,1,1,0,0,0,1,1,1,Normal,0,1
42581,0.0,arp,-,INT,1,0,46,0,0.0,0,0,0.0,0.0,0,0,60000.74,0.0,10.954519,0.0,0,0,0,0,0.0,0.0,0.0,46,0,0,0,1,2,1,1,1,1,0,0,0,1,1,1,Normal,0,1
42608,0.0,arp,-,INT,1,0,46,0,0.0,0,0,0.0,0.0,0,0,60000.736,0.0,15.492028,0.0,0,0,0,0,0.0,0.0,0.0,46,0,0,0,2,2,2,2,2,2,0,0,0,2,2,1,Normal,0,1
42613,0.0,arp,-,INT,1,0,46,0,0.0,0,0,0.0,0.0,0,0,60000.736,0.0,15.492028,0.0,0,0,0,0,0.0,0.0,0.0,46,0,0,0,2,2,2,2,2,2,0,0,0,2,2,1,Normal,0,1
42666,40.676441,tcp,-,FIN,20,12,1068,536,0.762112,254,252,199.624146,96.763626,4,1,2139.187526,3691.6,286720.6584,11358.246,255,1707766685,1740011318,255,0.137498,0.068843,0.068655,53,45,0,0,6,1,2,2,2,6,0,0,0,2,6,0,Normal,0,1
42667,40.676441,tcp,-,FIN,20,12,1068,536,0.762112,254,252,199.624146,96.763626,4,1,2139.187526,3691.6,286720.6584,11358.246,255,1707766685,1740011318,255,0.137498,0.068843,0.068655,53,45,0,0,6,1,2,2,2,6,0,0,0,2,6,0,Normal,0,1
42668,40.676441,tcp,-,FIN,20,12,1068,536,0.762112,254,252,199.624146,96.763626,4,1,2139.187526,3691.6,286720.6584,11358.246,255,1707766685,1740011318,255,0.137498,0.068843,0.068655,53,45,0,0,4,1,2,1,1,3,0,0,0,2,3,0,Normal,0,1
42697,0.0,arp,-,INT,1,0,46,0,0.0,0,0,0.0,0.0,0,0,60000.724,0.0,10.954518,0.0,0,0,0,0,0.0,0.0,0.0,46,0,0,0,1,2,1,1,1,1,0,0,0,1,1,1,Normal,0,1
42746,0.0,arp,-,INT,1,0,46,0,0.0,0,0,0.0,0.0,0,0,60000.656,0.0,15.492019,0.0,0,0,0,0,0.0,0.0,0.0,46,0,0,0,2,2,2,2,2,2,0,0,0,2,2,1,Normal,0,1
42748,0.0,arp,-,INT,1,0,46,0,0.0,0,0,0.0,0.0,0,0,60000.708,0.0,10.954516,0.0,0,0,0,0,0.0,0.0,0.0,46,0,0,0,2,2,2,2,2,2,0,0,0,2,2,1,Normal,0,1
42750,0.0,arp,-,INT,1,0,46,0,0.0,0,0,0.0,0.0,0,0,60000.656,0.0,0.0,0.0,0,0,0,0,0.0,0.0,0.0,46,0,0,0,2,2,2,2,2,2,0,0,0,2,2,1,Normal,0,1
42751,0.0,arp,-,INT,1,0,46,0,0.0,0,0,0.0,0.0,0,0,60000.708,0.0,10.954516,0.0,0,0,0,0,0.0,0.0,0.0,46,0,0,0,2,2,2,2,2,2,0,0,0,2,2,1,Normal,0,1
42756,0.0,arp,-,INT,1,0,46,0,0.0,0,0,0.0,0.0,0,0,60000.656,0.0,15.492019,0.0,0,0,0,0,0.0,0.0,0.0,46,0,0,0,2,2,2,2,2,2,0,0,0,2,2,1,Normal,0,1
42761,0.0,arp,-,INT,1,0,46,0,0.0,0,0,0.0,0.0,0,0,60000.656,0.0,0.0,0.0,0,0,0,0,0.0,0.0,0.0,46,0,0,0,2,2,2,2,2,2,0,0,0,2,2,1,Normal,0,1
42784,0.0,arp,-,INT,1,0,46,0,0.0,0,0,0.0,0.0,0,0,60000.696,0.0,15.492023,0.0,0,0,0,0,0.0,0.0,0.0,46,0,0,0,1,2,1,1,1,1,0,0,0,1,1,1,Normal,0,1
42785,0.0,arp,-,INT,1,0,46,0,0.0,0,0,0.0,0.0,0,0,60000.7,0.0,0.0,0.0,0,0,0,0,0.0,0.0,0.0,46,0,0,0,1,2,1,1,1,1,0,0,0,1,1,1,Normal,0,1
42798,0.921485,tcp,-,FIN,16,10,2156,556,27.130121,254,252,17554.27344,4349.500977,4,2,6370.673188,10193.773,798714.648,30292.162,255,421369768,145382717,255,0.143129,0.109039,0.03409,135,56,0,0,6,1,3,3,2,6,0,0,0,3,6,0,Normal,0,1
42800,0.921485,tcp,-,FIN,16,10,2156,556,27.130121,254,252,17554.27344,4349.500977,4,2,6370.673188,10193.773,798714.648,30292.162,255,421369768,145382717,255,0.143129,0.109039,0.03409,135,56,0,0,6,1,3,3,2,6,0,0,0,3,6,0,Normal,0,1
42811,0.665396,tcp,-,FIN,16,10,2152,556,37.571613,254,252,24262.24414,6023.480957,8,4,6091.161189,9740.707,765196.5725,29045.654,255,3866830159,2558452308,255,0.077846,0.054805,0.023041,135,56,0,0,4,1,2,2,2,4,0,0,0,2,4,0,Normal,0,1
42812,0.665396,tcp,-,FIN,16,10,2152,556,37.571613,254,252,24262.24414,6023.480957,8,4,6091.161189,9740.707,765196.5725,29045.654,255,3866830159,2558452308,255,0.077846,0.054805,0.023041,135,56,0,0,4,1,2,2,2,4,0,0,0,2,4,0,Normal,0,1
42880,0.0,arp,-,INT,1,0,46,0,0.0,0,0,0.0,0.0,0,0,60000.696,0.0,15.492023,0.0,0,0,0,0,0.0,0.0,0.0,46,0,0,0,1,2,1,1,1,1,0,0,0,1,1,1,Normal,0,1
42881,0.0,arp,-,INT,1,0,46,0,0.0,0,0,0.0,0.0,0,0,60000.696,0.0,0.0,0.0,0,0,0,0,0.0,0.0,0.0,46,0,0,0,1,2,1,1,1,1,0,0,0,1,1,1,Normal,0,1
42888,47.11581,tcp,-,FIN,32,22,1874,1198,1.124888,254,252,308.346588,194.244781,13,7,1518.600485,2239.71575,257094.3677,9630.884,255,1875518881,58997608,255,0.125187,0.081776,0.043411,59,54,0,0,7,1,2,2,2,8,0,0,0,2,7,0,Normal,0,1
42889,47.11581,tcp,-,FIN,32,22,1874,1198,1.124888,254,252,308.346588,194.244781,13,7,1518.600485,2239.71575,257094.3677,9630.884,255,1875518881,58997608,255,0.125187,0.081776,0.043411,59,54,0,0,7,1,2,2,2,8,0,0,0,2,7,0,Normal,0,1
42914,0.0,arp,-,INT,1,0,46,0,0.0,0,0,0.0,0.0,0,0,60000.704,0.0,0.0,0.0,0,0,0,0,0.0,0.0,0.0,46,0,0,0,1,2,1,1,1,1,0,0,0,1,1,1,Normal,0,1
42915,0.0,arp,-,INT,1,0,46,0,0.0,0,0,0.0,0.0,0,0,60000.704,0.0,10.954516,0.0,0,0,0,0,0.0,0.0,0.0,46,0,0,0,1,2,1,1,1,1,0,0,0,1,1,1,Normal,0,1
42919,1.797701,tcp,ftp,FIN,64,20,68216,1026,46.170081,254,252,298830.5625,4338.875,29,4,28.519016,89.617,2637.400558,115.901898,255,4130525660,948464645,255,0.184934,0.094969,0.089965,1066,51,0,0,2,1,1,1,1,2,1,1,0,1,2,0,Normal,0,1
42923,1.159826,tcp,ftp,FIN,64,20,68216,1026,71.562456,254,252,463179.8125,6725.146484,29,4,18.149873,57.886684,1626.330447,64.72441,255,3257749787,3238539954,255,0.122296,0.059975,0.062321,1066,51,0,0,3,1,1,1,1,3,1,1,0,1,3,0,Normal,0,1
42926,1.074383,tcp,ftp,FIN,64,20,68216,1026,77.253641,254,252,500015.3438,7259.980469,29,4,16.676333,54.700367,1497.259774,64.57152,255,111490262,1768562868,255,0.087765,0.035066,0.052699,1066,51,0,0,3,1,1,1,1,3,1,1,0,1,3,0,Normal,0,1
42927,1.362593,tcp,ftp,FIN,64,20,68216,1026,60.913271,254,252,394254.1875,5724.379883,29,4,21.613302,67.733633,2077.265268,100.787375,255,2918189723,36125015,255,0.187281,0.07565,0.111631,1066,51,0,0,3,1,1,1,1,3,1,1,0,1,3,0,Normal,0,1
42953,0.0,arp,-,INT,1,0,46,0,0.0,0,0,0.0,0.0,0,0,60000.684,0.0,10.954514,0.0,0,0,0,0,0.0,0.0,0.0,46,0,0,0,2,2,2,2,2,2,0,0,0,2,2,1,Normal,0,1
42958,0.0,arp,-,INT,1,0,46,0,0.0,0,0,0.0,0.0,0,0,60000.684,0.0,10.954514,0.0,0,0,0,0,0.0,0.0,0.0,46,0,0,0,2,2,2,2,2,2,0,0,0,2,2,1,Normal,0,1
42990,0.0,arp,-,INT,1,0,46,0,0.0,0,0,0.0,0.0,0,0,60000.784,0.0,15.492035,0.0,0,0,0,0,0.0,0.0,0.0,46,0,0,0,1,2,1,1,1,1,0,0,0,1,1,1,Normal,0,1
42991,0.0,arp,-,INT,1,0,46,0,0.0,0,0,0.0,0.0,0,0,60000.792,0.0,0.0,0.0,0,0,0,0,0.0,0.0,0.0,46,0,0,0,1,2,1,1,1,1,0,0,0,1,1,1,Normal,0,1
43019,59.991375,arp,-,INT,2,0,92,0,0.016669,0,0,6.134215,0.0,0,0,59996.064,0.0,16.185808,0.0,0,0,0,0,0.0,0.0,0.0,46,0,0,0,1,2,1,1,1,1,0,0,0,1,1,1,Normal,0,1
43020,59.991352,arp,-,INT,2,0,92,0,0.016669,0,0,6.134217,0.0,0,0,59996.064,0.0,9.066627,0.0,0,0,0,0,0.0,0.0,0.0,46,0,0,0,1,2,1,1,1,1,0,0,0,1,1,1,Normal,0,1
43129,18.884228,udp,-,INT,4,0,2128,0,0.158863,254,0,676.119812,0.0,0,0,6294.7425,0.0,8902.104,0.0,0,0,0,0,0.0,0.0,0.0,532,0,0,0,32,2,7,7,1,32,0,0,0,7,32,0,Normal,0,1
43149,0.0,arp,-,INT,1,0,46,0,0.0,0,0,0.0,0.0,0,0,60000.712,0.0,15.492025,0.0,0,0,0,0,0.0,0.0,0.0,46,0,0,0,2,2,2,2,2,2,0,0,0,2,2,1,Normal,0,1
43151,0.0,arp,-,INT,1,0,46,0,0.0,0,0,0.0,0.0,0,0,60000.72,0.0,15.492026,0.0,0,0,0,0,0.0,0.0,0.0,46,0,0,0,2,2,2,2,2,2,0,0,0,2,2,1,Normal,0,1
43152,0.0,arp,-,INT,1,0,46,0,0.0,0,0,0.0,0.0,0,0,60000.712,0.0,15.492025,0.0,0,0,0,0,0.0,0.0,0.0,46,0,0,0,2,2,2,2,2,2,0,0,0,2,2,1,Normal,0,1
43153,0.0,arp,-,INT,1,0,46,0,0.0,0,0,0.0,0.0,0,0,60000.72,0.0,15.492026,0.0,0,0,0,0,0.0,0.0,0.0,46,0,0,0,2,2,2,2,2,2,0,0,0,2,2,1,Normal,0,1
43154,0.0,arp,-,INT,1,0,46,0,0.0,0,0,0.0,0.0,0,0,60000.64,0.0,0.0,0.0,0,0,0,0,0.0,0.0,0.0,46,0,0,0,2,2,2,2,2,2,0,0,0,2,2,1,Normal,0,1
43157,0.0,arp,-,INT,1,0,46,0,0.0,0,0,0.0,0.0,0,0,60000.648,0.0,0.0,0.0,0,0,0,0,0.0,0.0,0.0,46,0,0,0,2,2,2,2,2,2,0,0,0,2,2,1,Normal,0,1
43160,0.0,arp,-,INT,1,0,46,0,0.0,0,0,0.0,0.0,0,0,60000.64,0.0,0.0,0.0,0,0,0,0,0.0,0.0,0.0,46,0,0,0,2,2,2,2,2,2,0,0,0,2,2,1,Normal,0,1
43163,0.0,arp,-,INT,1,0,46,0,0.0,0,0,0.0,0.0,0,0,60000.648,0.0,0.0,0.0,0,0,0,0,0.0,0.0,0.0,46,0,0,0,2,2,2,2,2,2,0,0,0,2,2,1,Normal,0,1
43248,0.0,arp,-,INT,1,0,46,0,0.0,0,0,0.0,0.0,0,0,60000.66,0.0,10.954512,0.0,0,0,0,0,0.0,0.0,0.0,46,0,0,0,1,2,1,1,1,1,0,0,0,1,1,1,Normal,0,1
43249,0.0,arp,-,INT,1,0,46,0,0.0,0,0,0.0,0.0,0,0,60000.656,0.0,0.0,0.0,0,0,0,0,0.0,0.0,0.0,46,0,0,0,1,2,1,1,1,1,0,0,0,1,1,1,Normal,0,1
43250,0.0,arp,-,INT,1,0,46,0,0.0,0,0,0.0,0.0,0,0,60000.82,0.0,0.0,0.0,0,0,0,0,0.0,0.0,0.0,46,0,0,0,1,2,1,1,1,1,0,0,0,1,1,1,Normal,0,1
43251,0.0,arp,-,INT,1,0,46,0,0.0,0,0,0.0,0.0,0,0,60000.808,0.0,0.0,0.0,0,0,0,0,0.0,0.0,0.0,46,0,0,0,1,2,1,1,1,1,0,0,0,1,1,1,Normal,0,1
43252,0.0,arp,-,INT,1,0,46,0,0.0,0,0,0.0,0.0,0,0,60000.712,0.0,0.0,0.0,0,0,0,0,0.0,0.0,0.0,46,0,0,0,1,2,1,1,1,1,0,0,0,1,1,1,Normal,0,1
43253,0.0,arp,-,INT,1,0,46,0,0.0,0,0,0.0,0.0,0,0,60000.696,0.0,0.0,0.0,0,0,0,0,0.0,0.0,0.0,46,0,0,0,1,2,1,1,1,1,0,0,0,1,1,1,Normal,0,1
43260,0.0,arp,-,INT,1,0,46,0,0.0,0,0,0.0,0.0,0,0,60000.696,0.0,15.492023,0.0,0,0,0,0,0.0,0.0,0.0,46,0,0,0,1,2,1,1,1,1,0,0,0,1,1,1,Normal,0,1
43261,0.0,arp,-,INT,1,0,46,0,0.0,0,0,0.0,0.0,0,0,60000.708,0.0,0.0,0.0,0,0,0,0,0.0,0.0,0.0,46,0,0,0,1,2,1,1,1,1,0,0,0,1,1,1,Normal,0,1
43306,0.0,arp,-,INT,1,0,46,0,0.0,0,0,0.0,0.0,0,0,60000.672,0.0,10.954513,0.0,0,0,0,0,0.0,0.0,0.0,46,0,0,0,1,2,1,1,1,1,0,0,0,1,1,1,Normal,0,1
43307,0.0,arp,-,INT,1,0,46,0,0.0,0,0,0.0,0.0,0,0,60000.672,0.0,10.954513,0.0,0,0,0,0,0.0,0.0,0.0,46,0,0,0,1,2,1,1,1,1,0,0,0,1,1,1,Normal,0,1
43335,0.0,arp,-,INT,1,0,46,0,0.0,0,0,0.0,0.0,0,0,60000.716,0.0,0.0,0.0,0,0,0,0,0.0,0.0,0.0,46,0,0,0,1,2,1,1,1,1,0,0,0,1,1,1,Normal,0,1
43336,0.0,arp,-,INT,1,0,46,0,0.0,0,0,0.0,0.0,0,0,60000.708,0.0,0.0,0.0,0,0,0,0,0.0,0.0,0.0,46,0,0,0,1,2,1,1,1,1,0,0,0,1,1,1,Normal,0,1
43337,0.0,arp,-,INT,1,0,46,0,0.0,0,0,0.0,0.0,0,0,60000.712,0.0,15.492025,0.0,0,0,0,0,0.0,0.0,0.0,46,0,0,0,1,2,1,1,1,1,0,0,0,1,1,1,Normal,0,1
43355,0.0,arp,-,INT,1,0,46,0,0.0,0,0,0.0,0.0,0,0,60000.72,0.0,10.954517,0.0,0,0,0,0,0.0,0.0,0.0,46,0,0,0,1,2,1,1,1,1,0,0,0,1,1,1,Normal,0,1
43382,0.0,arp,-,INT,1,0,46,0,0.0,0,0,0.0,0.0,0,0,60001.388,0.0,0.0,0.0,0,0,0,0,0.0,0.0,0.0,46,0,0,0,1,2,1,1,1,1,0,0,0,1,1,1,Normal,0,1
43383,0.0,arp,-,INT,1,0,46,0,0.0,0,0,0.0,0.0,0,0,60001.372,0.0,0.0,0.0,0,0,0,0,0.0,0.0,0.0,46,0,0,0,1,2,1,1,1,1,0,0,0,1,1,1,Normal,0,1
43390,0.0,arp,-,INT,1,0,46,0,0.0,0,0,0.0,0.0,0,0,60000.708,0.0,0.0,0.0,0,0,0,0,0.0,0.0,0.0,46,0,0,0,1,2,1,1,1,1,0,0,0,1,1,1,Normal,0,1
43425,0.0,arp,-,INT,1,0,46,0,0.0,0,0,0.0,0.0,0,0,60000.68,0.0,15.492021,0.0,0,0,0,0,0.0,0.0,0.0,46,0,0,0,1,2,1,1,1,1,0,0,0,1,1,1,Normal,0,1
43426,0.0,arp,-,INT,1,0,46,0,0.0,0,0,0.0,0.0,0,0,60000.684,0.0,0.0,0.0,0,0,0,0,0.0,0.0,0.0,46,0,0,0,1,2,1,1,1,1,0,0,0,1,1,1,Normal,0,1
43428,0.0,arp,-,INT,1,0,46,0,0.0,0,0,0.0,0.0,0,0,60000.736,0.0,10.954519,0.0,0,0,0,0,0.0,0.0,0.0,46,0,0,0,1,2,2,1,2,1,0,0,0,1,2,1,Normal,0,1
43429,0.0,arp,-,INT,1,0,46,0,0.0,0,0,0.0,0.0,0,0,60000.736,0.0,0.0,0.0,0,0,0,0,0.0,0.0,0.0,46,0,0,0,1,2,1,1,1,1,0,0,0,1,1,1,Normal,0,1
43430,0.0,arp,-,INT,1,0,46,0,0.0,0,0,0.0,0.0,0,0,60000.728,0.0,15.492027,0.0,0,0,0,0,0.0,0.0,0.0,46,0,0,0,1,2,1,1,1,1,0,0,0,1,1,1,Normal,0,1
43432,0.0,arp,-,INT,1,0,46,0,0.0,0,0,0.0,0.0,0,0,60000.736,0.0,15.492028,0.0,0,0,0,0,0.0,0.0,0.0,46,0,0,0,1,2,1,1,1,1,0,0,0,1,1,1,Normal,0,1
43433,0.0,arp,-,INT,1,0,46,0,0.0,0,0,0.0,0.0,0,0,60000.744,0.0,0.0,0.0,0,0,0,0,0.0,0.0,0.0,46,0,0,0,1,2,1,1,1,1,0,0,0,1,1,1,Normal,0,1
43645,5.857353,tcp,-,FIN,366,70,489078,3036,74.265626,254,252,666160.25,4087.853271,180,2,15.900066,82.968289,1868.110479,98.632625,255,740173041,1588109338,255,0.225308,0.132538,0.09277,1336,43,0,0,3,1,1,1,1,1,0,0,0,2,1,0,Exploits,1,1
43673,0.575686,tcp,http,FIN,24,112,2326,138999,234.502846,62,252,30989.11719,1914349.25,2,54,25.029827,4.692351,1178.89686,544.705458,255,254500068,2316887441,255,0.063208,0.054551,0.008657,97,1241,1,66861,3,1,1,1,1,1,0,0,1,1,1,0,Generic,1,1
43677,4.719717,tcp,http,FIN,64,352,3090,473757,87.929,62,252,5156.241211,800746.3125,2,174,74.901412,13.0611,3517.430061,1510.870439,255,2724793443,3764494262,255,0.207006,0.135257,0.071749,48,1346,1,229574,2,1,1,1,1,1,0,0,1,1,1,0,Exploits,1,1
43698,1.604874,tcp,smtp,FIN,158,40,186572,2732,122.751068,62,252,924144.8125,13279.54688,76,8,10.222127,40.143719,1019.10445,50.267266,255,2739124327,4286823914,255,0.097325,0.038615,0.05871,1181,68,0,0,1,1,2,1,1,1,0,0,0,3,1,0,Exploits,1,1
43709,5.887725,tcp,http,FIN,38,118,3390,154478,26.325958,62,252,4485.26416,208119.7813,8,56,159.127701,49.340366,12568.55866,7866.256594,255,2344325972,1286979061,255,0.254188,0.114208,0.13998,89,1309,1,109,1,1,2,1,1,1,0,0,1,2,2,0,Exploits,1,1
43740,2.788974,tcp,pop3,FIN,78,416,3470,538277,176.767511,62,252,9827.269531,1540305.5,7,206,36.220443,6.696039,1787.25801,728.769024,255,828504657,3589115143,255,0.049865,0.005702,0.044163,44,1294,0,0,1,1,1,1,1,1,0,0,0,1,1,0,Exploits,1,1
43741,2.788974,tcp,pop3,FIN,78,416,3470,538277,176.767511,62,252,9827.269531,1540305.5,7,206,36.220443,6.696039,1787.25801,728.769024,255,828504657,3589115143,255,0.049865,0.005702,0.044163,44,1294,0,0,1,1,1,1,1,1,0,0,0,1,1,0,Exploits,1,1
43779,4.373165,tcp,http,FIN,130,826,5932,1087989,218.377301,62,252,10769.31641,1987891.125,2,411,33.900504,5.244023,1789.944568,695.775562,255,1458394508,40479250,255,0.091531,0.046192,0.045339,46,1317,1,0,1,1,1,1,1,1,0,0,1,1,1,0,Exploits,1,1
43781,1.259073,tcp,smtp,FIN,252,54,308887,3276,242.241709,62,252,1954847.75,20434.08008,123,8,5.016227,23.377264,625.876804,36.309301,255,2794249754,3363847520,255,0.043961,0.015825,0.028136,1226,61,0,0,1,1,1,1,1,1,0,0,0,1,1,0,Exploits,1,1
43788,0.72199,tcp,-,FIN,10,6,738,268,20.775911,254,252,7368.523438,2482.028809,2,0,10697.8863,17835.314,1062987.736,39604.716,255,1963391926,4269063687,255,0.124275,0.065022,0.059253,74,45,0,0,6,1,2,2,2,2,0,0,0,2,7,0,Fuzzers,1,1
43794,0.72199,tcp,-,FIN,10,6,738,268,20.775911,254,252,7368.523438,2482.028809,2,0,10697.8863,17835.314,1062987.736,39604.716,255,1963391926,4269063687,255,0.124275,0.065022,0.059253,74,45,0,0,6,1,2,2,2,2,0,0,0,2,7,0,Fuzzers,1,1
43815,59.86158,tcp,smtp,CON,4132,682,5539931,30056,80.402155,62,252,740186.4375,4010.853027,2065,6,14.483139,87.823656,1796.537236,110.987172,255,1097695913,2596380872,255,0.159825,0.053634,0.106191,1341,44,0,0,1,3,1,1,1,1,0,0,0,2,1,0,Exploits,1,1
43828,7.622637,tcp,http,FIN,76,358,3770,474851,56.804491,62,252,3905.210449,496967.125,2,177,101.635024,21.074872,4948.582425,2423.221489,255,3551327932,3227371624,255,0.256003,0.098905,0.157098,50,1326,1,0,2,1,1,1,1,1,0,0,1,1,2,0,DoS,1,1
43861,1.309979,tcp,-,FIN,10,8,610,354,12.977308,254,252,3352.725586,1893.160156,2,0,8492.6601,10614.247,836161.1709,27627.45,255,2589402873,594932026,255,0.125533,0.066429,0.059104,61,44,0,0,6,1,2,2,2,2,0,0,0,2,5,0,Fuzzers,1,1
43862,1.309979,tcp,-,FIN,10,8,610,354,12.977308,254,252,3352.725586,1893.160156,2,0,8492.6601,10614.247,836161.1709,27627.45,255,2589402873,594932026,255,0.125533,0.066429,0.059104,61,44,0,0,6,1,2,2,2,2,0,0,0,2,5,0,Fuzzers,1,1
43895,1.879737,tcp,smtp,FIN,232,50,283028,3010,149.488996,62,252,1199355.0,12554.94727,113,8,8.13684,37.897836,905.500016,47.251016,255,53127730,1353736385,255,0.037099,0.02274,0.014359,1220,60,0,0,1,1,1,1,1,1,0,0,0,1,1,0,Exploits,1,1
43896,1.879737,tcp,smtp,FIN,232,50,283028,3010,149.488996,62,252,1199355.0,12554.94727,113,8,8.13684,37.897836,905.500016,47.251016,255,53127730,1353736385,255,0.037099,0.02274,0.014359,1220,60,0,0,1,1,1,1,1,1,0,0,0,1,1,0,Exploits,1,1
43903,7.374216,tcp,pop3,FIN,72,334,3182,434171,54.921092,62,252,3404.293945,469605.9688,7,165,103.862196,21.602021,5194.485476,2363.497415,255,2284832071,2004164337,255,0.319153,0.148934,0.170219,44,1300,0,0,1,1,1,1,1,1,0,0,0,2,1,0,Exploits,1,1
43905,10.005402,tcp,pop3,FIN,270,1722,11714,2279776,198.992512,62,252,9331.759766,1821778.375,7,859,37.191895,5.809801,1978.273774,768.069528,255,3773147925,1250786559,255,0.052477,0.006731,0.045746,43,1324,0,0,1,1,1,1,1,1,0,0,0,2,1,0,Exploits,1,1
43942,1.444929,tcp,http,FIN,58,14,68115,612,49.137362,254,252,370625.8125,3150.327881,26,1,23.702596,103.291,2365.561409,154.547203,255,2019601156,1901499291,255,0.195667,0.102136,0.093531,1174,44,1,0,3,1,1,1,1,1,0,0,1,1,2,0,Fuzzers,1,1
43945,2.677174,tcp,http,FIN,60,16,68197,698,28.014614,254,252,200393.3906,1957.28772,27,1,44.723508,168.501797,5905.120087,263.666938,255,1931386072,3078929635,255,0.260004,0.149646,0.110358,1137,44,1,0,1,1,2,1,1,1,0,0,1,2,1,0,Fuzzers,1,1
43946,5.776146,tcp,pop3,FIN,44,158,1988,185536,34.79829,62,252,2691.067627,255342.5781,7,77,134.32898,35.565706,7437.844642,3881.165003,255,1538049150,753654825,255,0.330604,0.157003,0.173601,45,1174,0,0,1,1,1,1,1,1,0,0,0,4,1,0,Exploits,1,1
43965,10.206846,tcp,-,FIN,102,530,4612,710853,61.821251,62,252,3579.558105,556106.75,6,263,101.05788,19.077922,5708.644798,2429.740998,255,3225937532,4067819208,255,0.180605,0.114155,0.06645,45,1341,0,0,2,1,1,1,1,1,0,0,0,2,2,0,Exploits,1,1
43971,7.79532,tcp,-,FIN,62,292,2902,385426,45.28358,62,252,2930.989258,394192.4063,6,144,127.792131,26.325657,8971.940397,4114.902928,255,2433077767,3714215981,255,0.279368,0.105949,0.173419,47,1320,0,0,5,1,2,1,1,1,0,0,0,2,2,0,Exploits,1,1
44015,33.326023,tcp,-,FIN,20,16,3688,708,1.05023,254,252,841.14447,159.394958,4,1,1754.001368,2210.52,227492.805,7831.3005,255,2469117167,1234172293,255,0.221082,0.141103,0.079979,184,44,0,0,6,1,2,2,2,2,0,0,0,2,3,0,Fuzzers,1,1
44017,33.326023,tcp,-,FIN,20,16,3688,708,1.05023,254,252,841.14447,159.394958,4,1,1754.001368,2210.52,227492.805,7831.3005,255,2469117167,1234172293,255,0.221082,0.141103,0.079979,184,44,0,0,6,1,2,2,2,2,0,0,0,2,3,0,Fuzzers,1,1
44025,1.124168,tcp,http,FIN,60,14,68197,612,64.936911,254,252,477231.1563,4049.216797,27,1,18.610644,79.299383,1849.949441,87.510633,255,3468765312,2146208350,255,0.164068,0.093275,0.070793,1137,44,1,0,3,1,1,1,1,1,0,0,1,1,3,0,Fuzzers,1,1
44028,59.909866,tcp,-,CON,764,380,320116,16340,19.07866,254,252,42690.39844,2176.202393,381,0,78.596627,157.915641,3795.374377,165.401891,255,380768257,930012124,255,0.072579,0.028824,0.043755,419,43,0,0,1,4,1,1,1,1,0,0,0,1,1,0,DoS,1,1
44055,1.82613,tcp,-,FIN,58,16,68119,698,39.975247,254,252,293275.9375,2869.456055,26,1,31.250877,111.766664,3251.896846,154.953547,255,3484202777,3898158756,255,0.234753,0.149626,0.085127,1174,44,1,0,2,1,1,1,1,1,0,0,1,2,4,0,Fuzzers,1,1
44070,2.855197,tcp,smtp,FIN,132,36,152106,2454,58.489835,62,252,422959.25,6685.353027,63,8,21.795397,79.909375,2637.358127,135.868078,255,2692618422,1000815745,255,0.120727,0.05773,0.062997,1152,68,0,0,1,1,1,1,1,1,0,0,0,1,1,0,Exploits,1,1
44076,1.449096,tcp,http,FIN,60,14,68197,612,50.376236,254,252,370222.5625,3141.268799,27,1,24.550831,97.421234,2330.089552,124.602727,255,2153702228,1309009503,255,0.281065,0.182619,0.098446,1137,44,1,0,2,1,1,1,1,1,0,0,1,2,2,0,Fuzzers,1,1
44122,59.873299,tcp,-,CON,1074,422,450006,18146,24.969394,254,252,60071.78516,2418.841064,535,0,55.982567,142.402797,2722.815115,147.789625,255,381204486,930012124,255,0.072579,0.028824,0.043755,419,43,0,0,3,4,1,1,1,1,0,0,0,2,1,0,DoS,1,1
44144,54.265602,tcp,pop3,FIN,1632,10970,70256,14655417,232.209715,62,252,10351.01367,2160349.25,7,5483,33.27136,4.946539,2112.116277,800.384533,255,3619082811,2061571913,255,0.051315,0.006296,0.045019,43,1336,0,0,1,1,1,1,1,1,0,0,0,1,1,0,DoS,1,1
44154,0.723544,tcp,http,FIN,22,94,1430,118304,158.939884,62,252,15092.37891,1294141.0,2,45,34.454476,7.056882,1641.467983,866.127179,255,3099039157,24706655,255,0.099755,0.048931,0.050824,65,1259,1,57023,1,1,1,1,1,1,0,0,1,1,1,0,DoS,1,1
44157,1.644162,tcp,http,FIN,58,14,68111,612,43.183091,254,252,325695.375,2768.583496,26,1,28.154386,117.822695,2850.093955,184.599437,255,2523558557,3589322147,255,0.216983,0.112456,0.104527,1174,44,1,0,1,1,1,1,1,1,0,0,1,1,2,0,Fuzzers,1,1
44171,7.149956,tcp,smtp,FIN,232,56,286742,3214,40.140106,62,252,319450.3438,3532.329346,113,8,30.946637,128.369797,3711.274025,193.699594,255,3732902175,4239611341,255,0.182613,0.089613,0.093,1236,57,0,0,1,1,1,1,1,1,0,0,0,1,1,0,Exploits,1,1
44175,7.149956,tcp,smtp,FIN,232,56,286742,3214,40.140106,62,252,319450.3438,3532.329346,113,8,30.946637,128.369797,3711.274025,193.699594,255,3732902175,4239611341,255,0.182613,0.089613,0.093,1236,57,0,0,1,1,1,1,1,1,0,0,0,1,1,0,Exploits,1,1
44179,1.472613,tcp,http,FIN,60,14,68197,612,49.571748,254,252,364310.25,3091.104004,27,1,24.418051,106.524078,2369.20827,137.479328,255,936415669,1259457550,255,0.187688,0.087792,0.099896,1137,44,1,0,1,1,1,1,1,1,0,0,1,1,1,0,Fuzzers,1,1
44182,3.161003,tcp,http,FIN,36,124,3636,164758,50.300488,62,252,8946.527344,413615.5313,8,60,90.314375,25.478317,11845.82877,6608.447865,255,534608515,185143771,255,0.046629,0.026159,0.02047,101,1329,1,109,2,1,1,2,1,1,0,0,1,2,1,0,Exploits,1,1
44185,2.611576,tcp,http,FIN,76,464,4032,617411,206.38878,62,252,12188.80859,1887231.25,2,230,34.821012,5.612147,1688.042186,679.527966,255,3282165119,747255416,255,0.062953,0.012282,0.050671,53,1331,0,0,1,1,1,1,1,1,0,0,0,1,2,0,Generic,1,1
44190,0.588697,tcp,http,FIN,20,84,2050,101920,174.962667,62,252,26472.02148,1368541.0,2,39,30.984053,6.656301,2265.744413,1225.113804,255,2880777572,273221130,255,0.079465,0.020632,0.058833,103,1213,1,48874,1,1,1,1,1,1,0,0,1,1,1,0,Generic,1,1
44194,0.911799,tcp,http,FIN,26,114,1506,141751,152.445877,62,252,12713.32813,1232798.0,2,55,36.471959,7.98477,1938.616122,956.247795,255,4284724779,2573573010,255,0.018608,0.008915,0.009693,58,1243,1,68324,1,1,1,1,1,1,0,0,1,1,1,0,Exploits,1,1
44204,33.326023,tcp,-,FIN,20,16,3688,708,1.05023,254,252,841.14447,159.394958,4,1,1754.001368,2210.52,227492.805,7831.3005,255,2469117167,1234172293,255,0.221082,0.141103,0.079979,184,44,0,0,6,1,2,2,2,2,0,0,0,2,3,0,Fuzzers,1,1
44207,33.326023,tcp,-,FIN,20,16,3688,708,1.05023,254,252,841.14447,159.394958,4,1,1754.001368,2210.52,227492.805,7831.3005,255,2469117167,1234172293,255,0.221082,0.141103,0.079979,184,44,0,0,6,1,2,2,2,2,0,0,0,2,3,0,Fuzzers,1,1
44229,2.056845,tcp,http,FIN,26,112,1526,140239,66.606868,62,252,5709.71582,540583.3125,2,54,82.2738,17.889081,3927.92766,1910.230084,255,3432068786,2134027679,255,0.150803,0.069229,0.081574,59,1252,1,67584,1,1,1,1,1,1,0,0,1,1,1,0,Exploits,1,1
44245,1.509044,tcp,http,FIN,20,78,1210,96840,64.279104,62,252,6096.574707,506805.625,2,37,79.423365,17.49739,4126.732627,2115.758944,255,3494910597,1558075599,255,0.260206,0.161113,0.099093,61,1242,1,46592,2,1,1,1,1,1,0,0,1,2,1,0,Exploits,1,1
44254,4.025697,tcp,smtp,FIN,188,44,223189,2842,57.381364,62,252,441169.7813,5520.53418,91,8,21.527481,92.15207,3216.487615,174.290359,255,1849315098,1884085796,255,0.104631,0.063153,0.041478,1187,65,0,0,1,1,2,1,1,1,0,0,0,2,1,0,Exploits,1,1
44255,2.156393,tcp,http,FIN,108,24,135855,1042,60.749593,254,252,499344.9688,3706.188965,51,1,19.512224,89.454172,1918.404694,112.485461,255,3036857964,4271957155,255,0.171334,0.098937,0.072397,1258,43,0,0,3,1,1,1,1,1,0,0,0,1,1,0,Exploits,1,1
44259,2.966544,tcp,-,FIN,12,10,986,814,7.078945,254,252,2437.85376,1976.71106,4,1,7831.487094,9386.534,830940.1458,27225.716,255,3376859190,2502407967,255,0.189738,0.110752,0.078986,82,81,0,0,6,1,3,3,3,3,0,0,0,4,3,0,Fuzzers,1,1
44264,2.966544,tcp,-,FIN,12,10,986,814,7.078945,254,252,2437.85376,1976.71106,4,1,7831.487094,9386.534,830940.1458,27225.716,255,3376859190,2502407967,255,0.189738,0.110752,0.078986,82,81,0,0,6,1,3,3,3,3,0,0,0,4,3,0,Fuzzers,1,1
44268,2.966544,tcp,-,FIN,12,10,986,814,7.078945,254,252,2437.85376,1976.71106,4,1,7831.487094,9386.534,830940.1458,27225.716,255,3376859190,2502407967,255,0.189738,0.110752,0.078986,82,81,0,0,6,1,3,3,3,3,0,0,0,4,3,0,Fuzzers,1,1
44293,2.672092,tcp,-,FIN,80,18,95592,784,36.301146,254,252,282619.0313,2218.486572,37,1,33.820102,145.805234,5096.931355,247.134203,255,2378557170,1862440677,255,0.300968,0.193392,0.107576,1195,44,0,0,2,1,1,1,1,1,0,0,0,1,2,0,Fuzzers,1,1
44297,5.995377,tcp,smtp,FIN,298,64,369088,3594,60.21306,62,252,490844.8438,4720.970703,146,8,20.186455,93.233937,2492.303326,141.883969,255,1232234300,1665589864,255,0.215189,0.120999,0.09419,1239,56,0,0,1,1,2,1,1,2,0,0,0,2,1,0,Exploits,1,1
44315,1.621679,tcp,http,FIN,60,16,68197,698,46.248365,254,252,330822.5625,3231.218994,27,1,27.470102,101.547797,2856.612432,177.664828,255,794099189,2056976457,255,0.182092,0.098461,0.083631,1137,44,1,0,3,1,1,1,1,1,0,0,1,2,2,0,Fuzzers,1,1
44367,4.276888,tcp,ftp,FIN,24,22,1264,1638,10.521669,62,252,2267.069092,2925.491699,7,9,185.910481,201.605241,16062.7115,18713.66444,255,67310847,644175935,255,0.095527,0.04317,0.052357,53,74,0,0,3,1,2,1,1,2,1,1,0,3,1,0,Exploits,1,1
44371,4.276888,tcp,ftp,FIN,24,22,1264,1638,10.521669,62,252,2267.069092,2925.491699,7,9,185.910481,201.605241,16062.7115,18713.66444,255,67310847,644175935,255,0.095527,0.04317,0.052357,53,74,0,0,3,1,2,1,1,2,1,1,0,3,1,0,Exploits,1,1
44382,1.510987,tcp,http,FIN,50,278,2566,357553,216.414827,62,252,13315.79883,1886274.25,2,137,30.817327,5.391766,1754.636176,767.722157,255,3567311870,1897694234,255,0.032988,0.017461,0.015527,51,1286,1,0,1,1,1,1,1,1,0,0,1,1,1,0,Exploits,1,1
44409,1.560841,tcp,-,FIN,60,16,68199,698,48.05102,254,252,343727.5313,3357.164551,27,1,26.453373,96.650797,2494.530792,121.894578,255,3271784040,2126836682,255,0.193632,0.111078,0.082554,1137,44,1,0,2,1,1,1,1,1,0,0,1,2,1,0,Fuzzers,1,1
44417,0.383638,tcp,http,FIN,16,54,1516,66749,179.857055,62,252,29652.95508,1366142.0,2,25,25.575867,7.069358,1279.699112,847.500933,255,474698210,2980829899,255,0.053317,0.00806,0.045257,95,1236,1,31964,1,1,1,1,1,1,0,0,1,1,1,0,Generic,1,1
44419,40.711552,tcp,ssl,FIN,68,370,3618,498266,10.734054,254,252,700.538269,97646.97656,4,182,76.635376,110.265641,3903.095684,55617.96195,255,2725802390,313566606,255,0.092911,0.023518,0.069393,53,1347,0,0,5,1,1,1,1,1,0,0,0,1,5,0,Generic,1,1
44421,1.405337,tcp,http,FIN,40,220,2200,282243,184.297435,62,252,12210.59473,1599394.375,2,108,36.034282,6.286457,1838.484869,776.350602,255,2826832084,2808378691,255,0.052124,0.006285,0.045839,55,1283,1,136455,1,1,1,1,1,1,0,0,1,1,1,0,DoS,1,1
44426,3.881419,tcp,smtp,FIN,194,44,231439,2890,61.060144,62,252,474562.5313,5822.612793,94,8,20.107892,87.000648,2661.647067,152.323625,255,1385381467,3809735307,255,0.227737,0.140383,0.087354,1193,66,0,0,1,1,1,1,1,1,0,0,0,1,1,0,Exploits,1,1
44450,0.467095,tcp,-,FIN,10,6,836,268,32.113382,254,252,12896.73438,3836.47876,2,0,10782.353,17969.93,1073695.46,40019.928,255,1057528719,3773804157,255,0.26045,0.142301,0.118149,84,45,0,0,9,1,2,2,2,2,0,0,0,2,8,0,Fuzzers,1,1
44460,1.328311,tcp,http,FIN,60,14,68195,612,54.957011,254,252,403875.3125,3426.908447,27,1,21.506474,95.718383,2054.773225,123.090828,255,4059237559,1589391797,255,0.181945,0.083961,0.097984,1137,44,1,0,3,1,1,1,1,1,0,0,1,1,2,0,Fuzzers,1,1
44477,0.467095,tcp,-,FIN,10,6,836,268,32.113382,254,252,12896.73438,3836.47876,2,0,10782.353,17969.93,1073695.46,40019.928,255,1057528719,3773804157,255,0.26045,0.142301,0.118149,84,45,0,0,9,1,2,2,2,2,0,0,0,2,8,0,Fuzzers,1,1
44500,3.769766,tcp,-,FIN,176,32,222199,1386,54.910569,254,252,468860.9063,2850.044189,85,1,21.4878,118.543484,4269.60513,329.968156,255,525653364,978782962,255,0.241853,0.094914,0.146939,1262,43,0,0,6,1,2,1,1,1,0,0,0,3,2,0,Fuzzers,1,1
44502,0.534953,tcp,http,FIN,22,92,1710,115722,211.233511,62,252,24420.83789,1711776.5,2,44,25.473952,5.800187,1218.397927,703.050315,255,1238755653,2995923100,255,0.050365,0.006418,0.043947,78,1258,1,55622,1,1,1,1,1,1,0,0,1,1,1,0,Generic,1,1
44503,11.935908,tcp,http,FIN,132,374,21184,542678,42.309306,254,252,14091.26074,362755.4688,63,182,91.113803,31.782415,4260.78879,2526.370067,255,3739766699,3875796916,255,0.159776,0.080346,0.07943,160,1451,2,4078,1,1,1,1,1,1,0,0,1,1,1,0,Exploits,1,1
44516,1.135401,tcp,http,FIN,96,18,118098,784,99.524308,254,252,823448.25,5221.062988,45,1,11.152052,63.47741,1204.89825,76.128273,255,1464760475,1162033770,255,0.129096,0.056281,0.072815,1230,44,1,0,2,1,4,1,1,1,0,0,1,1,1,0,Exploits,1,1
44520,7.698527,tcp,pop3,FIN,102,570,4472,724848,87.159532,62,252,4602.438965,751912.1875,7,283,76.223036,13.417271,3938.106746,1633.790531,255,3146326697,922412797,255,0.122781,0.063279,0.059502,44,1272,0,0,1,1,1,1,1,1,0,0,0,1,1,0,Exploits,1,1
44525,2.724995,tcp,http,FIN,22,38,2952,44474,21.651417,62,252,8273.042969,127131.25,8,17,129.761664,72.961082,15282.40583,11994.68835,255,3173766787,3898739370,255,0.054767,0.005354,0.049413,134,1170,2,811,1,1,1,1,1,1,0,0,1,1,1,0,Exploits,1,1
44534,0.51296,tcp,http,FIN,22,92,1708,115690,220.290074,62,252,25436.67969,1784669.25,2,44,24.426667,5.401352,1223.613013,685.918154,255,3502303690,2179247773,255,0.062523,0.016525,0.045998,78,1258,1,55622,2,1,1,1,1,1,0,0,1,1,2,0,Generic,1,1
44540,14.305928,tcp,http,FIN,170,154,148786,125750,22.578053,254,252,82713.125,69864.1875,82,72,84.650461,92.921702,7246.44769,9738.893924,255,3393017777,2097698965,255,0.140576,0.088352,0.052224,875,817,0,0,2,1,2,2,1,2,0,0,0,3,2,0,Exploits,1,1
44555,10.288722,tcp,smtp,FIN,820,134,1078935,5990,92.625692,62,252,837903.875,4623.314941,403,2,12.560329,77.521039,1458.134682,85.485398,255,2575494823,2817284123,255,0.178609,0.094615,0.083994,1316,45,0,0,2,1,1,1,1,1,0,0,0,2,1,0,Exploits,1,1
44598,1.067048,tcp,smtp,FIN,118,34,132632,2308,141.511916,62,252,985957.5625,16801.49414,56,8,9.120068,31.602516,885.319576,40.138133,255,3656576943,346913919,255,0.041391,0.023431,0.01796,1124,68,0,0,1,1,1,1,1,1,0,0,0,1,1,0,Exploits,1,1
44603,1.808178,tcp,smtp,FIN,282,58,347446,3298,187.481548,62,252,1531769.625,14343.7207,138,8,6.434797,30.640105,765.147605,43.408691,255,4062940521,3702549923,255,0.075971,0.023161,0.05281,1232,57,0,0,1,1,1,1,1,1,0,0,0,1,1,0,Exploits,1,1
44605,1.808178,tcp,smtp,FIN,282,58,347446,3298,187.481548,62,252,1531769.625,14343.7207,138,8,6.434797,30.640105,765.147605,43.408691,255,4062940521,3702549923,255,0.075971,0.023161,0.05281,1232,57,0,0,1,1,1,1,1,1,0,0,0,1,1,0,Exploits,1,1
44672,1.449481,tcp,http,FIN,58,14,68115,612,48.983049,254,252,369461.9063,3140.434326,26,1,25.427158,103.475234,2340.135466,138.801422,255,3401378886,2978998632,255,0.246952,0.104295,0.142657,1174,44,1,0,2,1,2,1,1,2,0,0,1,2,2,0,Fuzzers,1,1
44681,1.664562,tcp,http,FIN,60,16,68195,698,45.056898,254,252,322290.1875,3147.975342,27,1,28.196186,103.27193,2777.421714,142.326469,255,674919484,57777447,255,0.19096,0.115479,0.075481,1137,44,1,0,1,1,1,1,1,1,0,0,1,1,2,0,Fuzzers,1,1
44689,3.681019,tcp,pop3,FIN,114,668,4998,857090,212.169507,62,252,10768.75684,1859935.0,7,332,32.575391,5.491673,1915.680679,788.682707,255,219241425,1909523289,255,0.055318,0.007474,0.047844,44,1283,0,0,1,1,1,1,1,1,0,0,0,1,1,0,Exploits,1,1
44711,2.798088,tcp,http,FIN,60,14,68197,612,26.089243,254,252,191733.7813,1626.825073,27,1,46.717677,204.497469,6743.731783,461.008188,255,3458362539,2967745249,255,0.277495,0.139607,0.137888,1137,44,0,0,1,1,1,1,1,1,0,0,0,1,1,0,Fuzzers,1,1
44721,4.474854,tcp,http,FIN,48,246,2454,332225,65.476997,254,252,4296.005859,591527.6875,2,121,95.209659,17.829273,4495.734008,2051.784508,255,3586712660,992314898,255,0.238602,0.105867,0.132735,51,1351,0,0,1,1,1,1,1,1,0,0,0,3,1,0,Generic,1,1
44723,55.350929,tcp,-,FIN,20,14,1270,622,0.596196,254,252,174.450546,83.539696,4,1,2912.077368,4250.645,392871.7013,14430.853,255,451521883,4231087793,255,0.175592,0.092533,0.083059,64,44,0,0,8,1,4,3,3,3,0,0,0,3,7,0,Fuzzers,1,1
44748,3.389771,tcp,smtp,FIN,64,26,64038,1928,26.255461,62,252,148772.2969,4375.516602,29,8,53.80589,127.129203,4406.936239,170.554734,255,1838092040,2372188873,255,0.296545,0.166667,0.129878,1001,74,0,0,1,1,1,1,1,1,0,0,0,2,1,0,Exploits,1,1
44752,4.350094,tcp,http,FIN,48,236,2452,305758,65.056068,62,252,4415.537109,559919.875,2,115,92.555193,17.936111,4583.275797,2097.272452,255,413717307,4248649107,255,0.219909,0.134365,0.085544,51,1296,1,0,3,1,1,1,1,1,0,0,1,3,1,0,Exploits,1,1
44759,6.869392,tcp,smtp,FIN,134,40,162056,2720,25.18418,62,252,187320.2188,3088.48291,64,8,51.648879,174.110234,7369.835304,385.745687,255,1997115183,3031060223,255,0.18443,0.079092,0.105338,1209,68,0,0,1,1,1,1,1,1,0,0,0,2,1,0,Exploits,1,1
44766,55.350929,tcp,-,FIN,20,14,1270,622,0.596196,254,252,174.450546,83.539696,4,1,2912.077368,4250.645,392871.7013,14430.853,255,451521883,4231087793,255,0.175592,0.092533,0.083059,64,44,0,0,8,1,4,3,3,3,0,0,0,3,7,0,Fuzzers,1,1
44770,55.350929,tcp,-,FIN,20,14,1270,622,0.596196,254,252,174.450546,83.539696,4,1,2912.077368,4250.645,392871.7013,14430.853,255,451521883,4231087793,255,0.175592,0.092533,0.083059,64,44,0,0,8,1,4,3,3,3,0,0,0,3,7,0,Fuzzers,1,1
44810,45.564709,tcp,-,FIN,20,14,998,622,0.724245,254,252,166.620178,101.482048,6,1,2395.563158,3502.941,323314.3423,11877.618,255,3834785898,1843317835,255,0.089123,0.026466,0.062657,50,44,0,0,7,1,2,2,2,2,0,0,0,3,6,0,Fuzzers,1,1
44811,45.564709,tcp,-,FIN,20,14,998,622,0.724245,254,252,166.620178,101.482048,6,1,2395.563158,3502.941,323314.3423,11877.618,255,3834785898,1843317835,255,0.089123,0.026466,0.062657,50,44,0,0,7,1,2,2,2,2,0,0,0,3,6,0,Fuzzers,1,1
44851,51.07645,tcp,ftp,FIN,28,24,1768,1364,0.998503,254,252,267.050659,204.86937,16,16,1891.682819,2215.7755,291525.9961,9747.441,255,1509182583,3576887166,255,0.234492,0.113604,0.120888,63,57,0,0,2,1,2,2,2,2,0,0,0,2,2,0,Fuzzers,1,1
44855,51.07645,tcp,ftp,FIN,28,24,1768,1364,0.998503,254,252,267.050659,204.86937,16,16,1891.682819,2215.7755,291525.9961,9747.441,255,1509182583,3576887166,255,0.234492,0.113604,0.120888,63,57,0,0,2,1,2,2,2,2,0,0,0,2,2,0,Fuzzers,1,1
44859,1.569832,tcp,-,FIN,60,16,68199,698,47.775814,254,252,341758.875,3337.936768,27,1,26.599389,96.386602,2584.473177,130.253688,255,63667504,2967621745,255,0.233725,0.124023,0.109702,1137,44,1,0,1,1,1,1,1,1,0,0,1,2,2,0,Fuzzers,1,1
44862,5.900484,tcp,-,FIN,60,280,2814,365926,57.452913,62,252,3752.912354,494359.4375,6,138,100.008207,20.846214,4908.351362,2272.022742,255,1440597986,4143997559,255,0.171918,0.083655,0.088263,47,1307,0,0,1,1,2,1,1,1,0,0,0,1,3,0,Exploits,1,1
44873,11.658616,tcp,smtp,FIN,706,128,924156,6370,71.449304,62,252,633246.375,4337.393066,350,8,16.535161,91.120555,1891.396304,106.200359,255,1376162783,2459814500,255,0.197494,0.086299,0.111195,1309,50,0,0,1,1,1,1,1,1,0,0,0,7,1,0,Exploits,1,1
44881,51.07645,tcp,ftp,FIN,28,24,1768,1364,0.998503,254,252,267.050659,204.86937,16,16,1891.682819,2215.7755,291525.9961,9747.441,255,1509182583,3576887166,255,0.234492,0.113604,0.120888,63,57,0,0,2,1,2,2,2,2,0,0,0,2,2,0,Fuzzers,1,1
44884,51.07645,tcp,ftp,FIN,28,24,1768,1364,0.998503,254,252,267.050659,204.86937,16,16,1891.682819,2215.7755,291525.9961,9747.441,255,1509182583,3576887166,255,0.234492,0.113604,0.120888,63,57,0,0,2,1,2,2,2,2,0,0,0,2,2,0,Fuzzers,1,1
44905,2.148646,tcp,-,FIN,112,22,136333,956,61.899444,254,252,503074.0,3399.349854,53,1,18.25664,96.763188,1843.232865,111.614164,255,861803079,410639711,255,0.197967,0.116618,0.081349,1217,43,0,0,6,1,1,1,1,1,0,0,0,2,2,0,Fuzzers,1,1
44914,1.813118,tcp,http,FIN,18,62,1182,75869,43.571351,62,252,4928.526367,329359.7188,2,29,106.654,28.298852,5267.680323,3704.263271,255,2980375226,2104003983,255,0.228029,0.086035,0.141994,66,1224,1,36419,1,1,1,1,1,1,0,0,1,3,1,0,Exploits,1,1
44951,47.157051,tcp,-,FIN,22,12,5740,536,0.699789,254,252,929.659485,83.465782,10,1,2243.005951,4277.1285,316967.4071,13185.395,255,3136782522,2841004699,255,0.169875,0.108632,0.061243,261,45,0,0,4,1,2,2,2,2,0,0,0,2,5,0,Fuzzers,1,1
44952,47.157051,tcp,-,FIN,22,12,5740,536,0.699789,254,252,929.659485,83.465782,10,1,2243.005951,4277.1285,316967.4071,13185.395,255,3136782522,2841004699,255,0.169875,0.108632,0.061243,261,45,0,0,4,1,2,2,2,2,0,0,0,2,5,0,Fuzzers,1,1
44953,18.193382,tcp,ssl,FIN,74,366,3876,498106,24.129653,254,252,1681.490479,218429.3125,4,180,249.223401,49.568025,36564.74261,16856.35732,255,1125780903,3857652049,255,0.17999,0.101049,0.078941,52,1361,0,0,5,1,3,3,1,3,0,0,0,4,5,0,Generic,1,1
44957,25.432261,tcp,ssl,FIN,70,366,3704,498106,17.10426,254,252,1148.7771,156256.9688,4,180,368.582935,69.386115,74063.63125,32713.70635,255,4067777306,482382184,255,0.163628,0.10632,0.057308,53,1361,0,0,5,1,3,3,1,3,0,0,0,4,5,0,Generic,1,1
44964,59.934109,tcp,-,CON,1622,462,679618,19866,34.754834,254,252,90659.42969,2645.972412,809,0,37.035884,129.959484,1922.793731,133.980203,255,381408767,930012124,255,0.072579,0.028824,0.043755,419,43,0,0,1,4,2,1,1,1,0,0,0,1,8,0,DoS,1,1
44965,1.286826,tcp,http,FIN,60,14,68193,612,56.728726,254,252,416883.0938,3537.385742,27,1,21.807373,92.087844,2086.583161,127.068148,255,2148185519,4283938142,255,0.256017,0.089677,0.16634,1137,44,1,0,1,1,1,1,1,1,0,0,1,2,1,0,Fuzzers,1,1
44983,59.704674,tcp,ftp,FIN,14,14,730,778,0.452226,254,252,90.84716,96.876839,3,4,4592.667538,4582.227,502039.5759,15181.539,255,2742289554,4108628645,255,0.15296,0.068115,0.084845,52,56,0,0,6,1,3,2,2,3,0,0,0,3,6,0,Fuzzers,1,1
44994,32.530132,tcp,-,FIN,24,16,2406,1434,1.198888,254,252,567.10498,330.770264,7,4,1414.304999,2162.873,200591.0648,7554.507,255,705888386,360574638,255,0.167543,0.087029,0.080514,100,90,0,0,4,1,3,2,2,2,0,0,0,2,5,0,Fuzzers,1,1
44995,37.098484,tcp,-,FIN,572,3784,24596,5097505,117.390241,62,252,5294.663574,1098946.875,0,1886,65.044008,9.856549,71.885305,1147.93349,255,7740129,646825687,255,0.123538,0.044523,0.079015,43,1347,0,0,1,1,1,1,1,1,0,0,0,1,1,0,DoS,1,1
44997,32.530132,tcp,-,FIN,24,16,2406,1434,1.198888,254,252,567.10498,330.770264,7,4,1414.304999,2162.873,200591.0648,7554.507,255,705888386,360574638,255,0.167543,0.087029,0.080514,100,90,0,0,4,1,3,2,2,2,0,0,0,2,5,0,Fuzzers,1,1
44998,32.530132,tcp,-,FIN,24,16,2406,1434,1.198888,254,252,567.10498,330.770264,7,4,1414.304999,2162.873,200591.0648,7554.507,255,705888386,360574638,255,0.167543,0.087029,0.080514,100,90,0,0,4,1,3,2,2,2,0,0,0,2,5,0,Fuzzers,1,1
45012,32.530132,tcp,-,FIN,24,16,2406,1434,1.198888,254,252,567.10498,330.770264,7,4,1414.304999,2162.873,200591.0648,7554.507,255,705888386,360574638,255,0.167543,0.087029,0.080514,100,90,0,0,4,1,3,2,2,2,0,0,0,2,5,0,Fuzzers,1,1
45020,1.488404,tcp,http,FIN,60,14,68195,612,49.045822,254,252,360434.375,3058.309326,27,1,25.227186,104.690078,2514.092831,163.021766,255,1558943274,2628600651,255,0.193088,0.081234,0.111854,1137,44,1,0,2,1,1,1,1,1,0,0,1,1,2,0,Fuzzers,1,1
45030,3.041057,tcp,-,FIN,122,118,128054,127836,78.591092,254,252,334107.5,333444.5625,51,50,25.132703,25.194641,2075.850699,2260.82505,255,3941995420,1362874897,255,0.221923,0.092799,0.129124,1050,1083,0,0,1,1,1,1,1,1,0,0,0,1,1,0,Fuzzers,1,1
45062,4.583012,tcp,-,FIN,134,132,136692,136632,57.822234,254,252,236825.9063,236694.9844,55,56,34.458738,32.948855,2989.899399,2801.316943,255,2583040197,78306444,255,0.208106,0.102047,0.106059,1020,1035,0,0,1,1,1,1,1,1,0,0,0,1,1,0,Fuzzers,1,1
45068,2.335013,tcp,smtp,FIN,90,30,94141,2330,50.963316,62,252,318953.2813,7719.015137,42,8,26.236101,77.923516,2191.669261,86.860008,255,4288645644,4087277054,255,0.148526,0.074565,0.073961,1046,78,0,0,1,1,1,1,1,1,0,0,0,1,1,0,Exploits,1,1
45070,11.724643,tcp,-,FIN,26,28,3034,19242,4.520394,62,252,1991.020142,12660.51367,8,10,468.98572,426.828714,38186.42622,52090.65591,255,106328001,872104914,255,0.313966,0.199903,0.114063,117,687,0,0,2,1,1,1,1,1,0,0,0,2,1,0,Exploits,1,1
45076,1.278786,tcp,smtp,FIN,118,34,128579,2262,118.080747,62,252,797569.0,13738.03027,55,8,10.929795,37.670453,1084.185224,60.894789,255,2515624460,1518894520,255,0.048648,0.020398,0.02825,1090,67,0,0,1,1,1,1,1,1,0,0,0,1,1,0,Exploits,1,1
45084,1.080994,tcp,ftp,FIN,12,12,634,682,21.276714,254,252,4307.146973,4632.772949,4,3,7579.719918,7579.658,820432.7743,24835.658,255,832409167,2901872905,255,0.113916,0.073304,0.040612,53,57,0,0,3,1,3,2,2,3,0,0,0,3,3,0,Fuzzers,1,1
45088,7.10168,tcp,http,FIN,84,480,4020,646666,79.277018,62,252,4475.561035,726948.0,2,237,85.560917,14.66834,4421.218949,1813.076954,255,3665718184,3126701097,255,0.129884,0.075538,0.054346,48,1347,0,0,1,1,1,1,1,1,0,0,0,4,1,0,Exploits,1,1
45100,4.665682,tcp,smtp,FIN,184,48,226595,2808,49.510448,62,252,386419.8438,4715.280762,89,8,25.49494,97.47032,2506.628962,114.674109,255,988107768,3118433812,255,0.168378,0.084574,0.083804,1231,59,0,0,1,1,1,1,1,1,0,0,0,2,1,0,Exploits,1,1
45139,10.020088,tcp,http,FIN,154,166,140126,129412,31.836047,254,252,111150.3203,102700.0938,76,75,65.490774,60.233831,6449.658634,6638.516207,255,163230872,2188943903,255,0.082227,0.037528,0.044699,910,780,1,1279,1,1,1,1,1,1,0,0,1,3,1,0,Exploits,1,1
45146,1.080994,tcp,ftp,FIN,12,12,634,682,21.276714,254,252,4307.146973,4632.772949,4,3,7579.719918,7579.658,820432.7743,24835.658,255,832409167,2901872905,255,0.113916,0.073304,0.040612,53,57,0,0,3,1,3,2,2,3,0,0,0,3,3,0,Fuzzers,1,1
45149,1.080994,tcp,ftp,FIN,12,12,634,682,21.276714,254,252,4307.146973,4632.772949,4,3,7579.719918,7579.658,820432.7743,24835.658,255,832409167,2901872905,255,0.113916,0.073304,0.040612,53,57,0,0,3,1,3,2,2,3,0,0,0,3,3,0,Fuzzers,1,1
45152,1.080994,tcp,ftp,FIN,12,12,634,682,21.276714,254,252,4307.146973,4632.772949,4,3,7579.719918,7579.658,820432.7743,24835.658,255,832409167,2901872905,255,0.113916,0.073304,0.040612,53,57,0,0,3,1,3,2,2,3,0,0,0,3,3,0,Fuzzers,1,1
45154,1.671582,tcp,http,FIN,62,368,2982,474427,256.643111,62,252,14041.78809,2264384.25,2,182,27.402985,4.532635,1444.236308,628.131852,255,2863056594,156984120,255,0.051227,0.007447,0.04378,48,1289,1,229581,1,1,1,1,1,1,0,0,1,1,1,0,Exploits,1,1
45176,5.829423,tcp,http,FIN,66,362,3212,474227,73.249103,62,252,4342.11084,649006.9375,2,178,89.675092,15.941756,5842.204956,2183.477225,255,2995864832,2408165044,255,0.156942,0.074442,0.0825,49,1310,1,229578,2,1,1,2,1,1,0,0,1,2,2,0,Exploits,1,1
45179,7.677479,tcp,http,FIN,116,696,6282,963063,105.633636,62,252,6489.630371,1002078.938,2,346,66.760684,10.821744,3151.0466,1247.686788,255,2925624715,2120530570,255,0.161903,0.122662,0.039241,54,1384,1,467212,1,1,1,1,1,1,0,0,1,1,1,0,Generic,1,1
45185,2.004763,tcp,-,FIN,152,26,190546,1128,88.289743,254,252,755373.125,4329.688965,73,1,13.153033,77.282477,1503.332261,104.015234,255,2627824971,289930804,255,0.12196,0.07269,0.04927,1254,43,0,0,3,1,1,1,1,1,0,0,0,1,1,0,Fuzzers,1,1
45186,2.801637,tcp,-,FIN,156,28,195095,1214,65.318956,254,252,553519.25,3343.759521,75,1,17.624522,99.005852,1905.240742,119.791914,255,1573261531,1560930665,255,0.235528,0.128475,0.107053,1251,43,0,0,4,1,1,1,1,1,0,0,0,3,3,0,Fuzzers,1,1
45189,5.202162,tcp,-,FIN,50,222,2378,271967,52.093728,62,252,3584.663574,416353.0625,6,109,106.166569,23.145728,5229.450247,2440.262527,255,4204502403,262458909,255,0.202257,0.086261,0.115996,48,1225,0,0,1,1,1,1,1,1,0,0,0,1,3,0,DoS,1,1
45200,0.770497,tcp,-,FIN,10,6,586,268,19.467953,254,252,5482.175781,2325.771484,1,0,11571.3201,19276.982,1149891.95,42833.912,255,729466975,835234740,255,0.155022,0.110926,0.044096,59,45,0,0,7,1,2,2,2,2,0,0,0,2,5,0,Fuzzers,1,1
45202,0.770497,tcp,-,FIN,10,6,586,268,19.467953,254,252,5482.175781,2325.771484,1,0,11571.3201,19276.982,1149891.95,42833.912,255,729466975,835234740,255,0.155022,0.110926,0.044096,59,45,0,0,7,1,2,2,2,2,0,0,0,2,5,0,Fuzzers,1,1
45229,4.827592,tcp,smtp,FIN,94,30,103424,2286,25.478541,62,252,169565.2813,3662.281494,44,8,51.909589,163.475031,8584.700803,447.551156,255,612563168,2034807594,255,0.141334,0.056624,0.08471,1100,76,0,0,1,1,1,1,1,1,0,0,0,2,1,0,Exploits,1,1
45248,2.652486,tcp,-,FIN,114,112,119500,119440,84.826081,254,252,357255.7813,357020.5313,47,48,23.464858,23.053532,1956.302682,1965.097349,255,2534450191,180638023,255,0.193444,0.093536,0.099908,1048,1066,0,0,1,1,1,1,1,1,0,0,0,2,1,0,Fuzzers,1,1
45254,2.498329,tcp,-,FIN,178,30,226663,1300,82.855383,254,252,721730.4375,4025.090576,86,1,14.000418,83.365141,2624.622243,225.568766,255,1206841464,4230484376,255,0.16932,0.080734,0.088586,1273,43,0,0,11,1,1,1,1,1,0,0,0,3,4,0,Fuzzers,1,1
45267,1.686375,tcp,-,FIN,100,20,124930,870,70.565561,254,252,586730.6875,3923.208008,47,1,16.68704,81.209266,1847.015622,108.910547,255,1806191390,1405954548,255,0.275307,0.143391,0.131916,1249,44,0,0,2,1,2,1,1,1,0,0,0,2,2,0,Exploits,1,1
45297,3.001319,tcp,smtp,FIN,190,44,230272,2784,77.632536,62,252,610560.875,7252.811523,92,8,15.879995,67.997164,1752.538222,88.961305,255,1317759375,1874627471,255,0.118968,0.076839,0.042129,1212,63,0,0,1,1,1,1,1,1,0,0,0,3,1,0,Exploits,1,1
45309,13.847567,tcp,-,FIN,264,52,338018,2398,22.747679,254,252,194539.8906,1358.794678,128,4,52.649049,270.296562,18213.38912,1333.7955,255,3250282431,2805979666,255,0.116398,0.062432,0.053966,1280,46,0,0,1,1,1,1,1,1,0,0,0,1,1,0,Fuzzers,1,1
45320,2.155524,tcp,-,FIN,166,28,208647,1214,89.537393,254,252,769709.8125,4346.042969,80,1,12.838394,76.795258,2023.087125,157.85375,255,4214213523,211204458,255,0.146288,0.082045,0.064243,1257,43,0,0,7,1,1,1,1,1,0,0,0,2,1,0,Fuzzers,1,1
45323,1.643366,tcp,-,FIN,168,30,213111,1300,119.875915,254,252,1031263.875,6119.148438,81,1,9.835102,55.325414,1134.15514,72.177195,255,3268751890,1625198905,255,0.100725,0.038927,0.061798,1269,43,0,0,7,1,1,1,1,1,0,0,0,1,1,0,Fuzzers,1,1
45331,0.30112,tcp,-,FIN,10,6,652,268,49.814025,254,252,15595.11133,5951.115723,2,0,10103.1179,16840.76,1007394.172,37551.372,255,1819805110,1649858926,255,0.082793,0.047254,0.035539,65,45,0,0,8,1,4,4,3,4,0,0,0,4,9,0,Fuzzers,1,1
45332,0.30112,tcp,-,FIN,10,6,652,268,49.814025,254,252,15595.11133,5951.115723,2,0,10103.1179,16840.76,1007394.172,37551.372,255,1819805110,1649858926,255,0.082793,0.047254,0.035539,65,45,0,0,8,1,4,4,3,4,0,0,0,4,9,0,Fuzzers,1,1
45335,0.30112,tcp,-,FIN,10,6,652,268,49.814025,254,252,15595.11133,5951.115723,2,0,10103.1179,16840.76,1007394.172,37551.372,255,1819805110,1649858926,255,0.082793,0.047254,0.035539,65,45,0,0,8,1,4,4,3,4,0,0,0,4,9,0,Fuzzers,1,1
45344,8.945664,tcp,ssl,FIN,74,372,3876,498346,49.744768,254,252,3419.75708,444467.375,4,183,122.53111,23.802418,9464.289687,3560.757781,255,1072010152,1380154504,255,0.196918,0.114963,0.081955,52,1340,0,0,5,1,1,1,1,1,0,0,0,2,5,0,Generic,1,1
45364,3.455953,tcp,http,FIN,40,188,2076,249293,65.683766,62,252,4687.563965,574005.5,2,92,88.614182,18.000181,4453.312094,2317.754865,255,819279668,3957445405,255,0.200292,0.08882,0.111472,52,1326,0,0,2,1,1,1,1,1,0,0,0,2,1,0,Exploits,1,1
45381,0.536927,tcp,-,FIN,10,6,600,268,27.936759,254,252,8045.786621,3337.511475,2,0,3946.3041,6577.3245,389264.3709,14514.05,255,3738475984,1460955064,255,0.087011,0.030478,0.056533,60,45,0,0,14,1,5,5,4,5,0,0,0,6,9,0,Fuzzers,1,1
45415,1.834132,tcp,smtp,FIN,188,40,225756,2676,123.764269,62,252,979454.0625,11384.13184,83,8,9.808193,46.81777,996.523077,58.635297,255,3782864770,2272247323,255,0.053738,0.007682,0.046056,1201,67,0,0,1,1,1,1,1,1,0,0,0,1,1,0,Exploits,1,1
45417,1.834132,tcp,smtp,FIN,188,40,225756,2676,123.764269,62,252,979454.0625,11384.13184,83,8,9.808193,46.81777,996.523077,58.635297,255,3782864770,2272247323,255,0.053738,0.007682,0.046056,1201,67,0,0,1,1,1,1,1,1,0,0,0,1,1,0,Exploits,1,1
45424,0.492782,tcp,http,FIN,22,92,1770,115574,229.310325,62,252,27436.06641,1855879.5,2,44,23.465809,5.150912,1159.018732,617.648663,255,2807605777,1582927802,255,0.031168,0.023451,0.007717,80,1256,1,55622,1,1,1,1,1,1,0,0,1,1,1,0,Generic,1,1
45429,0.536927,tcp,-,FIN,10,6,600,268,27.936759,254,252,8045.786621,3337.511475,2,0,3946.3041,6577.3245,389264.3709,14514.05,255,3738475984,1460955064,255,0.087011,0.030478,0.056533,60,45,0,0,14,1,5,5,4,5,0,0,0,6,9,0,Fuzzers,1,1
45432,0.536927,tcp,-,FIN,10,6,600,268,27.936759,254,252,8045.786621,3337.511475,2,0,3946.3041,6577.3245,389264.3709,14514.05,255,3738475984,1460955064,255,0.087011,0.030478,0.056533,60,45,0,0,14,1,5,5,4,5,0,0,0,6,9,0,Fuzzers,1,1
45435,0.536927,tcp,-,FIN,10,6,600,268,27.936759,254,252,8045.786621,3337.511475,2,0,3946.3041,6577.3245,389264.3709,14514.05,255,3738475984,1460955064,255,0.087011,0.030478,0.056533,60,45,0,0,14,1,5,5,4,5,0,0,0,6,9,0,Fuzzers,1,1
45439,0.536927,tcp,-,FIN,10,6,600,268,27.936759,254,252,8045.786621,3337.511475,2,0,3946.3041,6577.3245,389264.3709,14514.05,255,3738475984,1460955064,255,0.087011,0.030478,0.056533,60,45,0,0,14,1,5,5,4,5,0,0,0,6,9,0,Fuzzers,1,1
45442,0.536927,tcp,-,FIN,10,6,600,268,27.936759,254,252,8045.786621,3337.511475,2,0,3946.3041,6577.3245,389264.3709,14514.05,255,3738475984,1460955064,255,0.087011,0.030478,0.056533,60,45,0,0,14,1,5,5,4,5,0,0,0,6,9,0,Fuzzers,1,1
45446,3.11309,tcp,smtp,FIN,114,34,132654,2416,47.219964,62,252,337904.7813,6026.166992,54,8,27.543186,91.027391,2671.389958,119.507742,255,2444788319,810664172,255,0.178745,0.109185,0.06956,1164,71,0,0,1,1,2,1,1,2,0,0,0,2,1,0,Exploits,1,1
45450,1.446978,tcp,-,FIN,92,18,113608,784,75.329412,254,252,621289.375,4096.814453,43,1,15.676098,78.930414,1692.687459,123.030945,255,3253053421,3324569732,255,0.205958,0.105151,0.100807,1235,44,0,0,1,1,1,1,1,1,0,0,0,2,1,0,Fuzzers,1,1
45466,2.828484,tcp,http,FIN,286,46,364946,1988,117.023817,254,252,1028593.375,5501.180176,140,1,9.868084,61.467621,1116.982569,75.092352,255,1762166366,904441034,255,0.104075,0.062439,0.041636,1276,43,0,0,1,1,1,1,1,1,0,0,0,2,1,0,Exploits,1,1
45470,1.500868,tcp,-,FIN,58,14,68115,612,47.30596,254,252,356812.1875,3032.911621,26,1,26.32879,107.847,2468.769166,147.167578,255,509323291,2124518107,255,0.183063,0.098854,0.084209,1174,44,1,0,2,1,1,1,1,1,0,0,1,1,2,0,Fuzzers,1,1
45486,2.094408,tcp,-,FIN,114,22,140853,956,64.457354,254,252,533298.1875,3487.381592,54,1,18.05431,94.566859,1936.225294,121.906555,255,2678925302,2990496894,255,0.205707,0.108497,0.09721,1236,43,0,0,5,1,2,1,1,1,0,0,0,1,1,0,DoS,1,1
45493,0.536927,tcp,-,FIN,10,6,600,268,27.936759,254,252,8045.786621,3337.511475,2,0,3946.3041,6577.3245,389264.3709,14514.05,255,3738475984,1460955064,255,0.087011,0.030478,0.056533,60,45,0,0,14,1,5,5,4,5,0,0,0,6,9,0,Fuzzers,1,1
45495,31.891287,tcp,-,FIN,20,12,3116,536,0.972052,254,252,742.773438,123.419289,4,1,1677.530368,2894.57375,226369.9785,8956.65,255,1122363548,3364557339,255,0.110545,0.05097,0.059575,156,45,0,0,7,1,3,3,2,3,0,0,0,4,4,0,Fuzzers,1,1
45497,0.536927,tcp,-,FIN,10,6,600,268,27.936759,254,252,8045.786621,3337.511475,2,0,3946.3041,6577.3245,389264.3709,14514.05,255,3738475984,1460955064,255,0.087011,0.030478,0.056533,60,45,0,0,14,1,5,5,4,5,0,0,0,6,9,0,Fuzzers,1,1
45498,31.891287,tcp,-,FIN,20,12,3116,536,0.972052,254,252,742.773438,123.419289,4,1,1677.530368,2894.57375,226369.9785,8956.65,255,1122363548,3364557339,255,0.110545,0.05097,0.059575,156,45,0,0,7,1,3,3,2,3,0,0,0,4,4,0,Fuzzers,1,1
45501,31.891287,tcp,-,FIN,20,12,3116,536,0.972052,254,252,742.773438,123.419289,4,1,1677.530368,2894.57375,226369.9785,8956.65,255,1122363548,3364557339,255,0.110545,0.05097,0.059575,156,45,0,0,7,1,3,3,2,3,0,0,0,4,4,0,Fuzzers,1,1
45509,0.806984,tcp,-,FIN,10,6,592,268,18.587729,254,252,5283.871582,2220.614014,2,0,8607.7683,14349.832,852896.4511,31798.666,255,1057528719,3773804157,255,0.26045,0.142301,0.118149,59,45,0,0,4,1,1,1,1,1,0,0,0,1,3,0,Fuzzers,1,1
45513,0.806984,tcp,-,FIN,10,6,592,268,18.587729,254,252,5283.871582,2220.614014,2,0,8607.7683,14349.832,852896.4511,31798.666,255,1057528719,3773804157,255,0.26045,0.142301,0.118149,59,45,0,0,4,1,1,1,1,1,0,0,0,1,3,0,Fuzzers,1,1
45515,48.549618,tcp,-,FIN,20,16,1292,708,0.720912,254,252,202.349686,109.413841,4,1,2554.510158,3230.68325,341270.3176,11724.589,255,1605897504,1955766198,255,0.172334,0.089348,0.082986,65,44,0,0,6,1,3,3,2,3,0,0,0,4,6,0,Fuzzers,1,1
45517,0.806984,tcp,-,FIN,10,6,592,268,18.587729,254,252,5283.871582,2220.614014,2,0,8607.7683,14349.832,852896.4511,31798.666,255,1057528719,3773804157,255,0.26045,0.142301,0.118149,59,45,0,0,5,1,2,2,2,2,0,0,0,2,3,0,Fuzzers,1,1
45518,48.549618,tcp,-,FIN,20,16,1292,708,0.720912,254,252,202.349686,109.413841,4,1,2554.510158,3230.68325,341270.3176,11724.589,255,1605897504,1955766198,255,0.172334,0.089348,0.082986,65,44,0,0,6,1,3,3,2,3,0,0,0,4,6,0,Fuzzers,1,1
45519,2.060465,tcp,http,FIN,40,218,2096,277783,124.729121,62,252,7936.072266,1073579.0,2,107,52.832436,9.257945,2562.918903,1069.699568,255,1534271593,1604634547,255,0.07324,0.048979,0.024261,52,1274,1,134252,2,1,1,1,1,1,0,0,1,2,1,0,Exploits,1,1
45540,4.60005,tcp,pop3,FIN,38,122,1742,137036,34.564842,62,252,2951.272217,236367.8594,7,59,124.325676,36.743116,7517.559836,3844.87228,255,2240724040,2635475097,255,0.239675,0.153635,0.08604,46,1123,0,0,1,1,1,1,1,1,0,0,0,1,1,0,DoS,1,1
45544,0.714568,tcp,-,FIN,10,6,620,268,20.991704,254,252,6247.130859,2507.808838,1,0,8302.0942,13838.068,823470.158,30676.936,255,2181778665,220221707,255,0.331036,0.140491,0.190545,62,45,0,0,13,1,3,2,2,2,0,0,0,3,7,0,Fuzzers,1,1
45546,1.54575,tcp,http,FIN,26,118,1492,148473,92.511724,62,252,7426.81543,761908.4375,2,57,61.830001,12.706172,3047.758912,1434.631474,255,3762097880,229885059,255,0.103792,0.058609,0.045183,57,1258,1,71599,1,1,1,1,1,1,0,0,1,3,1,0,Exploits,1,1
45548,0.714568,tcp,-,FIN,10,6,620,268,20.991704,254,252,6247.130859,2507.808838,1,0,8302.0942,13838.068,823470.158,30676.936,255,2181778665,220221707,255,0.331036,0.140491,0.190545,62,45,0,0,13,1,3,2,2,2,0,0,0,3,7,0,Fuzzers,1,1
45550,1.592941,tcp,ftp,FIN,14,12,2740,682,15.694241,254,252,12781.38965,3143.870361,6,3,7281.510571,8488.019,848435.1736,27706.286,255,2014635360,685521474,255,0.188668,0.103289,0.085379,196,57,0,0,2,1,2,2,2,2,0,0,0,3,2,0,Fuzzers,1,1
45553,1.592941,tcp,ftp,FIN,14,12,2740,682,15.694241,254,252,12781.38965,3143.870361,6,3,7281.510571,8488.019,848435.1736,27706.286,255,2014635360,685521474,255,0.188668,0.103289,0.085379,196,57,0,0,2,1,2,2,2,2,0,0,0,3,2,0,Fuzzers,1,1
45556,1.592941,tcp,ftp,FIN,14,12,2740,682,15.694241,254,252,12781.38965,3143.870361,6,3,7281.510571,8488.019,848435.1736,27706.286,255,2014635360,685521474,255,0.188668,0.103289,0.085379,196,57,0,0,2,1,2,2,2,2,0,0,0,3,2,0,Fuzzers,1,1
45559,1.592941,tcp,ftp,FIN,14,12,2740,682,15.694241,254,252,12781.38965,3143.870361,6,3,7281.510571,8488.019,848435.1736,27706.286,255,2014635360,685521474,255,0.188668,0.103289,0.085379,196,57,0,0,2,1,2,2,2,2,0,0,0,3,2,0,Fuzzers,1,1
45560,0.806984,tcp,-,FIN,10,6,592,268,18.587729,254,252,5283.871582,2220.614014,2,0,8607.7683,14349.832,852896.4511,31798.666,255,1057528719,3773804157,255,0.26045,0.142301,0.118149,59,45,0,0,5,1,2,2,2,2,0,0,0,2,3,0,Fuzzers,1,1
45561,3.30328,tcp,-,FIN,158,28,199554,1214,56.004939,254,252,480228.125,2835.968994,76,1,20.921987,119.349594,4022.515255,314.753062,255,2684143254,939822882,255,0.116393,0.080831,0.035562,1263,43,0,0,8,1,1,1,1,1,0,0,0,3,1,0,Fuzzers,1,1
45563,0.806984,tcp,-,FIN,10,6,592,268,18.587729,254,252,5283.871582,2220.614014,2,0,8607.7683,14349.832,852896.4511,31798.666,255,1057528719,3773804157,255,0.26045,0.142301,0.118149,59,45,0,0,5,1,2,2,2,2,0,0,0,2,3,0,Fuzzers,1,1
45567,0.806984,tcp,-,FIN,10,6,592,268,18.587729,254,252,5283.871582,2220.614014,2,0,8607.7683,14349.832,852896.4511,31798.666,255,1057528719,3773804157,255,0.26045,0.142301,0.118149,59,45,0,0,5,1,2,2,2,2,0,0,0,2,3,0,Fuzzers,1,1
45584,1.385049,tcp,-,FIN,126,22,158813,956,106.13343,254,252,910021.25,5273.459473,60,1,10.65728,60.501906,1207.759682,82.499539,255,3297539229,497435678,255,0.202645,0.114498,0.088147,1260,43,0,0,4,1,1,1,1,1,0,0,0,1,3,0,Fuzzers,1,1
45594,1.654296,tcp,-,FIN,138,24,172450,1042,97.322363,254,252,827909.875,4831.058105,66,1,12.0707,69.536086,1322.991825,86.483414,255,2015542487,3013834738,255,0.102639,0.05496,0.047679,1250,43,0,0,2,1,1,1,1,1,0,0,0,1,2,0,Fuzzers,1,1
45598,2.936041,tcp,-,FIN,140,28,181288,1214,56.879312,254,252,490440.0,3190.690918,67,1,20.693763,104.840336,2197.841806,139.904937,255,585766815,80692631,255,0.23636,0.105347,0.131013,1295,43,0,0,3,1,1,1,1,1,0,0,0,1,1,0,Fuzzers,1,1
45616,3.37651,tcp,http,FIN,102,628,4862,830875,215.903409,62,252,11408.22949,1965466.125,2,312,33.430793,5.374352,1775.793427,707.393446,255,1200024504,2989313380,255,0.051804,0.006097,0.045707,48,1323,1,402575,2,1,1,1,1,1,0,0,1,1,1,0,DoS,1,1
45625,18.351212,udp,dns,CON,202,200,19356,18000,21.851418,254,60,8396.612305,7807.658691,0,0,91.299539,90.890539,106.383398,105.52718,0,0,0,0,0.0,0.0,0.0,96,90,0,0,1,3,1,1,1,1,0,0,0,1,1,0,Exploits,1,1
45627,13.131373,tcp,smtp,FIN,846,142,1135726,6390,75.163501,62,252,691098.4375,3865.551514,420,2,15.737918,93.534117,1800.326433,107.910383,255,1100383011,2596381248,255,0.159825,0.053634,0.106191,1342,45,0,0,1,1,1,1,1,1,0,0,0,2,1,0,Exploits,1,1
45628,31.891287,tcp,-,FIN,20,12,3116,536,0.972052,254,252,742.773438,123.419289,4,1,1677.530368,2894.57375,226369.9785,8956.65,255,1122363548,3364557339,255,0.110545,0.05097,0.059575,156,45,0,0,7,1,3,3,2,3,0,0,0,4,4,0,Fuzzers,1,1
45703,3.634745,tcp,smtp,FIN,240,54,304095,3132,80.610885,62,252,666518.3125,6765.812012,117,8,15.208138,67.268055,1565.38949,77.482086,255,364103143,213149786,255,0.11773,0.068994,0.048736,1267,58,0,0,2,1,1,2,1,1,0,0,0,4,1,0,Exploits,1,1
45758,0.272196,tcp,http,FIN,42,24,45578,18600,238.798517,254,252,1307675.375,523887.2188,17,8,6.638927,11.288913,611.471353,952.892938,255,443021630,1775735270,255,0.05187,0.007972,0.043898,1085,775,1,8446,1,1,1,1,1,1,0,0,1,1,1,0,Generic,1,1
45794,1.357028,tcp,smtp,FIN,136,36,155107,2460,126.010664,62,252,907671.75,14101.4043,65,8,10.052059,38.118059,989.556471,46.847906,255,4017676344,2603657035,255,0.054494,0.00762,0.046874,1140,68,0,0,1,1,1,1,1,1,0,0,0,1,1,0,Exploits,1,1
45816,2.387162,tcp,smtp,FIN,94,30,104340,2310,51.52562,62,252,345950.5625,7483.363281,44,8,25.668408,80.164586,2591.950397,119.443539,255,218948704,2130430014,255,0.171895,0.061561,0.110334,1110,77,0,0,1,1,2,1,1,1,0,0,0,2,1,0,Exploits,1,1
45820,1.106258,tcp,smtp,FIN,104,32,114478,2272,122.033012,62,252,819902.75,15916.7207,49,8,10.740369,35.378258,957.179431,42.865434,255,3903087567,2637463293,255,0.060145,0.008887,0.051258,1101,71,0,0,1,1,1,1,1,1,0,0,0,1,1,0,Exploits,1,1
45822,1.106258,tcp,smtp,FIN,104,32,114478,2272,122.033012,62,252,819902.75,15916.7207,49,8,10.740369,35.378258,957.179431,42.865434,255,3903087567,2637463293,255,0.060145,0.008887,0.051258,1101,71,0,0,1,1,1,1,1,1,0,0,0,1,1,0,Exploits,1,1
45830,1.927263,tcp,-,FIN,148,26,186002,1128,89.764603,254,252,766874.0625,4503.796387,71,1,12.931904,74.066922,1442.878116,100.983648,255,458972083,4211258633,255,0.173641,0.075588,0.098053,1257,43,0,0,4,1,1,1,1,1,0,0,0,3,1,0,Fuzzers,1,1
45860,3.360342,tcp,http,FIN,22,36,3576,40800,16.962559,62,252,8127.744141,94435.625,8,16,160.016286,93.636256,15509.60876,13005.98514,255,215083460,3516612446,255,0.115082,0.082248,0.032834,163,1133,1,109,1,1,1,1,1,1,0,0,1,1,1,0,Exploits,1,1
45863,3.145358,tcp,http,FIN,84,504,3972,655469,186.62422,62,252,9982.964844,1663833.5,2,247,37.89588,6.178781,1867.862144,763.505148,255,3316057397,1341849982,255,0.084629,0.035323,0.049306,47,1301,1,326451,3,1,1,2,1,1,0,0,1,2,1,0,Exploits,1,1
45891,1.471365,tcp,http,FIN,58,14,68115,612,48.254513,254,252,363966.8125,3093.72583,26,1,25.793948,101.121617,2493.581173,132.270531,255,4063364212,853436615,255,0.246763,0.156776,0.089987,1174,44,1,0,1,1,1,1,1,1,0,0,1,2,1,0,Fuzzers,1,1
45899,0.461528,tcp,-,FIN,10,6,558,268,32.500736,254,252,8718.864258,3882.754639,2,0,7858.4089,13094.54,781199.2318,29103.886,255,1819805110,1649858926,255,0.082793,0.047254,0.035539,56,45,0,0,12,1,4,4,3,4,0,0,0,5,8,0,Fuzzers,1,1
45905,0.461528,tcp,-,FIN,10,6,558,268,32.500736,254,252,8718.864258,3882.754639,2,0,7858.4089,13094.54,781199.2318,29103.886,255,1819805110,1649858926,255,0.082793,0.047254,0.035539,56,45,0,0,12,1,4,4,3,4,0,0,0,5,8,0,Fuzzers,1,1
45911,0.461528,tcp,-,FIN,10,6,558,268,32.500736,254,252,8718.864258,3882.754639,2,0,7858.4089,13094.54,781199.2318,29103.886,255,1819805110,1649858926,255,0.082793,0.047254,0.035539,56,45,0,0,12,1,4,4,3,4,0,0,0,5,8,0,Fuzzers,1,1
45972,35.864513,tcp,-,FIN,30,14,17792,622,1.198957,254,252,3836.438477,128.929672,9,1,1235.389172,2753.84275,205457.4146,9318.652,255,142324652,1629378502,255,0.106357,0.06455,0.041807,593,44,0,0,4,1,2,2,2,2,0,0,0,2,4,0,Fuzzers,1,1
45974,35.864513,tcp,-,FIN,30,14,17792,622,1.198957,254,252,3836.438477,128.929672,9,1,1235.389172,2753.84275,205457.4146,9318.652,255,142324652,1629378502,255,0.106357,0.06455,0.041807,593,44,0,0,4,1,2,2,2,2,0,0,0,2,4,0,Fuzzers,1,1
46045,3.385263,tcp,smtp,FIN,228,50,276396,2978,81.825253,62,252,650310.5,6898.134766,111,8,14.913053,67.737734,1461.562539,77.297469,255,1586224207,1854488947,255,0.096552,0.051427,0.045125,1212,60,0,0,2,1,1,2,1,1,0,0,0,2,1,0,Exploits,1,1
46068,3.328592,tcp,smtp,FIN,378,72,476454,4014,134.891868,62,252,1142090.125,9515.133789,186,8,8.829156,45.913438,1370.503652,91.278188,255,1419216527,3312994769,255,0.087531,0.029978,0.057553,1260,56,0,0,1,1,1,1,1,1,0,0,0,1,1,0,Exploits,1,1
46070,3.385263,tcp,smtp,FIN,228,50,276396,2978,81.825253,62,252,650310.5,6898.134766,111,8,14.913053,67.737734,1461.562539,77.297469,255,1586224207,1854488947,255,0.096552,0.051427,0.045125,1212,60,0,0,2,1,1,2,1,1,0,0,0,2,1,0,Exploits,1,1
46075,0.572744,tcp,http,FIN,22,92,1712,115688,197.295821,62,252,22837.42773,1598354.5,2,44,27.273523,6.211549,1317.325777,743.581537,255,238570501,791132880,255,0.051714,0.006863,0.044851,78,1257,1,55622,1,1,1,1,1,1,0,0,1,1,2,0,Generic,1,1
46076,1.63342,tcp,http,FIN,62,368,2994,474405,262.639127,62,252,14428.62207,2317180.0,2,182,26.777377,4.430439,1430.991783,613.028586,255,1770317310,3131533431,255,0.051777,0.006669,0.045108,48,1289,1,229567,2,1,2,1,1,1,0,0,1,1,3,0,Exploits,1,1
46110,6.808105,tcp,smtp,FIN,306,70,395645,3762,55.081407,62,252,463392.375,4358.334473,150,8,22.321655,97.400352,2496.428376,129.763078,255,1569250677,869568188,255,0.209116,0.086925,0.122191,1293,54,0,0,1,1,1,1,1,1,0,0,0,2,1,0,Exploits,1,1
46118,6.808105,tcp,smtp,FIN,306,70,395645,3762,55.081407,62,252,463392.375,4358.334473,150,8,22.321655,97.400352,2496.428376,129.763078,255,1569250677,869568188,255,0.209116,0.086925,0.122191,1293,54,0,0,1,1,1,1,1,1,0,0,0,2,1,0,Exploits,1,1
46141,0.871884,tcp,smtp,FIN,84,28,93854,1924,127.310515,62,252,850911.375,17029.78906,40,6,10.504626,31.981667,1071.997498,1678.793324,255,4107537143,1789978595,255,0.007641,0.007641,0.0,1117,69,0,0,1,1,1,1,1,1,0,0,0,1,1,0,Exploits,1,1
46148,0.828169,tcp,smtp,FIN,108,32,122484,2222,167.840141,254,252,1172224.5,20797.6875,51,8,7.739897,26.266807,750.95509,31.824094,255,1843040523,1118221957,255,0.026486,0.013193,0.013293,1134,69,0,0,1,1,1,1,1,1,0,0,0,1,1,0,Generic,1,1
46165,4.862428,tcp,-,FIN,152,906,6778,1224752,217.381102,62,252,11079.23828,2012823.125,6,451,32.20151,5.363195,1650.393265,659.772543,255,2562963913,2401458052,255,0.053169,0.008049,0.04512,45,1352,0,0,1,1,1,1,1,1,0,0,0,1,2,0,Exploits,1,1
46181,0.368585,tcp,http,FIN,14,40,1464,47744,143.793159,62,252,29518.29297,1010372.125,2,18,28.352692,9.108461,1408.367571,1074.709537,255,110877228,600474391,255,0.062541,0.012525,0.050016,105,1194,1,22682,1,1,1,1,1,1,0,0,1,1,1,0,Generic,1,1
46240,2.97116,tcp,smtp,FIN,336,66,420953,3704,134.964125,62,252,1130066.375,9822.426758,165,8,8.869134,45.380969,1430.042328,83.870398,255,2486829913,2191524997,255,0.042248,0.020836,0.021412,1253,56,0,0,1,1,1,1,1,1,0,0,0,1,1,0,Exploits,1,1
46252,2.379641,tcp,http,FIN,60,18,68191,784,32.357821,254,252,225428.9531,2491.13208,27,1,40.317458,130.482,4224.692533,200.940031,255,1990791120,186105371,255,0.324327,0.161444,0.162883,1137,44,0,0,4,1,1,1,1,1,0,0,0,1,2,0,Fuzzers,1,1
46267,5.390308,tcp,smtp,FIN,730,128,983692,6478,158.989062,62,252,1457942.75,9540.085938,345,8,7.394112,42.382188,1088.866598,2838.027218,255,834964661,2174503135,255,0.053013,0.007132,0.045881,1348,51,0,0,1,1,1,1,1,1,0,0,0,1,1,0,Exploits,1,1
46269,4.421413,tcp,smtp,FIN,244,54,301209,3134,67.173097,62,252,542767.6875,5565.641602,119,8,18.195115,82.404305,1842.104571,90.753094,255,1204905852,1030802915,255,0.100831,0.053584,0.047247,1234,58,0,0,1,1,1,1,1,1,0,0,0,1,1,0,Exploits,1,1
46270,8.846416,tcp,-,FIN,544,98,754595,4224,72.458718,254,252,681141.8125,3780.966064,269,1,16.227794,89.731547,1911.641138,112.278414,255,350921338,3950259,255,0.216762,0.142446,0.074316,1387,43,0,0,4,1,1,1,1,1,0,0,0,2,1,0,DoS,1,1
46294,0.571841,tcp,-,FIN,10,6,838,268,26.231068,254,252,10562.37695,3133.738281,1,0,10347.4416,17249.662,1029492.29,38375.076,255,1230449789,3034309991,255,0.179248,0.105474,0.073774,84,45,0,0,6,1,2,2,2,2,0,0,0,2,6,0,Fuzzers,1,1
46300,0.571841,tcp,-,FIN,10,6,838,268,26.231068,254,252,10562.37695,3133.738281,1,0,10347.4416,17249.662,1029492.29,38375.076,255,1230449789,3034309991,255,0.179248,0.105474,0.073774,84,45,0,0,6,1,2,2,2,2,0,0,0,2,6,0,Fuzzers,1,1
46347,1.017934,tcp,http,FIN,34,170,1796,217081,199.423545,62,252,13706.19336,1696023.625,2,83,30.846485,5.883397,1681.341708,797.38801,255,1426430040,341748847,255,0.052439,0.006979,0.04546,53,1277,1,104877,1,1,1,1,1,1,0,0,1,1,1,0,DoS,1,1
46378,2.458519,tcp,smtp,FIN,194,44,231703,2876,96.3995,62,252,750074.3125,9146.970703,94,8,12.73844,56.646953,1279.934482,63.669641,255,3909595916,210614942,255,0.081637,0.021998,0.059639,1194,65,0,0,1,1,1,1,1,1,0,0,0,1,1,0,Exploits,1,1
46384,6.737633,tcp,pop3,FIN,200,1212,8698,1632226,209.42072,62,252,10276.60547,1936442.625,7,604,33.857453,5.55403,1705.556357,660.558722,255,3177558134,2098178989,255,0.049702,0.006075,0.043627,43,1347,0,0,1,1,1,1,1,1,0,0,0,1,1,0,Exploits,1,1
46387,3.046452,tcp,-,FIN,126,126,135340,135366,82.390924,254,252,352583.25,352651.5313,53,54,24.370136,23.857608,2050.662244,1980.190487,255,2329448268,2975468765,255,0.116273,0.064244,0.052029,1074,1074,0,0,3,1,1,1,1,1,0,0,0,1,2,0,Fuzzers,1,1
46413,2.646951,tcp,http,FIN,28,112,1596,143295,52.513251,62,252,4651.389648,429221.4063,2,53,98.006479,21.976333,5383.070124,2625.096425,255,1743175181,4281317851,255,0.425166,0.207575,0.217591,57,1279,0,0,1,1,1,1,1,1,0,0,0,1,1,0,Exploits,1,1
46441,1.619121,tcp,http,FIN,56,300,3156,407508,219.254775,62,252,15316.95313,2006767.875,3,148,29.438563,5.206301,1506.656116,655.989847,255,574902800,2417973646,255,0.057376,0.012584,0.044792,56,1358,1,213,2,1,1,1,1,1,0,0,1,1,1,0,Exploits,1,1
46446,1.686019,tcp,http,FIN,34,174,1732,222339,122.774421,62,252,7980.930664,1048918.25,2,85,51.091485,9.326491,2417.592517,1087.870635,255,2069381229,3963946638,255,0.110296,0.039058,0.071238,51,1278,1,107292,1,1,1,1,1,1,0,0,1,1,1,0,Generic,1,1
46475,1.722431,tcp,-,FIN,118,20,145341,870,79.538748,254,252,669333.0625,3841.082764,56,1,14.72018,88.020789,1829.299969,159.979203,255,1632864639,3442231614,255,0.183802,0.050034,0.133768,1232,44,0,0,1,1,1,1,1,1,0,0,0,2,1,0,Fuzzers,1,1
46488,2.738692,tcp,http,FIN,134,28,170491,4958,58.787186,254,252,494306.0313,13965.79102,64,3,20.585496,97.044705,2368.94898,6026.554948,255,753890202,4007921016,255,0.254387,0.118483,0.135904,1272,177,0,0,2,1,2,1,1,1,0,0,0,1,1,0,Generic,1,1
46526,2.015943,tcp,smtp,CON,293,56,369890,3142,172.623924,62,252,1462850.875,12246.37793,144,7,6.903914,36.161109,772.114056,44.470887,255,1275244579,2165332475,255,0.024814,0.010998,0.013816,1262,56,0,0,1,3,1,1,1,1,0,0,0,1,1,0,Exploits,1,1
46553,52.193748,tcp,-,FIN,22,12,5172,536,0.63226,254,252,756.718994,75.411331,10,1,2482.705953,4740.4855,354675.9899,14781.532,255,3126268024,120060582,255,0.076574,0.048396,0.028178,235,45,0,0,6,1,2,2,2,2,0,0,0,2,4,0,Fuzzers,1,1
46563,52.193748,tcp,-,FIN,22,12,5172,536,0.63226,254,252,756.718994,75.411331,10,1,2482.705953,4740.4855,354675.9899,14781.532,255,3126268024,120060582,255,0.076574,0.048396,0.028178,235,45,0,0,6,1,2,2,2,2,0,0,0,2,4,0,Fuzzers,1,1
46578,1.291302,tcp,http,CON,34,170,2580,218718,157.205677,62,252,15519.2207,1347056.0,2,79,37.574909,7.602586,1988.81885,916.651344,255,3565459043,1729749572,255,0.051,0.006459,0.044541,76,1287,1,131015,1,3,1,1,1,1,0,0,1,1,1,0,Generic,1,1
46581,3.800242,tcp,smtp,FIN,584,102,742150,5138,180.251681,62,252,1559648.125,10710.89746,289,8,6.518425,37.409219,769.858043,46.331996,255,3589597585,4021962395,255,0.06824,0.021423,0.046817,1271,50,0,0,1,1,1,1,1,1,0,0,0,1,1,0,Exploits,1,1
46604,3.867432,tcp,smtp,FIN,606,106,773890,5336,183.842917,62,252,1598193.25,10934.38672,281,8,6.39245,36.580668,770.302506,56.671668,255,25073478,568559396,255,0.05143,0.007475,0.043955,1277,50,0,0,1,1,1,1,1,1,0,0,0,1,1,0,Exploits,1,1
46636,40.062668,tcp,http,FIN,496,3128,21690,4252752,90.433318,62,252,4322.62793,848948.5625,2,1561,80.934728,12.779619,3839.702149,1499.38214,255,3128286609,1823512407,255,0.217017,0.100707,0.11631,44,1360,1,2063451,1,1,1,1,1,1,0,0,1,2,1,0,Exploits,1,1
46637,2.990637,tcp,http,FIN,42,212,2622,282467,84.59736,62,252,6848.039062,752040.4375,2,104,72.942366,13.632237,3511.57643,1528.657103,255,1413312187,700733288,255,0.148844,0.113585,0.035259,62,1332,0,0,1,1,1,1,1,1,0,0,0,4,1,0,Generic,1,1
46678,3.111495,tcp,pop3,FIN,66,324,2934,410868,125.020287,62,252,7430.511719,1053127.25,7,152,47.869154,9.414922,2356.783772,997.36332,255,931695234,4207399911,255,0.079923,0.058711,0.021212,44,1268,0,0,1,1,1,1,1,1,0,0,0,1,1,0,Exploits,1,1
46692,4.874555,tcp,-,FIN,130,128,136534,136474,52.72276,254,252,222353.0156,222228.2813,53,54,37.780588,37.435133,3039.151203,2979.271511,255,967197481,3736973540,255,0.184971,0.120289,0.064682,1050,1066,0,0,2,1,1,1,1,1,0,0,0,1,1,0,Fuzzers,1,1
46698,5.663817,tcp,-,FIN,60,310,2600,412456,65.150411,62,252,3611.69873,580705.1875,1,153,95.996897,18.05845,4576.886577,1957.804637,255,1732828920,1056597289,255,0.158923,0.0829,0.076023,43,1331,0,0,2,1,1,1,1,1,0,0,0,1,4,0,Exploits,1,1
46704,40.716087,tcp,pop3,FIN,556,3504,23988,4750303,99.690325,62,252,4704.774414,933085.3125,7,1750,73.362361,11.599319,3690.948229,1420.786704,255,2587992089,2579990093,255,0.190271,0.082978,0.107293,43,1356,0,0,1,1,4,1,1,1,0,0,0,1,1,0,Exploits,1,1
46716,3.760727,tcp,http,FIN,170,32,226647,1386,53.447114,254,252,479298.8125,2856.894531,82,1,22.250035,118.059836,2383.815605,151.273922,255,3891353750,2507032630,255,0.214018,0.100871,0.113147,1333,43,0,0,1,1,1,1,1,1,0,0,0,1,1,0,Exploits,1,1
46720,2.414134,tcp,smtp,FIN,254,54,314496,3106,127.167753,62,252,1038079.875,10103.83008,124,8,9.542032,45.076527,1115.791633,68.904938,255,2594200709,2732557134,255,0.070711,0.024402,0.046309,1238,58,0,0,1,1,1,1,1,1,0,0,0,1,1,0,Exploits,1,1
46781,2.780483,tcp,-,FIN,128,128,136380,136406,91.710685,254,252,389328.0313,389402.8438,54,55,21.887283,21.360103,2007.034539,1991.789902,255,3532791795,2394871317,255,0.135252,0.067746,0.067506,1065,1066,0,0,3,1,2,1,1,1,0,0,0,1,2,0,Fuzzers,1,1
46818,2.847489,tcp,smtp,FIN,158,40,185789,2546,69.183759,62,252,518671.6875,6975.970703,76,8,18.136873,71.373873,2003.23747,3712.560032,255,2889632463,104666757,255,0.131277,0.063212,0.068065,1176,64,0,0,2,1,1,1,1,1,0,0,0,1,1,0,Exploits,1,1
46839,19.541933,udp,-,INT,4,0,2130,0,0.153516,254,0,654.182983,0.0,0,0,6513.9775,0.0,9212.141,0.0,0,0,0,0,0.0,0.0,0.0,533,0,0,0,39,2,13,13,1,13,0,0,0,13,39,0,Fuzzers,1,1
46846,0.483825,tcp,-,FIN,10,6,538,268,31.002945,254,252,8019.428711,3703.818604,2,0,10581.771,17635.704,1053495.335,39259.332,255,1953484821,796473235,255,0.132728,0.050353,0.082375,54,45,0,0,12,1,2,2,2,2,0,0,0,3,6,0,Fuzzers,1,1
46847,0.999446,tcp,http,FIN,20,72,1260,87122,91.050444,62,252,9581.308594,687677.0,2,34,52.602421,13.733901,2832.957681,1750.749186,255,751457347,1212091674,255,0.061062,0.023565,0.037497,63,1210,1,41856,1,1,3,1,1,1,0,0,1,1,1,0,Exploits,1,1
46852,0.483825,tcp,-,FIN,10,6,538,268,31.002945,254,252,8019.428711,3703.818604,2,0,10581.771,17635.704,1053495.335,39259.332,255,1953484821,796473235,255,0.132728,0.050353,0.082375,54,45,0,0,12,1,2,2,2,2,0,0,0,3,6,0,Fuzzers,1,1
46860,2.07455,tcp,http,FIN,74,434,4282,580983,244.39036,254,252,16292.69043,2235260.75,2,215,28.418492,4.774552,1549.694042,666.023898,255,140623668,3134020698,255,0.061767,0.006495,0.055272,58,1339,1,281412,1,1,1,1,1,1,0,0,1,1,1,0,Generic,1,1
46879,31.751846,tcp,-,FIN,20,12,1316,536,0.976321,254,252,315.194275,123.961296,6,1,1671.133263,2883.76075,224608.1732,8904.09,255,3738475863,1460955064,255,0.087011,0.030478,0.056533,66,45,0,0,16,1,4,4,4,4,0,0,0,7,7,0,Fuzzers,1,1
46886,31.751846,tcp,-,FIN,20,12,1316,536,0.976321,254,252,315.194275,123.961296,6,1,1671.133263,2883.76075,224608.1732,8904.09,255,3738475863,1460955064,255,0.087011,0.030478,0.056533,66,45,0,0,16,1,4,4,4,4,0,0,0,7,7,0,Fuzzers,1,1
46892,31.751846,tcp,-,FIN,20,12,1316,536,0.976321,254,252,315.194275,123.961296,6,1,1671.133263,2883.76075,224608.1732,8904.09,255,3738475863,1460955064,255,0.087011,0.030478,0.056533,66,45,0,0,16,1,4,4,4,4,0,0,0,7,7,0,Fuzzers,1,1
46899,31.751846,tcp,-,FIN,20,12,1316,536,0.976321,254,252,315.194275,123.961296,6,1,1671.133263,2883.76075,224608.1732,8904.09,255,3738475863,1460955064,255,0.087011,0.030478,0.056533,66,45,0,0,16,1,4,4,4,4,0,0,0,7,7,0,Fuzzers,1,1
46940,59.990246,tcp,smtp,CON,4812,750,6424273,32770,92.698403,62,252,856531.0,4364.30957,2405,6,12.469391,79.84975,1505.694678,92.91218,255,2572379214,2817283852,255,0.178609,0.094615,0.083994,1335,44,0,0,1,3,1,1,1,1,0,0,0,3,1,0,Exploits,1,1
46941,0.402386,tcp,http,FIN,64,14,74017,612,191.358542,254,252,1448579.25,11312.52051,29,1,5.892603,28.740691,604.453271,39.692332,255,3382560200,4199820268,255,0.036547,0.028749,0.007798,1157,44,1,0,1,1,1,1,1,1,0,0,1,1,1,0,Exploits,1,1
46956,2.598458,tcp,http,FIN,26,112,1476,135943,52.723576,62,252,4371.82373,414799.8438,2,53,103.938317,22.221081,6623.718046,2922.823369,255,733216546,4215219087,255,0.232735,0.131174,0.101561,57,1214,0,0,2,1,1,2,1,1,0,0,0,2,1,0,Exploits,1,1
46963,2.284455,tcp,-,FIN,132,24,167821,1042,67.849879,254,252,583246.3125,3498.427246,63,1,17.435931,95.545742,2065.200104,141.159766,255,325174660,3524776577,255,0.128236,0.086901,0.041335,1271,43,0,0,3,1,1,1,1,1,0,0,0,1,2,0,Fuzzers,1,1
46974,0.60563,tcp,http,FIN,112,20,136017,870,216.303691,254,252,1780664.875,10924.16211,53,1,5.296757,31.525789,565.925306,39.077824,255,2503154537,3708031971,255,0.050775,0.006629,0.044146,1214,44,0,0,2,1,1,1,1,1,0,0,0,1,2,0,Exploits,1,1
46982,31.751846,tcp,-,FIN,20,12,1316,536,0.976321,254,252,315.194275,123.961296,6,1,1671.133263,2883.76075,224608.1732,8904.09,255,3738475863,1460955064,255,0.087011,0.030478,0.056533,66,45,0,0,16,1,4,4,4,4,0,0,0,7,7,0,Fuzzers,1,1
46983,0.646723,tcp,http,FIN,26,118,2070,149917,221.114768,62,252,24628.7832,1838771.875,2,57,25.86892,5.39688,1312.767543,669.66935,255,710405275,4247700784,255,0.033349,0.014506,0.018843,80,1270,1,72192,1,1,1,1,1,1,0,0,1,1,1,0,Generic,1,1
46988,31.751846,tcp,-,FIN,20,12,1316,536,0.976321,254,252,315.194275,123.961296,6,1,1671.133263,2883.76075,224608.1732,8904.09,255,3738475863,1460955064,255,0.087011,0.030478,0.056533,66,45,0,0,16,1,4,4,4,4,0,0,0,7,7,0,Fuzzers,1,1
46992,0.337117,tcp,http,FIN,54,12,61987,526,192.811406,254,252,1443771.75,11461.89648,24,1,6.360698,29.916818,624.564026,45.177402,255,381023199,2587549685,255,0.053726,0.007305,0.046421,1148,44,1,0,2,1,1,1,1,1,0,0,1,1,1,0,Exploits,1,1
46994,31.751846,tcp,-,FIN,20,12,1316,536,0.976321,254,252,315.194275,123.961296,6,1,1671.133263,2883.76075,224608.1732,8904.09,255,3738475863,1460955064,255,0.087011,0.030478,0.056533,66,45,0,0,16,1,4,4,4,4,0,0,0,7,7,0,Fuzzers,1,1
47001,31.751846,tcp,-,FIN,20,12,1316,536,0.976321,254,252,315.194275,123.961296,6,1,1671.133263,2883.76075,224608.1732,8904.09,255,3738475863,1460955064,255,0.087011,0.030478,0.056533,66,45,0,0,16,1,4,4,4,4,0,0,0,7,7,0,Fuzzers,1,1
47017,6.610154,tcp,smtp,FIN,444,82,564562,4372,79.423261,62,252,681728.125,5227.109375,219,8,14.919217,81.075312,2043.196042,127.548156,255,3896704901,1252414726,255,0.127575,0.043044,0.084531,1272,53,0,0,1,1,1,1,1,1,0,0,0,1,1,0,Exploits,1,1
47021,0.904321,tcp,http,FIN,26,114,1922,142871,153.70648,62,252,16357.02344,1252811.75,2,55,36.17284,7.751292,1878.001668,942.752736,255,1050831146,686779472,255,0.052739,0.006544,0.046195,74,1253,1,68766,1,1,1,1,1,1,0,0,1,1,1,0,Generic,1,1
47029,5.469539,tcp,-,FIN,74,388,3438,502567,84.28498,62,252,4961.29541,733183.5,6,192,74.925188,13.993871,3686.911376,1568.782817,255,1497206921,2276300165,255,0.118355,0.053222,0.065133,46,1295,0,0,1,1,1,1,1,1,0,0,0,1,2,0,Exploits,1,1
47030,54.688499,tcp,-,FIN,20,16,1956,708,0.639988,254,252,271.940186,97.131943,4,1,2878.293316,3642.261,387357.1068,13300.522,255,2130881448,2775670970,255,0.119366,0.054573,0.064793,98,44,0,0,5,1,3,3,2,3,0,0,0,3,5,0,Fuzzers,1,1
47031,0.99269,tcp,smtp,FIN,150,38,172777,2404,188.377031,62,252,1383118.5,18865.91016,72,8,6.662349,26.224459,642.63716,30.74624,255,2707332882,3862053555,255,0.031083,0.010742,0.020341,1152,63,0,0,1,1,1,1,1,1,0,0,0,1,1,0,Exploits,1,1
47034,0.99269,tcp,smtp,FIN,150,38,172777,2404,188.377031,62,252,1383118.5,18865.91016,72,8,6.662349,26.224459,642.63716,30.74624,255,2707332882,3862053555,255,0.031083,0.010742,0.020341,1152,63,0,0,1,1,1,1,1,1,0,0,0,1,1,0,Exploits,1,1
47037,54.688499,tcp,-,FIN,20,16,1956,708,0.639988,254,252,271.940186,97.131943,4,1,2878.293316,3642.261,387357.1068,13300.522,255,2130881448,2775670970,255,0.119366,0.054573,0.064793,98,44,0,0,5,1,3,3,2,3,0,0,0,3,5,0,Fuzzers,1,1
47058,6.889499,tcp,smtp,FIN,54,24,49836,2004,11.176429,62,252,56798.32422,2230.641113,23,8,129.990548,295.767812,20869.19869,928.0645,255,514436303,3875000696,255,0.176294,0.085955,0.090339,923,84,0,0,1,1,7,1,1,7,0,0,0,9,1,0,Exploits,1,1
47060,2.900802,tcp,http,FIN,22,38,2972,42260,20.339203,62,252,7824.043457,113480.3438,8,17,138.133432,78.199704,15284.51555,12039.72027,255,1892970754,4222038532,255,0.050847,0.006746,0.044101,135,1112,1,109,1,1,1,1,1,1,0,0,1,1,1,0,Exploits,1,1
47064,1.813111,tcp,-,FIN,114,22,140797,956,74.457661,254,252,615790.25,4028.435303,54,1,16.03677,81.788906,1673.256491,97.496414,255,1470568711,1810799803,255,0.128941,0.095541,0.0334,1235,43,0,0,1,1,1,1,1,1,0,0,0,3,1,0,Fuzzers,1,1
47075,32.018127,tcp,-,FIN,20,14,3224,622,1.030666,254,252,765.316467,144.418182,4,1,1685.164632,2458.3975,227347.0941,8342.488,255,1636301838,3798975352,255,0.108635,0.058125,0.05051,161,44,0,0,10,1,2,2,2,2,0,0,0,2,10,0,Fuzzers,1,1
47080,32.018127,tcp,-,FIN,20,14,3224,622,1.030666,254,252,765.316467,144.418182,4,1,1685.164632,2458.3975,227347.0941,8342.488,255,1636301838,3798975352,255,0.108635,0.058125,0.05051,161,44,0,0,10,1,2,2,2,2,0,0,0,2,10,0,Fuzzers,1,1
47082,32.018127,tcp,-,FIN,20,14,3224,622,1.030666,254,252,765.316467,144.418182,4,1,1685.164632,2458.3975,227347.0941,8342.488,255,1636301838,3798975352,255,0.108635,0.058125,0.05051,161,44,0,0,10,1,2,2,2,2,0,0,0,2,10,0,Fuzzers,1,1
47086,32.018127,tcp,-,FIN,20,14,3224,622,1.030666,254,252,765.316467,144.418182,4,1,1685.164632,2458.3975,227347.0941,8342.488,255,1636301838,3798975352,255,0.108635,0.058125,0.05051,161,44,0,0,10,1,2,2,2,2,0,0,0,2,10,0,Fuzzers,1,1
47120,1.782137,tcp,http,FIN,62,362,3506,482405,237.355485,254,252,15487.02441,2159533.25,2,179,29.21536,4.915477,1493.829268,634.596782,255,658955500,4165984637,255,0.051718,0.006914,0.044804,57,1333,1,233551,1,1,1,1,1,1,0,0,1,1,1,0,Generic,1,1
47125,1.51309,tcp,-,FIN,92,18,118531,784,72.038014,254,252,619886.4375,3917.810547,43,1,16.162044,83.593766,1686.629364,106.862961,255,2110976585,3494432276,255,0.179652,0.091989,0.087663,1288,44,0,0,3,1,1,1,1,1,0,0,0,3,3,0,Fuzzers,1,1
47191,0.635568,tcp,http,FIN,112,20,136021,870,206.114838,254,252,1696838.0,10409.58594,53,1,5.725838,33.073051,594.178435,40.976355,255,3313006541,1696208252,255,0.051278,0.006572,0.044706,1214,44,0,0,2,1,1,1,1,1,0,0,0,1,2,0,Exploits,1,1
47208,0.695079,tcp,-,FIN,112,20,135729,870,188.467778,254,252,1548232.625,9518.341797,53,1,6.261973,36.215895,622.269925,41.982281,255,4134412195,2206016866,255,0.051578,0.006198,0.04538,1212,44,0,0,1,1,1,1,1,1,0,0,0,1,1,0,Generic,1,1
47215,3.649993,tcp,smtp,FIN,644,114,856386,5852,207.397661,62,252,1874101.125,12714.54492,319,8,5.676506,32.202238,742.979067,46.351957,255,2639172917,66249748,255,0.050671,0.005487,0.045184,1330,51,0,0,2,1,1,1,1,1,0,0,0,1,1,0,Exploits,1,1
47236,3.60481,tcp,smtp,FIN,158,40,185675,2662,54.649205,62,252,409452.9375,5761.191406,76,8,22.960573,90.176797,2277.989574,111.647398,255,1751302026,3179867726,255,0.119578,0.051906,0.067672,1175,67,0,0,1,1,1,1,1,1,0,0,0,1,1,0,Exploits,1,1
47245,1.23605,tcp,-,FIN,54,12,63859,526,52.586869,254,252,405659.9688,3126.087158,24,1,22.521264,97.865727,2419.607171,150.379828,255,83916782,1241638927,255,0.324652,0.159516,0.165136,1183,44,0,0,2,1,1,1,1,1,0,0,0,1,2,0,Fuzzers,1,1
47431,2.544937,tcp,smtp,FIN,160,40,188617,2622,78.194473,62,252,589213.8125,8037.92041,77,8,16.005352,64.591437,1549.802164,74.240641,255,1799915449,3522379860,255,0.089637,0.02586,0.063777,1179,66,0,0,2,1,3,2,1,1,0,0,0,2,1,0,Exploits,1,1
47489,0.368163,tcp,-,FIN,10,6,658,268,40.742824,254,252,12885.59766,4867.40918,1,0,8885.1858,14808.459,885166.0869,32973.88,255,1647394246,1070756520,255,0.151844,0.076092,0.075752,66,45,0,0,9,1,3,3,2,3,0,0,0,3,8,0,Fuzzers,1,1
47500,0.368163,tcp,-,FIN,10,6,658,268,40.742824,254,252,12885.59766,4867.40918,1,0,8885.1858,14808.459,885166.0869,32973.88,255,1647394246,1070756520,255,0.151844,0.076092,0.075752,66,45,0,0,9,1,3,3,2,3,0,0,0,3,8,0,Fuzzers,1,1
47501,1.053697,tcp,http,FIN,32,164,2222,211503,185.062691,62,252,16346.25488,1596011.0,2,79,33.990225,6.358405,2056.037802,967.640109,255,1123008884,2369117282,255,0.06264,0.016626,0.046014,69,1290,1,102180,1,1,1,1,1,1,0,0,1,2,1,0,Generic,1,1
47518,2.643444,tcp,smtp,FIN,180,42,214423,2640,83.603055,62,252,645315.6875,7801.942871,87,8,14.767313,62.998293,1464.55678,72.051312,255,3341141903,2097345152,255,0.08673,0.06051,0.02622,1191,63,0,0,1,1,1,1,1,1,0,0,0,1,1,0,Exploits,1,1
47521,2.643444,tcp,smtp,FIN,180,42,214423,2640,83.603055,62,252,645315.6875,7801.942871,87,8,14.767313,62.998293,1464.55678,72.051312,255,3341141903,2097345152,255,0.08673,0.06051,0.02622,1191,63,0,0,1,1,1,1,1,1,0,0,0,1,1,0,Exploits,1,1
47614,4.823935,tcp,smtp,FIN,374,72,465206,4116,92.24834,62,252,769434.9375,6731.434082,184,8,12.932801,67.293898,1480.419479,82.055578,255,3804058635,4139502767,255,0.092884,0.045418,0.047466,1244,57,0,0,2,1,1,1,1,1,0,0,0,1,1,0,Exploits,1,1
47616,4.823935,tcp,smtp,FIN,374,72,465206,4116,92.24834,62,252,769434.9375,6731.434082,184,8,12.932801,67.293898,1480.419479,82.055578,255,3804058635,4139502767,255,0.092884,0.045418,0.047466,1244,57,0,0,2,1,1,1,1,1,0,0,0,1,1,0,Exploits,1,1
47620,0.889992,tcp,http,FIN,112,20,137785,870,147.192335,254,252,1227471.75,7433.774902,53,1,7.776928,46.181422,927.183935,71.771297,255,444543701,4048075441,255,0.061513,0.012541,0.048972,1230,44,0,0,2,1,1,1,1,1,0,0,0,1,1,0,Exploits,1,1
47622,2.191221,tcp,smtp,FIN,310,62,386544,3758,169.311996,62,252,1406697.0,13501.14844,152,8,7.09133,35.774738,798.014895,45.45834,255,1754147189,4276514366,255,0.0556,0.008379,0.047221,1247,61,0,0,1,1,1,1,1,1,0,0,0,1,1,0,Exploits,1,1
47629,8.431409,tcp,http,FIN,210,1349,9776,1804776,184.78525,62,252,9232.146484,1711162.625,3,608,40.34167,6.24149,2254.636407,804.974274,255,4260278198,2689452466,255,0.050522,0.006259,0.044263,47,1338,0,0,3,1,1,2,1,1,0,0,0,2,1,0,Exploits,1,1
47639,1.66482,tcp,http,FIN,82,20,96094,1730,60.667221,254,252,456135.8125,7899.953125,38,2,19.980729,76.121633,2472.546853,110.36607,255,556740286,1769907263,255,0.32028,0.218508,0.101772,1172,87,0,0,3,1,1,1,1,1,0,0,0,1,1,0,DoS,1,1
47652,3.239219,tcp,http,FIN,42,228,2180,294160,83.044711,62,252,5258.057617,723310.1875,2,112,78.988875,13.52222,3817.485195,1709.574834,255,1284191667,3382771870,255,0.275413,0.169668,0.105745,52,1290,1,142256,1,1,1,1,1,1,0,0,1,2,1,0,Exploits,1,1
47709,0.825155,tcp,-,FIN,10,8,526,354,20.602189,254,252,4595.5,3005.49585,2,0,9550.3648,11941.338,947032.2538,31316.11,255,3738475984,1460955064,255,0.087011,0.030478,0.056533,53,44,0,0,10,1,2,2,2,2,0,0,0,2,7,0,Fuzzers,1,1
47716,0.825155,tcp,-,FIN,10,8,526,354,20.602189,254,252,4595.5,3005.49585,2,0,9550.3648,11941.338,947032.2538,31316.11,255,3738475984,1460955064,255,0.087011,0.030478,0.056533,53,44,0,0,10,1,2,2,2,2,0,0,0,2,7,0,Fuzzers,1,1
47723,0.702428,tcp,-,FIN,10,6,610,268,21.354502,254,252,6252.598145,2551.151123,1,0,7547.3704,12582.48,747905.2013,27866.884,255,1473526580,2033502767,255,0.06868,0.030643,0.038037,61,45,0,0,4,1,2,2,2,2,0,0,0,3,6,0,Fuzzers,1,1
47734,3.473926,tcp,smtp,FIN,340,68,432662,3736,117.158509,62,252,993435.0625,8479.166992,167,8,10.247569,51.293867,1084.302504,57.324602,255,1777301046,3368447105,255,0.096779,0.036454,0.060325,1273,55,0,0,1,1,1,1,1,1,0,0,0,3,1,0,Exploits,1,1
47767,0.702428,tcp,-,FIN,10,6,610,268,21.354502,254,252,6252.598145,2551.151123,1,0,7547.3704,12582.48,747905.2013,27866.884,255,1473526580,2033502767,255,0.06868,0.030643,0.038037,61,45,0,0,4,1,2,2,2,2,0,0,0,3,6,0,Fuzzers,1,1
47813,2.141731,tcp,http,FIN,50,286,2508,369937,156.415533,62,252,9181.358398,1376994.625,2,141,43.708796,7.305856,2126.550131,870.359255,255,3913724088,3392505180,255,0.087649,0.058878,0.028771,50,1293,1,178977,1,1,1,1,1,1,0,0,1,1,1,0,Exploits,1,1
47834,1.232303,tcp,smtp,FIN,152,37,176502,2462,152.559879,62,252,1138298.0,15554.61621,71,7,8.160947,33.783168,792.096695,39.876074,255,3436514868,1943138224,255,0.033296,0.015483,0.017813,1161,67,0,0,2,1,1,2,1,1,0,0,0,2,1,0,Exploits,1,1
47838,1.602625,tcp,http,FIN,242,40,307958,1730,175.337336,254,252,1530918.375,8421.183594,118,1,6.561726,40.659871,759.286248,50.504258,255,3232543089,945620664,255,0.075195,0.01688,0.058315,1273,43,1,0,1,1,1,1,1,1,0,0,1,1,1,0,Exploits,1,1
47889,2.846611,tcp,smtp,FIN,156,40,181143,2572,68.50251,62,252,505814.0938,7048.381348,74,8,18.365233,71.094383,1828.970036,97.499297,255,2474303294,1250107367,255,0.114172,0.062024,0.052148,1161,64,0,0,1,1,1,1,1,1,0,0,0,3,1,0,Exploits,1,1
47907,31.9891,tcp,ssl,FIN,42,182,2500,230686,6.971125,254,252,610.457947,57374.29297,4,89,780.221976,176.170366,118266.0798,57062.60048,255,1624313021,584350241,255,0.155265,0.10216,0.053105,60,1268,0,0,5,1,3,3,1,3,0,0,0,4,5,0,Generic,1,1
47929,2.797956,tcp,-,FIN,128,128,135932,135958,91.13796,254,252,385627.2188,385698.7188,54,55,22.03115,21.271197,1917.378953,2019.08417,255,2160380559,515348214,255,0.170763,0.077196,0.093567,1062,1062,0,0,3,1,1,1,1,1,0,0,0,2,2,0,Fuzzers,1,1
48000,53.025837,tcp,smtp,FIN,5196,784,6864820,33944,112.756353,62,252,1035495.063,5114.638672,2594,2,10.205409,67.67375,1254.952667,77.048469,255,3725564079,3453311778,255,0.184012,0.068697,0.115315,1321,43,0,0,1,1,1,1,1,1,0,0,0,2,1,0,Exploits,1,1
48027,36.591019,tcp,http,FIN,426,2668,18660,3566898,84.528939,62,252,4070.28833,779549.125,2,1331,86.096556,13.680391,5382.970251,2073.248349,255,1754512668,1280815340,255,0.231332,0.105066,0.126266,44,1337,0,0,1,1,3,1,1,1,0,0,0,1,2,0,Exploits,1,1
48041,11.866757,tcp,smtp,FIN,1256,200,1634185,9608,122.611422,62,252,1100812.25,6444.894531,625,8,9.455584,59.275793,1106.690104,65.685359,255,2478883926,548834170,255,0.104244,0.070206,0.034038,1301,48,0,0,1,1,1,1,1,1,0,0,0,2,1,0,Exploits,1,1
48065,59.908634,tcp,-,CON,846,394,352990,16952,20.681493,254,252,47081.42578,2257.97168,422,1,70.897678,152.365859,3337.288658,157.091953,255,380608697,930012124,255,0.072579,0.028824,0.043755,417,43,0,0,1,4,1,1,1,1,0,0,0,1,1,0,DoS,1,1
48091,1.033802,tcp,-,FIN,10,8,534,354,16.444154,254,252,3722.182617,2398.911865,1,0,10083.081,12611.499,998132.8699,33003.946,255,2201522280,1990045932,255,0.115694,0.045267,0.070427,53,44,0,0,6,1,3,3,3,3,0,0,0,3,5,0,Fuzzers,1,1
48101,1.033802,tcp,-,FIN,10,8,534,354,16.444154,254,252,3722.182617,2398.911865,1,0,10083.081,12611.499,998132.8699,33003.946,255,2201522280,1990045932,255,0.115694,0.045267,0.070427,53,44,0,0,6,1,3,3,3,3,0,0,0,3,5,0,Fuzzers,1,1
48149,7.586427,tcp,http,FIN,58,246,4626,328508,39.939749,62,252,4794.878906,345008.7813,8,120,133.080708,30.595605,11168.62755,5721.723136,255,1847697027,3433449638,255,0.154292,0.090493,0.063799,80,1335,1,109,1,1,2,1,1,1,0,0,1,1,1,0,Exploits,1,1
48153,0.719596,tcp,-,FIN,10,6,546,268,20.845029,254,252,5469.735352,2490.286133,2,0,7700.4794,12829.268,762825.3564,28407.166,255,3263348231,622235735,255,0.078762,0.050996,0.027766,55,45,0,0,15,1,3,3,3,3,0,0,0,4,9,0,Fuzzers,1,1
48161,0.719596,tcp,-,FIN,10,6,546,268,20.845029,254,252,5469.735352,2490.286133,2,0,7700.4794,12829.268,762825.3564,28407.166,255,3263348231,622235735,255,0.078762,0.050996,0.027766,55,45,0,0,15,1,3,3,3,3,0,0,0,4,9,0,Fuzzers,1,1
48166,6.727745,tcp,-,FIN,54,38,42756,4340,13.526077,254,252,49900.82031,5025.160645,24,16,126.919379,174.593047,7818.55151,223.586594,255,661409566,3558516026,255,0.465034,0.267801,0.197233,792,114,0,0,2,1,1,1,1,1,0,0,0,1,1,0,Exploits,1,1
48195,1.033802,tcp,-,FIN,10,8,534,354,16.444154,254,252,3722.182617,2398.911865,1,0,10083.081,12611.499,998132.8699,33003.946,255,2201522280,1990045932,255,0.115694,0.045267,0.070427,53,44,0,0,6,1,3,3,3,3,0,0,0,3,5,0,Fuzzers,1,1
48199,2.621,tcp,-,FIN,130,130,136494,136520,98.817243,254,252,413414.7188,413491.0313,55,56,20.31024,19.786395,1713.462375,1645.9866,255,4009643415,1062817679,255,0.106983,0.068545,0.038438,1050,1050,0,0,2,1,1,1,1,1,0,0,0,1,1,0,Fuzzers,1,1
48217,20.434874,udp,-,INT,4,0,2128,0,0.146808,254,0,624.81427,0.0,0,0,6811.624,0.0,9633.083,0.0,0,0,0,0,0.0,0.0,0.0,532,0,0,0,39,2,13,13,1,13,0,0,0,13,39,0,Fuzzers,1,1
48268,0.503664,tcp,http,FIN,20,78,1256,96874,192.588704,62,252,18965.02344,1518996.75,2,37,26.508632,6.28161,1291.329413,763.88561,255,507463181,4258729917,255,0.048375,0.019424,0.028951,63,1242,1,46592,1,1,1,1,1,1,0,0,1,1,1,0,Exploits,1,1
48273,0.503664,tcp,http,FIN,20,78,1256,96874,192.588704,62,252,18965.02344,1518996.75,2,37,26.508632,6.28161,1291.329413,763.88561,255,507463181,4258729917,255,0.048375,0.019424,0.028951,63,1242,1,46592,1,1,1,1,1,1,0,0,1,1,1,0,Exploits,1,1
48318,0.749279,tcp,http,FIN,26,28,20158,27206,70.734664,62,252,206950.9375,280109.2813,9,11,29.971161,23.077777,2309.010023,2330.654358,255,849747593,3850659195,255,0.141844,0.109487,0.032357,775,972,1,12767,1,1,2,1,1,1,0,0,1,1,1,0,Exploits,1,1
48348,40.653107,tcp,-,FIN,20,12,1100,536,0.762549,254,252,205.642334,96.819168,4,1,2139.603211,3691.04075,286936.4078,11370.881,255,686873338,3400772861,255,0.092082,0.051652,0.04043,55,45,0,0,12,1,3,3,2,3,0,0,0,5,5,0,Fuzzers,1,1
48362,2.079601,tcp,-,FIN,172,30,217655,1300,96.653154,254,252,832428.875,4835.542969,83,1,11.905076,69.395687,1350.768723,83.21318,255,1484250557,1689072671,255,0.153194,0.067115,0.086079,1265,43,0,0,6,1,1,1,1,1,0,0,0,3,1,0,Fuzzers,1,1
48379,56.325111,tcp,-,FIN,184,36,222832,1568,3.888141,254,252,31477.39844,216.599655,259,1,307.670181,1606.394,126087.0372,8995.007,255,2371537608,3633926212,255,0.150745,0.101325,0.04942,1211,44,0,0,4,1,2,2,2,2,0,0,0,3,3,0,Fuzzers,1,1
48381,7.247759,tcp,smtp,FIN,182,44,218861,2816,31.044079,62,252,240249.7188,3037.628662,88,8,40.042866,166.294422,9356.445612,582.768438,255,1903049285,1792878534,255,0.174682,0.096525,0.078157,1203,64,0,0,1,1,1,1,1,1,0,0,0,1,1,0,Exploits,1,1
48387,56.325111,tcp,-,FIN,184,36,222832,1568,3.888141,254,252,31477.39844,216.599655,259,1,307.670181,1606.394,126087.0372,8995.007,255,2371537608,3633926212,255,0.150745,0.101325,0.04942,1211,44,0,0,4,1,2,2,2,2,0,0,0,3,3,0,Fuzzers,1,1
48402,0.467095,tcp,-,FIN,10,6,836,268,32.113382,254,252,12896.73438,3836.47876,2,0,10782.353,17969.93,1073695.46,40019.928,255,1057528719,3773804157,255,0.26045,0.142301,0.118149,84,45,0,0,9,1,2,2,2,2,0,0,0,2,8,0,Fuzzers,1,1
48403,5.49486,tcp,-,FIN,86,466,4636,630610,100.275527,62,252,6672.41748,916139.0625,5,230,64.643823,11.685673,3235.091168,1364.352892,255,4212428318,1669128645,255,0.106056,0.061011,0.045045,54,1353,0,0,2,1,1,1,1,1,0,0,0,2,1,0,Generic,1,1
48408,0.467095,tcp,-,FIN,10,6,836,268,32.113382,254,252,12896.73438,3836.47876,2,0,10782.353,17969.93,1073695.46,40019.928,255,1057528719,3773804157,255,0.26045,0.142301,0.118149,84,45,0,0,9,1,2,2,2,2,0,0,0,2,8,0,Fuzzers,1,1
48420,2.065462,tcp,-,FIN,46,276,1998,350609,155.413163,62,252,7572.155273,1353068.625,1,135,45.899157,7.442291,3625.555596,1144.095244,255,961250581,473149626,255,0.062903,0.008586,0.054317,43,1270,0,169472,2,1,1,1,1,1,0,0,0,2,2,0,Exploits,1,1
48460,0.467095,tcp,-,FIN,10,6,836,268,32.113382,254,252,12896.73438,3836.47876,2,0,10782.353,17969.93,1073695.46,40019.928,255,1057528719,3773804157,255,0.26045,0.142301,0.118149,84,45,0,0,6,1,2,2,1,2,0,0,0,2,6,0,Fuzzers,1,1
48468,0.467095,tcp,-,FIN,10,6,836,268,32.113382,254,252,12896.73438,3836.47876,2,0,10782.353,17969.93,1073695.46,40019.928,255,1057528719,3773804157,255,0.26045,0.142301,0.118149,84,45,0,0,6,1,2,2,1,2,0,0,0,2,6,0,Fuzzers,1,1
48523,39.136543,tcp,-,FIN,626,266,260790,11438,22.766446,254,252,53223.71094,2329.280762,310,0,62.910938,148.031953,3582.446256,161.028859,255,381891234,930012124,255,0.072579,0.028824,0.043755,417,43,0,0,1,1,3,1,1,1,0,0,0,1,11,0,DoS,1,1
48529,2.960123,tcp,smtp,FIN,386,74,497550,4002,155.061121,62,252,1341192.875,10669.82715,190,8,7.688631,39.986125,844.574737,47.632969,255,4264640637,1926136856,255,0.060454,0.011617,0.048837,1289,54,0,0,1,1,1,1,1,1,0,0,0,1,1,0,Exploits,1,1
48533,1.690584,tcp,ftp,FIN,12,12,634,682,13.604767,254,252,2754.077881,2962.290039,2,3,5474.412333,5474.3565,584318.7329,17677.21,255,912924890,1009229108,255,0.096686,0.042221,0.054465,53,57,0,0,2,1,4,2,2,3,0,0,0,4,2,0,Fuzzers,1,1
48544,3.49687,tcp,http,FIN,104,14,126355,612,33.458492,254,252,286292.5938,1301.735596,61,1,33.820641,267.306312,6812.804199,659.544313,255,4129607034,993193175,255,0.095049,0.021877,0.073172,1215,44,0,0,2,1,7,1,1,1,0,0,0,1,1,0,Exploits,1,1
48553,1.359233,tcp,http,FIN,22,94,1706,114956,84.606538,254,252,9587.759766,669401.0625,2,44,64.680241,13.962279,3491.52048,1713.194157,255,2988792870,4254517332,255,0.128753,0.060735,0.068018,78,1223,1,55203,1,1,2,1,1,1,0,0,1,1,1,0,Generic,1,1
48559,2.435221,tcp,smtp,FIN,312,62,394662,3608,153.168853,62,252,1292360.75,11662.18652,152,8,7.830293,39.712,830.338306,47.176047,255,1584832219,1365283413,255,0.070186,0.011732,0.058454,1265,58,0,0,1,1,1,1,1,1,0,0,0,1,1,0,Exploits,1,1
48585,2.958401,tcp,smtp,FIN,158,40,185550,2476,66.590027,62,252,498582.8438,6530.554688,76,8,18.843319,73.759,1842.264214,87.342484,255,427559923,1214578423,255,0.096627,0.054874,0.041753,1174,62,0,0,1,1,1,1,1,1,0,0,0,2,1,0,Exploits,1,1
48591,32.069771,tcp,-,FIN,20,14,3224,622,1.029006,254,252,764.084045,144.185623,4,1,1686.996368,2462.871,226758.7553,8338.5725,255,137508811,2177099859,255,0.100987,0.052442,0.048545,161,44,0,0,10,1,3,3,2,3,0,0,0,3,10,0,Fuzzers,1,1
48594,32.069771,tcp,-,FIN,20,14,3224,622,1.029006,254,252,764.084045,144.185623,4,1,1686.996368,2462.871,226758.7553,8338.5725,255,137508811,2177099859,255,0.100987,0.052442,0.048545,161,44,0,0,10,1,3,3,2,3,0,0,0,3,10,0,Fuzzers,1,1
48613,1.690584,tcp,ftp,FIN,12,12,634,682,13.604767,254,252,2754.077881,2962.290039,2,3,5474.412333,5474.3565,584318.7329,17677.21,255,912924890,1009229108,255,0.096686,0.042221,0.054465,53,57,0,0,2,1,4,2,2,3,0,0,0,4,2,0,Fuzzers,1,1
48615,32.069771,tcp,-,FIN,20,14,3224,622,1.029006,254,252,764.084045,144.185623,4,1,1686.996368,2462.871,226758.7553,8338.5725,255,137508811,2177099859,255,0.100987,0.052442,0.048545,161,44,0,0,10,1,3,3,2,3,0,0,0,3,10,0,Fuzzers,1,1
48619,32.069771,tcp,-,FIN,20,14,3224,622,1.029006,254,252,764.084045,144.185623,4,1,1686.996368,2462.871,226758.7553,8338.5725,255,137508811,2177099859,255,0.100987,0.052442,0.048545,161,44,0,0,10,1,3,3,2,3,0,0,0,3,10,0,Fuzzers,1,1
48652,3.627144,tcp,-,FIN,104,20,127245,870,33.910977,254,252,277953.125,1824.024536,49,1,35.214991,186.506687,6447.919018,430.23575,255,2406486341,1231180416,255,0.159057,0.08309,0.075967,1224,44,0,0,4,1,1,1,1,1,0,0,0,3,1,0,Fuzzers,1,1
48719,56.325111,tcp,-,FIN,184,36,222832,1568,3.888141,254,252,31477.39844,216.599655,259,1,307.670181,1606.394,126087.0372,8995.007,255,2371537608,3633926212,255,0.150745,0.101325,0.04942,1211,44,0,0,4,1,2,2,2,2,0,0,0,3,3,0,Fuzzers,1,1
48730,4.080954,tcp,http,FIN,34,110,3560,142017,35.040826,62,252,6774.88623,275868.8125,8,53,123.665273,36.706825,12541.44013,7214.953003,255,1888007251,2846603364,255,0.14738,0.079084,0.068296,105,1291,2,802,2,1,1,1,1,1,0,0,1,2,1,0,Exploits,1,1
48732,31.946449,tcp,-,FIN,20,12,1068,536,0.970374,254,252,254.175354,123.206184,4,1,1680.206,2899.465,227774.338,9025.7,255,1707952709,2809070011,255,0.081908,0.052322,0.029586,53,45,0,0,4,1,4,3,3,3,0,0,0,3,5,0,Fuzzers,1,1
48734,0.719596,tcp,-,FIN,10,6,546,268,20.845029,254,252,5469.735352,2490.286133,2,0,7700.4794,12829.268,762825.3564,28407.166,255,3263348231,622235735,255,0.078762,0.050996,0.027766,55,45,0,0,15,1,3,3,3,3,0,0,0,4,9,0,Fuzzers,1,1
48741,31.946449,tcp,-,FIN,20,12,1068,536,0.970374,254,252,254.175354,123.206184,4,1,1680.206,2899.465,227774.338,9025.7,255,1707952709,2809070011,255,0.081908,0.052322,0.029586,53,45,0,0,4,1,4,3,3,3,0,0,0,3,5,0,Fuzzers,1,1
48747,31.946449,tcp,-,FIN,20,12,1068,536,0.970374,254,252,254.175354,123.206184,4,1,1680.206,2899.465,227774.338,9025.7,255,1707952709,2809070011,255,0.081908,0.052322,0.029586,53,45,0,0,4,1,4,3,3,3,0,0,0,3,5,0,Fuzzers,1,1
48758,1.690584,tcp,ftp,FIN,12,12,634,682,13.604767,254,252,2754.077881,2962.290039,2,3,5474.412333,5474.3565,584318.7329,17677.21,255,912924890,1009229108,255,0.096686,0.042221,0.054465,53,57,0,0,2,1,4,2,2,3,0,0,0,4,2,0,Fuzzers,1,1
48763,31.946449,tcp,-,FIN,20,12,1068,536,0.970374,254,252,254.175354,123.206184,4,1,1680.206,2899.465,227774.338,9025.7,255,1707952709,2809070011,255,0.081908,0.052322,0.029586,53,45,0,0,4,1,4,3,3,3,0,0,0,3,5,0,Fuzzers,1,1
48802,56.325111,tcp,-,FIN,184,36,222832,1568,3.888141,254,252,31477.39844,216.599655,259,1,307.670181,1606.394,126087.0372,8995.007,255,2371537608,3633926212,255,0.150745,0.101325,0.04942,1211,44,0,0,4,1,2,2,2,2,0,0,0,3,3,0,Fuzzers,1,1
48826,2.003883,tcp,-,FIN,130,24,163357,1042,76.351767,254,252,647147.625,3988.25708,62,1,15.529574,83.232391,1696.314514,98.716328,255,3917807940,237490365,255,0.172075,0.089528,0.082547,1257,43,0,0,3,1,1,1,1,1,0,0,0,2,2,0,Fuzzers,1,1
48841,34.651272,tcp,-,FIN,64,28,55712,1492,2.626166,254,252,12661.46875,332.224457,58,9,550.020231,1280.44475,132133.3095,6262.0005,255,4018795977,1097326520,255,0.120288,0.06632,0.053968,871,53,0,0,5,1,2,2,2,2,0,0,0,2,5,0,Fuzzers,1,1
48846,1.690584,tcp,ftp,FIN,12,12,634,682,13.604767,254,252,2754.077881,2962.290039,2,3,5474.412333,5474.3565,584318.7329,17677.21,255,912924890,1009229108,255,0.096686,0.042221,0.054465,53,57,0,0,2,1,4,2,2,3,0,0,0,4,2,0,Fuzzers,1,1
48847,34.651272,tcp,-,FIN,64,28,55712,1492,2.626166,254,252,12661.46875,332.224457,58,9,550.020231,1280.44475,132133.3095,6262.0005,255,4018795977,1097326520,255,0.120288,0.06632,0.053968,871,53,0,0,5,1,2,2,2,2,0,0,0,2,5,0,Fuzzers,1,1
48885,0.489045,tcp,-,FIN,10,6,648,268,30.672024,254,252,9553.313477,3664.284424,2,0,10796.9786,17995.07,1074764.726,40068.02,255,3263348231,622235735,255,0.078762,0.050996,0.027766,65,45,0,0,8,1,4,4,3,4,0,0,0,4,8,0,Fuzzers,1,1
48893,0.489045,tcp,-,FIN,10,6,648,268,30.672024,254,252,9553.313477,3664.284424,2,0,10796.9786,17995.07,1074764.726,40068.02,255,3263348231,622235735,255,0.078762,0.050996,0.027766,65,45,0,0,8,1,4,4,3,4,0,0,0,4,8,0,Fuzzers,1,1
48895,3.129909,tcp,http,FIN,70,405,3372,518412,151.442101,62,252,8496.09375,1321781.5,2,183,45.361002,7.609708,2860.656816,1010.024095,255,1981203580,1121093464,255,0.102121,0.051713,0.050408,48,1280,1,16153,2,1,1,1,1,1,0,0,1,1,1,0,Exploits,1,1
48900,0.489045,tcp,-,FIN,10,6,648,268,30.672024,254,252,9553.313477,3664.284424,2,0,10796.9786,17995.07,1074764.726,40068.02,255,3263348231,622235735,255,0.078762,0.050996,0.027766,65,45,0,0,8,1,4,4,3,4,0,0,0,4,8,0,Fuzzers,1,1
48931,2.7595,tcp,smtp,FIN,162,40,193728,2700,72.839282,62,252,558167.75,7633.266602,78,8,17.139751,68.941484,1784.873379,87.273633,255,4047995624,262591581,255,0.086629,0.055269,0.03136,1196,68,0,0,1,1,1,1,1,1,0,0,0,1,1,0,Exploits,1,1
48933,2.044786,tcp,smtp,FIN,160,40,185879,2776,97.320699,62,252,722688.8125,10590.83984,77,8,12.860289,51.844309,1182.889491,56.930941,255,3466321689,2805829681,255,0.075754,0.022225,0.053529,1162,69,0,0,1,1,1,1,1,1,0,0,0,1,1,0,Exploits,1,1
48953,59.922993,tcp,-,CON,752,382,315088,16426,18.9076,254,252,42009.78516,2187.207275,375,0,79.977383,157.480141,3834.993254,164.064219,255,380913035,930012124,255,0.072579,0.028824,0.043755,419,43,0,0,3,4,1,1,1,1,0,0,0,2,2,0,DoS,1,1
48975,59.769596,tcp,-,CON,922,416,386318,17888,22.369233,254,252,51651.54688,2388.505371,460,0,65.023169,144.149109,3132.003344,150.027781,255,381716515,930012124,255,0.072579,0.028824,0.043755,419,43,0,0,1,4,1,1,1,1,0,0,0,1,1,0,DoS,1,1
49058,1.734842,tcp,smtp,FIN,194,44,233897,2892,136.611869,62,252,1073029.125,13036.3457,94,8,8.988819,39.404117,914.333412,46.563656,255,1798020408,2979528551,255,0.064209,0.013835,0.050374,1206,66,0,0,1,1,1,1,1,1,0,0,0,1,1,0,Exploits,1,1
49098,0.808193,tcp,-,FIN,18,10,6078,556,33.407861,254,252,56828.00781,4959.211426,5,4,6504.115111,11709.715,866742.3599,34895.264,255,395245351,2989390470,255,0.124297,0.062779,0.061518,338,56,0,0,6,1,3,3,3,3,0,0,0,3,7,0,Fuzzers,1,1
49100,0.808193,tcp,-,FIN,18,10,6078,556,33.407861,254,252,56828.00781,4959.211426,5,4,6504.115111,11709.715,866742.3599,34895.264,255,395245351,2989390470,255,0.124297,0.062779,0.061518,338,56,0,0,6,1,3,3,3,3,0,0,0,3,7,0,Fuzzers,1,1
49106,0.808193,tcp,-,FIN,18,10,6078,556,33.407861,254,252,56828.00781,4959.211426,5,4,6504.115111,11709.715,866742.3599,34895.264,255,395245351,2989390470,255,0.124297,0.062779,0.061518,338,56,0,0,6,1,3,3,3,3,0,0,0,3,7,0,Fuzzers,1,1
49139,4.136522,tcp,smtp,FIN,166,42,195934,2824,50.042042,62,252,376652.6875,5332.016113,80,8,25.065097,98.44093,2607.18708,123.772477,255,3183762893,930473978,255,0.194003,0.100436,0.093567,1180,67,0,0,1,1,1,1,1,1,0,0,0,1,1,0,Exploits,1,1
49142,3.098783,tcp,http,FIN,66,386,3522,515543,145.541007,62,252,8955.773438,1327509.5,2,190,47.673585,7.995834,2459.413217,1002.450424,255,1275279097,2491303041,255,0.085572,0.019818,0.065754,53,1336,1,249697,1,1,2,1,1,1,0,0,1,1,1,0,Generic,1,1
49208,35.594017,tcp,ftp,FIN,24,24,3312,1364,1.320447,254,252,713.378296,293.981995,7,10,1547.565958,1542.503,224359.7802,6943.232,255,1147638296,1803573432,255,0.106899,0.083984,0.022915,138,57,0,0,4,1,2,2,2,2,0,0,0,2,4,0,Fuzzers,1,1
49215,35.594017,tcp,ftp,FIN,24,24,3312,1364,1.320447,254,252,713.378296,293.981995,7,10,1547.565958,1542.503,224359.7802,6943.232,255,1147638296,1803573432,255,0.106899,0.083984,0.022915,138,57,0,0,4,1,2,2,2,2,0,0,0,2,4,0,Fuzzers,1,1
49218,59.704674,tcp,ftp,FIN,14,14,730,778,0.452226,254,252,90.84716,96.876839,3,4,4592.667538,4582.227,502039.5759,15181.539,255,2742289554,4108628645,255,0.15296,0.068115,0.084845,52,56,0,0,6,1,3,2,2,3,0,0,0,3,6,0,Fuzzers,1,1
49223,35.594017,tcp,ftp,FIN,24,24,3312,1364,1.320447,254,252,713.378296,293.981995,7,10,1547.565958,1542.503,224359.7802,6943.232,255,1147638296,1803573432,255,0.106899,0.083984,0.022915,138,57,0,0,4,1,2,2,2,2,0,0,0,2,4,0,Fuzzers,1,1
49267,35.594017,tcp,ftp,FIN,24,24,3312,1364,1.320447,254,252,713.378296,293.981995,7,10,1547.565958,1542.503,224359.7802,6943.232,255,1147638296,1803573432,255,0.106899,0.083984,0.022915,138,57,0,0,4,1,2,2,2,2,0,0,0,2,4,0,Fuzzers,1,1
49327,3.680823,tcp,smtp,FIN,82,30,83919,2226,30.156299,62,252,180168.3906,4677.214844,38,8,45.44226,123.310656,3613.561644,138.901813,255,30634768,2780668147,255,0.209555,0.10472,0.104835,1023,74,0,0,2,1,1,1,1,1,0,0,0,1,1,0,Exploits,1,1
49334,3.680823,tcp,smtp,FIN,82,30,83919,2226,30.156299,62,252,180168.3906,4677.214844,38,8,45.44226,123.310656,3613.561644,138.901813,255,30634768,2780668147,255,0.209555,0.10472,0.104835,1023,74,0,0,2,1,1,1,1,1,0,0,0,1,1,0,Exploits,1,1
49345,1.408476,tcp,smtp,FIN,192,44,229755,2762,166.847004,254,252,1298191.75,15335.72461,93,8,7.37422,32.321094,761.095158,37.949246,255,1906040160,5551163,255,0.031767,0.017979,0.013788,1197,63,0,0,1,1,1,1,1,1,0,0,0,1,1,0,DoS,1,1
49355,4.325852,tcp,smtp,FIN,378,72,483116,4002,103.794584,62,252,891085.5,7299.371582,186,8,11.474408,60.242621,1318.36783,75.276195,255,1966109837,3375330258,255,0.114516,0.048024,0.066492,1278,56,0,0,1,1,4,1,1,1,0,0,0,1,1,0,Exploits,1,1
49373,2.367595,tcp,http,FIN,68,408,3320,529463,200.625533,62,252,11055.94531,1784649.875,2,202,35.322434,5.684226,1861.921525,812.24142,255,1547689731,2276412714,255,0.108601,0.05411,0.054491,49,1298,1,256273,1,1,1,1,1,1,0,0,1,1,1,0,Exploits,1,1
49374,16.863312,udp,-,INT,4,0,2130,0,0.177901,254,0,758.095459,0.0,0,0,5621.104,0.0,7949.4295,0.0,0,0,0,0,0.0,0.0,0.0,533,0,0,0,39,2,12,12,1,12,0,0,0,12,39,0,Fuzzers,1,1
49378,59.971622,tcp,-,CON,1082,7090,46794,9554162,136.247773,62,252,6236.416016,1274311.375,6,3545,55.478019,8.440507,2900.018487,1111.739829,255,7739989,642190703,255,0.123538,0.044523,0.079015,43,1348,0,0,1,3,1,1,1,1,0,0,0,1,1,0,DoS,1,1
49399,1e-06,udp,-,INT,2,0,1064,0,1000000.003,254,0,4256000000.0,0.0,0,0,0.001,0.0,0.0,0.0,0,0,0,0,0.0,0.0,0.0,532,0,0,0,30,2,12,12,1,12,0,0,0,12,30,0,Fuzzers,1,1
49456,55.103306,tcp,smtp,FIN,5466,828,7219804,36512,114.203674,62,252,1047992.875,5294.491699,2730,8,10.082942,66.589555,1226.200637,76.056883,255,2977204058,1714371973,255,0.091559,0.033028,0.058531,1321,44,0,0,1,1,1,1,1,1,0,0,0,1,1,0,Exploits,1,1
49464,55.103306,tcp,smtp,FIN,5466,828,7219804,36512,114.203674,62,252,1047992.875,5294.491699,2730,8,10.082942,66.589555,1226.200637,76.056883,255,2977204058,1714371973,255,0.091559,0.033028,0.058531,1321,44,0,0,1,1,1,1,1,1,0,0,0,1,1,0,Exploits,1,1
49470,4.15453,tcp,ftp-data,FIN,64,390,2772,505052,109.037603,62,252,5254.986816,970038.9375,1,193,65.944917,10.518357,3597.894072,1478.277847,255,398371375,3698590144,255,0.151253,0.062378,0.088875,43,1295,0,0,1,1,2,1,1,2,0,0,0,2,1,0,Exploits,1,1
49513,4.15453,tcp,ftp-data,FIN,64,390,2772,505052,109.037603,62,252,5254.986816,970038.9375,1,193,65.944917,10.518357,3597.894072,1478.277847,255,398371375,3698590144,255,0.151253,0.062378,0.088875,43,1295,0,0,1,1,2,1,1,2,0,0,0,2,1,0,Exploits,1,1
49528,1.951086,tcp,smtp,FIN,248,52,301344,3032,153.247983,62,252,1230613.125,12194.23438,121,8,7.899134,37.541629,1005.42927,59.154988,255,1082336089,2569414828,255,0.081569,0.035923,0.045646,1215,58,0,0,1,1,1,1,1,1,0,0,0,1,1,0,Exploits,1,1
49553,31.946449,tcp,-,FIN,20,12,1068,536,0.970374,254,252,254.175354,123.206184,4,1,1680.206,2899.465,227774.338,9025.7,255,1707952709,2809070011,255,0.081908,0.052322,0.029586,53,45,0,0,4,1,4,3,3,3,0,0,0,3,5,0,Fuzzers,1,1
49571,0.505772,tcp,-,FIN,10,6,534,268,29.657633,254,252,7608.171387,3543.098389,2,0,9528.4137,15943.632,947739.6614,35495.416,255,4016167516,1566633851,255,0.099717,0.054376,0.045341,53,45,0,0,7,1,3,3,3,3,0,0,0,3,7,0,Fuzzers,1,1
49579,0.505772,tcp,-,FIN,10,6,534,268,29.657633,254,252,7608.171387,3543.098389,2,0,9528.4137,15943.632,947739.6614,35495.416,255,4016167516,1566633851,255,0.099717,0.054376,0.045341,53,45,0,0,7,1,3,3,3,3,0,0,0,3,7,0,Fuzzers,1,1
49606,13.529472,tcp,-,FIN,252,46,316710,2104,21.952076,254,252,186528.4844,1217.490234,118,3,53.723191,298.792594,19294.87292,1466.109,255,580920451,1464756514,255,0.10693,0.083804,0.023126,1257,46,0,0,6,1,3,1,1,3,0,0,0,11,5,0,Fuzzers,1,1
49609,0.488601,tcp,http,FIN,20,76,1222,94502,194.432677,62,252,19009.375,1526955.5,2,36,25.715842,6.425573,1244.244625,772.459857,255,3840284567,1367268721,255,0.050534,0.005915,0.044619,61,1243,1,45468,1,1,1,1,1,1,0,0,1,1,1,0,Exploits,1,1
49635,59.994354,tcp,smtp,CON,7340,1100,9779191,48052,140.663236,254,252,1303837.25,6401.802246,3669,6,8.167236,54.53225,1102.933823,73.850344,255,955442730,616445456,255,0.125634,0.06337,0.062264,1332,44,0,0,1,4,4,1,1,1,0,0,0,1,1,0,DoS,1,1
49675,29.354485,tcp,smtp,FIN,3638,548,4876926,23848,142.567654,254,252,1328747.125,6487.594727,1812,2,8.09491,53.639977,976.065852,60.90425,255,960185097,616445843,255,0.125634,0.06337,0.062264,1341,44,0,0,1,1,2,1,1,1,0,0,0,1,1,0,DoS,1,1
49747,2.716625,tcp,smtp,FIN,146,38,170086,2584,67.362997,62,252,497446.6563,7409.193359,70,8,18.735344,71.731242,2030.658651,98.139156,255,1054032433,92135170,255,0.109559,0.061987,0.047572,1165,68,0,0,1,1,1,1,1,1,0,0,0,1,1,0,Exploits,1,1
49901,0.518866,tcp,-,FIN,8,2,448,96,17.345519,254,252,6043.949707,740.075439,2,0,12273.02375,48857.6,1091868.171,48857.596,255,4016167516,1566633851,255,0.099717,0.054376,0.045341,56,48,0,0,7,1,3,3,3,3,0,0,0,4,5,0,Fuzzers,1,1
49914,0.518866,tcp,-,FIN,8,2,448,96,17.345519,254,252,6043.949707,740.075439,2,0,12273.02375,48857.6,1091868.171,48857.596,255,4016167516,1566633851,255,0.099717,0.054376,0.045341,56,48,0,0,7,1,3,3,3,3,0,0,0,4,5,0,Fuzzers,1,1
49959,2.937227,tcp,smtp,FIN,104,32,114614,2256,45.961718,62,252,309167.7813,5953.915039,49,8,28.516768,91.870836,2656.249494,113.87093,255,893428219,889479158,255,0.168964,0.08856,0.080404,1102,71,0,0,1,1,2,1,1,1,0,0,0,2,1,0,Exploits,1,1
49961,12.332178,tcp,http,FIN,278,1812,12378,2425476,169.394245,62,252,8001.181641,1572561.125,2,904,44.520498,6.773013,2169.713669,843.676299,255,1379890023,3491885685,255,0.136307,0.065316,0.070991,45,1339,1,1176137,1,1,1,1,1,1,0,0,1,1,1,0,Exploits,1,1
49985,2.937227,tcp,smtp,FIN,104,32,114614,2256,45.961718,62,252,309167.7813,5953.915039,49,8,28.516768,91.870836,2656.249494,113.87093,255,893428219,889479158,255,0.168964,0.08856,0.080404,1102,71,0,0,1,1,2,1,1,1,0,0,0,2,1,0,Exploits,1,1
49986,0.518866,tcp,-,FIN,8,2,448,96,17.345519,254,252,6043.949707,740.075439,2,0,12273.02375,48857.6,1091868.171,48857.596,255,4016167516,1566633851,255,0.099717,0.054376,0.045341,56,48,0,0,7,1,3,3,3,3,0,0,0,4,5,0,Fuzzers,1,1
50001,2.040789,tcp,http,FIN,22,94,1708,115786,56.350758,62,252,6393.605957,449061.625,2,44,97.180426,20.651646,7324.706512,2919.589565,255,1342639522,2412478138,255,0.164284,0.101363,0.062921,78,1232,1,55622,1,1,1,1,1,1,0,0,1,1,1,0,Generic,1,1
50161,1.863837,tcp,-,FIN,112,20,135733,870,70.285116,254,252,577398.125,3549.666504,53,1,16.574559,93.668734,1820.833254,127.998617,255,3119257411,2642225280,255,0.162891,0.084126,0.078765,1212,44,0,0,2,1,2,2,1,2,0,0,0,2,2,0,Fuzzers,1,1
50169,5.525447,tcp,smtp,FIN,326,70,419131,3968,71.48743,62,252,604976.9375,5663.976074,156,8,17.001376,78.186273,2027.553253,107.778195,255,1477771294,2833831141,255,0.197648,0.129703,0.067945,1286,57,0,0,2,1,1,1,1,1,0,0,0,5,1,0,Exploits,1,1
50231,32.184471,tcp,-,FIN,20,22,1216,1378,1.273906,254,252,287.343536,327.114288,6,7,1693.919579,1528.567,222535.0971,6526.7045,255,2935097602,3494183313,255,0.135527,0.06702,0.068507,61,63,0,0,4,1,4,3,3,3,0,0,0,3,4,0,Exploits,1,1
50238,32.184471,tcp,-,FIN,20,22,1216,1378,1.273906,254,252,287.343536,327.114288,6,7,1693.919579,1528.567,222535.0971,6526.7045,255,2935097602,3494183313,255,0.135527,0.06702,0.068507,61,63,0,0,4,1,4,3,3,3,0,0,0,3,4,0,Exploits,1,1
50239,40.613197,tcp,-,FIN,20,12,2852,536,0.763299,254,252,533.81665,96.914307,4,1,2136.326316,3680.1855,287029.5593,11363.743,255,2126683423,2347790705,255,0.197283,0.131152,0.066131,143,45,0,0,6,1,2,2,2,2,0,0,0,3,6,0,Fuzzers,1,1
50245,32.184471,tcp,-,FIN,20,22,1216,1378,1.273906,254,252,287.343536,327.114288,6,7,1693.919579,1528.567,222535.0971,6526.7045,255,2935097602,3494183313,255,0.135527,0.06702,0.068507,61,63,0,0,4,1,4,3,3,3,0,0,0,3,4,0,Exploits,1,1
50246,40.613197,tcp,-,FIN,20,12,2852,536,0.763299,254,252,533.81665,96.914307,4,1,2136.326316,3680.1855,287029.5593,11363.743,255,2126683423,2347790705,255,0.197283,0.131152,0.066131,143,45,0,0,6,1,2,2,2,2,0,0,0,3,6,0,Fuzzers,1,1
50291,4.793655,tcp,-,FIN,410,70,546460,3116,99.923755,254,252,909749.25,5126.776855,202,3,11.581846,67.688695,1411.864007,84.062117,255,2901311068,2729864465,255,0.160599,0.123124,0.037475,1333,45,0,0,2,1,3,1,1,1,0,0,0,1,7,0,Generic,1,1
50297,3.766151,tcp,smtp,FIN,178,44,217263,2940,58.680601,62,252,458915.2188,6104.906738,86,8,21.277689,83.988422,2194.625895,108.736469,255,2943964230,1454294565,255,0.194386,0.113626,0.08076,1221,67,0,0,1,1,1,1,1,1,0,0,0,1,1,0,Exploits,1,1
50303,3.766151,tcp,smtp,FIN,178,44,217263,2940,58.680601,62,252,458915.2188,6104.906738,86,8,21.277689,83.988422,2194.625895,108.736469,255,2943964230,1454294565,255,0.194386,0.113626,0.08076,1221,67,0,0,1,1,1,1,1,1,0,0,0,1,1,0,Exploits,1,1
50308,3.934144,tcp,http,FIN,34,108,3366,142166,35.840071,62,252,6643.376465,286415.5313,8,52,119.216485,36.404887,12659.36442,7349.339788,255,1030576978,920213661,255,0.077289,0.038209,0.03908,99,1316,1,805,1,1,1,1,1,1,0,0,1,1,1,0,Exploits,1,1
50424,59.823212,udp,-,CON,154,152,100480,121106,5.098355,254,60,13349.73438,16088.73828,0,0,391.001375,392.574781,455.683781,464.602875,0,0,0,0,0.0,0.0,0.0,652,797,0,0,3,3,3,3,3,3,0,0,0,3,3,0,DoS,1,1
50461,6.193005,tcp,pop3,FIN,102,582,4478,742293,110.285716,62,252,5729.044434,957232.25,7,289,61.316882,10.530019,2877.117064,1179.321178,255,4009923660,3186373512,255,0.100162,0.060781,0.039381,44,1275,0,0,2,1,6,2,1,6,0,0,0,7,2,0,Exploits,1,1
50498,59.823212,udp,-,CON,154,152,100480,121106,5.098355,254,60,13349.73438,16088.73828,0,0,391.001375,392.574781,455.683781,464.602875,0,0,0,0,0.0,0.0,0.0,652,797,0,0,3,3,3,3,3,3,0,0,0,3,3,0,DoS,1,1
50503,59.823212,udp,-,CON,154,152,100480,121106,5.098355,254,60,13349.73438,16088.73828,0,0,391.001375,392.574781,455.683781,464.602875,0,0,0,0,0.0,0.0,0.0,652,797,0,0,3,3,3,3,3,3,0,0,0,3,3,0,DoS,1,1
50514,4.66593,tcp,http,FIN,32,94,3370,121464,26.789944,62,252,5598.026855,206041.6719,8,45,150.513877,48.984828,13019.98609,8425.989428,255,4197967463,2663188046,255,0.216243,0.109688,0.106555,105,1292,1,109,1,1,1,1,1,1,0,0,1,1,1,0,Exploits,1,1
50629,0.825155,tcp,-,FIN,10,8,526,354,20.602189,254,252,4595.5,3005.49585,2,0,9550.3648,11941.338,947032.2538,31316.11,255,3738475984,1460955064,255,0.087011,0.030478,0.056533,53,44,0,0,10,1,2,2,2,2,0,0,0,2,7,0,Fuzzers,1,1
50636,0.825155,tcp,-,FIN,10,8,526,354,20.602189,254,252,4595.5,3005.49585,2,0,9550.3648,11941.338,947032.2538,31316.11,255,3738475984,1460955064,255,0.087011,0.030478,0.056533,53,44,0,0,10,1,2,2,2,2,0,0,0,2,7,0,Fuzzers,1,1
50643,0.825155,tcp,-,FIN,10,8,526,354,20.602189,254,252,4595.5,3005.49585,2,0,9550.3648,11941.338,947032.2538,31316.11,255,3738475984,1460955064,255,0.087011,0.030478,0.056533,53,44,0,0,12,1,2,2,2,2,0,0,0,2,4,0,Fuzzers,1,1
50648,0.825155,tcp,-,FIN,10,8,526,354,20.602189,254,252,4595.5,3005.49585,2,0,9550.3648,11941.338,947032.2538,31316.11,255,3738475984,1460955064,255,0.087011,0.030478,0.056533,53,44,0,0,12,1,2,2,2,2,0,0,0,2,4,0,Fuzzers,1,1
50655,0.825155,tcp,-,FIN,10,8,526,354,20.602189,254,252,4595.5,3005.49585,2,0,9550.3648,11941.338,947032.2538,31316.11,255,3738475984,1460955064,255,0.087011,0.030478,0.056533,53,44,0,0,12,1,2,2,2,2,0,0,0,2,4,0,Fuzzers,1,1
50661,0.825155,tcp,-,FIN,10,8,526,354,20.602189,254,252,4595.5,3005.49585,2,0,9550.3648,11941.338,947032.2538,31316.11,255,3738475984,1460955064,255,0.087011,0.030478,0.056533,53,44,0,0,12,1,2,2,2,2,0,0,0,2,4,0,Fuzzers,1,1
50680,7.071333,tcp,http,FIN,112,696,5090,915210,114.122756,254,252,5707.551758,1033916.5,2,346,63.705703,10.090862,3007.833895,1208.563053,255,630754509,2152988757,255,0.136165,0.04431,0.091855,45,1315,1,443364,1,1,1,1,1,1,0,0,1,1,1,0,Worms,1,1
50779,1.57711,tcp,smtp,FIN,218,48,264123,2872,168.028857,62,252,1333639.375,14269.1377,106,8,7.267788,33.206637,738.70454,37.669664,255,461566357,3075843007,255,0.049523,0.005272,0.044251,1212,60,0,0,1,1,1,1,1,1,0,0,0,1,1,0,DoS,1,1
50837,40.653107,tcp,-,FIN,20,12,1100,536,0.762549,254,252,205.642334,96.819168,4,1,2139.603211,3691.04075,286936.4078,11370.881,255,686873338,3400772861,255,0.092082,0.051652,0.04043,55,45,0,0,12,1,3,3,2,3,0,0,0,5,5,0,Fuzzers,1,1
50896,6.111973,tcp,-,FIN,100,560,4540,741304,107.82116,62,252,5883.53418,968565.8125,6,278,61.737102,10.792469,2961.32318,1221.472711,255,2766564691,1730349418,255,0.169282,0.078375,0.090907,45,1324,0,0,1,1,1,1,1,1,0,0,0,2,1,0,Exploits,1,1
50964,59.999527,tcp,smtp,CON,5060,770,6722072,33650,97.150766,62,252,896106.25,4480.96875,2528,6,11.859965,77.867703,1706.125188,114.653789,255,3722295164,3453311497,255,0.184012,0.068697,0.115315,1328,44,0,0,1,3,1,1,1,1,0,0,0,1,1,0,Exploits,1,1
50980,31.215439,tcp,-,FIN,20,12,3308,536,0.993098,254,252,805.49884,126.091454,6,1,1642.129842,2834.26225,220496.8138,8767.525,255,3979065287,3946186529,255,0.093793,0.038539,0.055254,165,45,0,0,5,1,2,2,2,2,0,0,0,2,5,0,Fuzzers,1,1
50987,31.215439,tcp,-,FIN,20,12,3308,536,0.993098,254,252,805.49884,126.091454,6,1,1642.129842,2834.26225,220496.8138,8767.525,255,3979065287,3946186529,255,0.093793,0.038539,0.055254,165,45,0,0,5,1,2,2,2,2,0,0,0,2,5,0,Fuzzers,1,1
51005,2.306219,tcp,http,FIN,46,228,2322,291961,118.37557,62,252,7881.297852,1008337.875,2,106,51.249312,10.070613,2869.144068,1555.391252,255,1723370329,412650276,255,0.048532,0.01956,0.028972,50,1281,1,154627,1,1,1,1,1,1,0,0,1,1,1,0,Exploits,1,1
51027,0.34735,tcp,http,FIN,16,52,1108,61753,192.889016,62,252,23929.75391,1394927.25,2,24,23.156666,6.658667,1211.267747,896.195415,255,51799623,3789862154,255,0.05585,0.006877,0.048973,69,1188,1,29565,1,1,1,1,1,1,0,0,1,1,1,0,Exploits,1,1
51044,8.128944,tcp,smtp,FIN,1430,232,1933190,10990,204.331574,62,252,1901195.5,10769.41797,712,8,5.688554,35.160531,685.946999,43.219383,255,2148747601,549933291,255,0.052002,0.006149,0.045853,1352,47,0,0,1,1,1,1,1,1,0,0,0,2,1,0,Exploits,1,1
51066,2.997649,tcp,smtp,FIN,348,66,434814,3702,137.774638,62,252,1157080.125,9730.291992,171,8,8.635533,45.650168,974.763547,56.911016,255,23450743,1279979656,255,0.083857,0.03038,0.053477,1249,56,0,0,1,1,1,1,1,1,0,0,0,2,1,0,Exploits,1,1
51165,51.665157,tcp,-,FIN,20,14,1068,622,0.638728,254,252,157.165878,89.49939,4,1,2716.637316,3970.461,363386.7703,13340.538,255,1508141297,2920010359,255,0.087546,0.049151,0.038395,53,44,0,0,3,1,3,2,2,2,0,0,0,2,3,0,Fuzzers,1,1
51194,51.665157,tcp,-,FIN,20,14,1068,622,0.638728,254,252,157.165878,89.49939,4,1,2716.637316,3970.461,363386.7703,13340.538,255,1508141297,2920010359,255,0.087546,0.049151,0.038395,53,44,0,0,3,1,3,2,2,2,0,0,0,2,3,0,Fuzzers,1,1
51198,2.666447,tcp,smtp,FIN,108,32,122650,2104,52.129296,62,252,364575.0313,6117.503906,51,8,24.920066,83.852453,2413.144452,107.035031,255,1606201529,4175834955,255,0.146725,0.066407,0.080318,1136,66,0,0,1,1,1,1,1,1,0,0,0,3,1,0,Exploits,1,1
51382,14.291847,tcp,http,FIN,446,2929,19600,3939007,236.07865,62,252,10947.2207,2204145.0,2,1436,32.116511,4.860074,1729.14762,647.324272,255,1271416993,2181146569,255,0.059523,0.053939,0.005584,44,1345,1,4141,2,1,1,2,1,1,0,0,1,2,1,0,Exploits,1,1
51386,51.665157,tcp,-,FIN,20,14,1068,622,0.638728,254,252,157.165878,89.49939,4,1,2716.637316,3970.461,363386.7703,13340.538,255,1508141297,2920010359,255,0.087546,0.049151,0.038395,53,44,0,0,3,1,3,2,2,2,0,0,0,2,3,0,Fuzzers,1,1
51390,51.665157,tcp,-,FIN,20,14,1068,622,0.638728,254,252,157.165878,89.49939,4,1,2716.637316,3970.461,363386.7703,13340.538,255,1508141297,2920010359,255,0.087546,0.049151,0.038395,53,44,0,0,3,1,3,2,2,2,0,0,0,2,3,0,Fuzzers,1,1
51549,8.438604,tcp,pop3,FIN,110,602,4846,798315,84.255639,62,252,4552.411621,755564.75,7,299,77.418388,13.928745,3776.972867,1583.730918,255,3586022374,479877711,255,0.114,0.066751,0.047249,44,1326,0,0,1,1,1,1,1,1,0,0,0,6,1,0,Exploits,1,1
51577,41.643032,tcp,-,FIN,42,10,35670,450,1.224695,254,252,6689.42627,77.804131,54,1,1014.997024,4616.887,199448.7727,12680.263,255,3544661074,706774926,255,0.147974,0.09104,0.056934,849,45,0,0,6,1,2,3,2,2,0,0,0,3,4,0,Fuzzers,1,1
51660,41.643032,tcp,-,FIN,42,10,35670,450,1.224695,254,252,6689.42627,77.804131,54,1,1014.997024,4616.887,199448.7727,12680.263,255,3544661074,706774926,255,0.147974,0.09104,0.056934,849,45,0,0,6,1,2,3,2,2,0,0,0,3,4,0,Fuzzers,1,1
51664,41.643032,tcp,-,FIN,42,10,35670,450,1.224695,254,252,6689.42627,77.804131,54,1,1014.997024,4616.887,199448.7727,12680.263,255,3544661074,706774926,255,0.147974,0.09104,0.056934,849,45,0,0,6,1,2,3,2,2,0,0,0,3,4,0,Fuzzers,1,1
51667,41.643032,tcp,-,FIN,42,10,35670,450,1.224695,254,252,6689.42627,77.804131,54,1,1014.997024,4616.887,199448.7727,12680.263,255,3544661074,706774926,255,0.147974,0.09104,0.056934,849,45,0,0,6,1,2,3,2,2,0,0,0,3,4,0,Fuzzers,1,1
51690,3.889526,tcp,smtp,FIN,164,40,194399,2658,52.191451,62,252,397403.7188,5331.241211,79,8,23.862123,97.261281,3220.059262,166.523375,255,2516356203,2641446406,255,0.138358,0.095715,0.042643,1185,66,0,0,2,1,2,2,1,1,0,0,0,3,1,0,Exploits,1,1
51697,3.889526,tcp,smtp,FIN,164,40,194399,2658,52.191451,62,252,397403.7188,5331.241211,79,8,23.862123,97.261281,3220.059262,166.523375,255,2516356203,2641446406,255,0.138358,0.095715,0.042643,1185,66,0,0,2,1,2,2,1,1,0,0,0,3,1,0,Exploits,1,1
51713,52.484825,tcp,-,FIN,20,20,1216,1292,0.743072,254,252,176.203308,187.177917,4,7,2762.359105,2757.94875,367803.5602,11331.453,255,1166588329,874400930,255,0.129377,0.082733,0.046644,61,65,0,0,4,1,2,2,2,2,0,0,0,2,3,0,Exploits,1,1
51715,0.483182,tcp,-,FIN,10,6,534,268,31.044202,254,252,7963.872559,3708.747314,1,0,10046.1968,16739.535,1000419.459,37244.064,255,939580228,1649983353,255,0.174068,0.098725,0.075343,53,45,0,0,5,1,2,2,2,2,0,0,0,2,6,0,Fuzzers,1,1
51721,52.484825,tcp,-,FIN,20,20,1216,1292,0.743072,254,252,176.203308,187.177917,4,7,2762.359105,2757.94875,367803.5602,11331.453,255,1166588329,874400930,255,0.129377,0.082733,0.046644,61,65,0,0,4,1,2,2,2,2,0,0,0,2,3,0,Exploits,1,1
51723,0.483182,tcp,-,FIN,10,6,534,268,31.044202,254,252,7963.872559,3708.747314,1,0,10046.1968,16739.535,1000419.459,37244.064,255,939580228,1649983353,255,0.174068,0.098725,0.075343,53,45,0,0,5,1,2,2,2,2,0,0,0,2,6,0,Fuzzers,1,1
51730,0.483182,tcp,-,FIN,10,6,534,268,31.044202,254,252,7963.872559,3708.747314,1,0,10046.1968,16739.535,1000419.459,37244.064,255,939580228,1649983353,255,0.174068,0.098725,0.075343,53,45,0,0,4,1,1,1,1,1,0,0,0,2,3,0,Fuzzers,1,1
51796,7.006404,tcp,smtp,FIN,550,102,711430,5204,92.914997,62,252,810843.375,5883.760254,272,8,12.760461,68.853789,1522.680484,83.598398,255,1484314209,1787836883,255,0.101962,0.052161,0.049801,1294,51,0,0,1,1,1,1,1,1,0,0,0,4,1,0,Exploits,1,1
51812,43.817417,tcp,-,FIN,20,12,1144,536,0.707481,254,252,198.4599,89.827293,6,1,2303.997684,3981.096,312547.6972,12395.24,255,1642315541,952633868,255,0.051918,0.025346,0.026572,57,45,0,0,8,1,3,3,2,3,0,0,0,3,7,0,Fuzzers,1,1
51818,43.817417,tcp,-,FIN,20,12,1144,536,0.707481,254,252,198.4599,89.827293,6,1,2303.997684,3981.096,312547.6972,12395.24,255,1642315541,952633868,255,0.051918,0.025346,0.026572,57,45,0,0,8,1,3,3,2,3,0,0,0,3,7,0,Fuzzers,1,1
51837,32.566692,tcp,-,FIN,16,8,984,354,0.706243,254,252,226.734726,76.151421,4,0,2167.297931,4627.45,256737.2923,11038.272,255,4209776216,1681965755,255,0.0,0.0,0.0,62,44,0,0,3,1,2,2,2,2,0,0,0,2,3,0,Fuzzers,1,1
51844,32.566692,tcp,-,FIN,16,8,984,354,0.706243,254,252,226.734726,76.151421,4,0,2167.297931,4627.45,256737.2923,11038.272,255,4209776216,1681965755,255,0.0,0.0,0.0,62,44,0,0,3,1,2,2,2,2,0,0,0,2,3,0,Fuzzers,1,1
51854,32.566692,tcp,-,FIN,16,8,984,354,0.706243,254,252,226.734726,76.151421,4,0,2167.297931,4627.45,256737.2923,11038.272,255,4209776216,1681965755,255,0.0,0.0,0.0,62,44,0,0,3,1,2,2,2,2,0,0,0,2,3,0,Fuzzers,1,1
51860,32.566692,tcp,-,FIN,16,8,984,354,0.706243,254,252,226.734726,76.151421,4,0,2167.297931,4627.45,256737.2923,11038.272,255,4209776216,1681965755,255,0.0,0.0,0.0,62,44,0,0,3,1,2,2,2,2,0,0,0,2,3,0,Fuzzers,1,1
51865,4.097266,tcp,smtp,FIN,218,50,263726,3004,65.165402,62,252,512570.0625,5748.223145,106,8,18.879692,82.014531,2067.202026,105.567711,255,3657073432,2554095167,255,0.200915,0.078553,0.122362,1210,60,0,0,1,1,1,1,1,1,0,0,0,1,1,0,Exploits,1,1
51867,3.765274,tcp,smtp,FIN,114,34,121571,2460,39.040983,62,252,256034.4844,5073.734375,53,8,33.321009,110.868484,3213.664042,148.2215,255,3614614860,697990084,255,0.153163,0.065624,0.087539,1066,72,0,0,1,1,1,1,1,1,0,0,0,1,1,0,Exploits,1,1
51905,0.693223,tcp,-,FIN,10,6,534,268,21.638059,254,252,5550.883301,2585.026855,1,0,10236.0122,17072.684,1017392.934,37892.612,255,2071592323,148083691,255,0.194302,0.109031,0.085271,53,45,0,0,4,1,1,1,1,1,0,0,0,1,7,0,Fuzzers,1,1
51909,2.360141,tcp,-,FIN,112,22,135649,956,56.352564,254,252,455694.8125,3094.730225,53,1,20.90381,103.965,2379.01551,156.938281,255,3048184498,3017820628,255,0.283156,0.176873,0.106283,1211,43,0,0,4,1,1,1,1,1,0,0,0,1,1,0,Fuzzers,1,1
51917,2.403655,tcp,-,FIN,140,26,176914,1128,68.645457,254,252,584613.0,3611.166992,67,1,17.09264,92.819203,2053.390271,136.242078,255,2051250965,237274782,255,0.129653,0.083164,0.046489,1264,43,0,0,2,1,1,1,1,1,0,0,0,2,2,0,Fuzzers,1,1
51954,0.693223,tcp,-,FIN,10,6,534,268,21.638059,254,252,5550.883301,2585.026855,1,0,10236.0122,17072.684,1017392.934,37892.612,255,2071592323,148083691,255,0.194302,0.109031,0.085271,53,45,0,0,4,1,4,2,2,3,0,0,0,3,8,0,Fuzzers,1,1
51958,0.693223,tcp,-,FIN,10,6,534,268,21.638059,254,252,5550.883301,2585.026855,1,0,10236.0122,17072.684,1017392.934,37892.612,255,2071592323,148083691,255,0.194302,0.109031,0.085271,53,45,0,0,4,1,4,2,2,3,0,0,0,3,8,0,Fuzzers,1,1
51976,2.219453,tcp,smtp,FIN,340,66,426119,3580,182.477386,62,252,1531425.875,12709.4375,167,8,6.547059,33.301863,764.041053,45.11791,255,4231265447,1530507516,255,0.04231,0.024281,0.018029,1253,54,0,0,1,1,1,1,1,1,0,0,0,1,1,0,Exploits,1,1
52014,7.638595,tcp,http,FIN,626,102,840061,4396,95.174569,254,252,878402.375,4558.953613,310,1,12.15696,74.699844,1436.753367,89.911992,255,2497296627,4142670842,255,0.174347,0.093909,0.080438,1342,43,0,0,1,1,1,1,1,1,0,0,0,4,1,0,DoS,1,1
52041,37.964474,tcp,ftp,FIN,28,24,1596,1364,1.343361,254,252,324.303192,275.626099,10,16,1404.871854,1647.216375,217896.2992,7274.6305,255,2787935096,3403156487,255,0.144562,0.078484,0.066078,57,57,0,0,4,1,2,2,2,2,1,1,0,2,4,0,Fuzzers,1,1
52048,37.964474,tcp,ftp,FIN,28,24,1596,1364,1.343361,254,252,324.303192,275.626099,10,16,1404.871854,1647.216375,217896.2992,7274.6305,255,2787935096,3403156487,255,0.144562,0.078484,0.066078,57,57,0,0,4,1,2,2,2,2,1,1,0,2,4,0,Fuzzers,1,1
52053,37.964474,tcp,ftp,FIN,28,24,1596,1364,1.343361,254,252,324.303192,275.626099,10,16,1404.871854,1647.216375,217896.2992,7274.6305,255,2787935096,3403156487,255,0.144562,0.078484,0.066078,57,57,0,0,4,1,2,2,2,2,1,1,0,2,4,0,Fuzzers,1,1
52061,37.964474,tcp,ftp,FIN,28,24,1596,1364,1.343361,254,252,324.303192,275.626099,10,16,1404.871854,1647.216375,217896.2992,7274.6305,255,2787935096,3403156487,255,0.144562,0.078484,0.066078,57,57,0,0,4,1,2,2,2,2,1,1,0,2,4,0,Fuzzers,1,1
52295,1.199914,tcp,http,FIN,40,220,2832,282807,215.848806,62,252,18414.6543,1876947.875,2,108,30.767026,5.449155,1599.632327,708.681819,255,4167455011,1608494514,255,0.051632,0.005822,0.04581,71,1285,1,136586,1,1,1,1,1,1,0,0,1,1,1,0,Generic,1,1
52301,7.276976,tcp,smtp,FIN,716,122,924022,6238,115.020303,62,252,1014412.563,6801.726562,355,8,10.177589,59.178594,1164.083743,67.450516,255,848891669,1442406175,255,0.0956,0.060635,0.034965,1291,51,0,0,1,1,1,1,1,1,0,0,0,1,1,0,Exploits,1,1
52302,3.58924,tcp,smtp,FIN,564,100,740523,5148,184.718767,62,252,1647615.625,11360.62207,279,8,6.375204,36.116203,722.163512,43.941273,255,2525409789,2927222494,255,0.058369,0.009013,0.049356,1313,51,0,0,1,1,1,1,1,1,0,0,0,1,1,0,Exploits,1,1
52312,3.58924,tcp,smtp,FIN,564,100,740523,5148,184.718767,62,252,1647615.625,11360.62207,279,8,6.375204,36.116203,722.163512,43.941273,255,2525409789,2927222494,255,0.058369,0.009013,0.049356,1313,51,0,0,1,1,1,1,1,1,0,0,0,1,1,0,Exploits,1,1
52329,0.505772,tcp,-,FIN,10,6,534,268,29.657633,254,252,7608.171387,3543.098389,2,0,9528.4137,15943.632,947739.6614,35495.416,255,4016167516,1566633851,255,0.099717,0.054376,0.045341,53,45,0,0,7,1,3,3,3,3,0,0,0,3,7,0,Fuzzers,1,1
52346,59.969131,tcp,-,CON,782,386,327658,16598,19.460012,254,252,43654.32422,2208.469482,388,0,76.92955,156.000891,3691.137601,162.157516,255,381055539,930012124,255,0.072579,0.028824,0.043755,419,43,0,0,6,4,1,1,1,1,0,0,0,2,2,0,DoS,1,1
52354,12.138748,tcp,-,FIN,272,54,338192,2484,26.773766,254,252,222065.0781,1606.755493,132,4,44.789473,227.849297,13903.71632,1010.735125,255,469746461,3125499063,255,0.119583,0.062732,0.056851,1243,46,0,0,1,1,1,1,1,1,0,0,0,1,1,0,Fuzzers,1,1
52377,2.186592,tcp,-,FIN,162,28,204103,1214,86.435874,254,252,742137.5,4284.29248,78,1,12.863335,79.247961,2231.88317,177.583344,255,600299099,4248359951,255,0.107122,0.046893,0.060229,1260,43,0,0,7,1,1,1,1,1,0,0,0,2,1,0,Fuzzers,1,1
52404,3.054864,tcp,-,FIN,90,18,110384,784,35.02611,254,252,285860.1875,1940.511963,42,1,34.324315,168.818172,6047.113577,430.669219,255,3148567568,3993859699,255,0.210551,0.164971,0.04558,1226,44,0,0,1,1,1,1,1,1,0,0,0,1,3,0,Exploits,1,1
52419,2.455053,tcp,smtp,FIN,150,39,173782,2650,76.576755,62,252,562510.0625,8416.925781,68,8,16.476866,63.645844,1878.43755,94.157852,255,3438883529,30515658,255,0.065604,0.02685,0.038754,1159,68,0,0,1,1,1,1,1,1,0,0,0,2,1,0,Exploits,1,1
52428,3.28771,tcp,smtp,FIN,186,44,221725,2856,69.653346,62,252,536624.0,6793.786621,90,8,17.771405,75.526117,1871.684165,95.502648,255,2255128115,1127153852,255,0.115555,0.039247,0.076308,1192,65,0,0,1,1,2,1,1,1,0,0,0,1,1,0,Exploits,1,1
52432,59.974232,tcp,-,FIN,64,12,69257,536,1.250537,254,252,9093.905273,65.628189,52,1,951.972008,5431.1525,234310.5444,16904.634,255,31214603,2704001652,255,0.21566,0.146419,0.069241,1082,45,0,0,5,1,1,1,1,1,0,0,0,1,4,0,Fuzzers,1,1
52437,3.28771,tcp,smtp,FIN,186,44,221725,2856,69.653346,62,252,536624.0,6793.786621,90,8,17.771405,75.526117,1871.684165,95.502648,255,2255128115,1127153852,255,0.115555,0.039247,0.076308,1192,65,0,0,1,1,2,1,1,1,0,0,0,1,1,0,Exploits,1,1
52472,22.574036,tcp,smtp,FIN,1874,302,2475460,13842,96.349631,62,252,876809.125,4889.51123,934,8,12.052345,74.778789,1415.129512,84.100078,255,1123715498,2601063318,255,0.151225,0.0648,0.086425,1321,46,0,0,1,1,1,1,1,1,0,0,0,1,1,0,Exploits,1,1
52499,59.974232,tcp,-,FIN,64,12,69257,536,1.250537,254,252,9093.905273,65.628189,52,1,951.972008,5431.1525,234310.5444,16904.634,255,31214603,2704001652,255,0.21566,0.146419,0.069241,1082,45,0,0,8,1,2,2,1,2,0,0,0,2,5,0,Fuzzers,1,1
52504,0.762741,tcp,-,FIN,58,14,67938,602,93.085329,254,252,700284.875,5863.064453,27,0,14.571103,69.00993,1396.858298,75.004391,255,4044229778,2704001652,255,0.21566,0.146419,0.069241,1171,43,0,0,8,1,2,3,2,2,0,0,0,3,5,0,Fuzzers,1,1
52507,0.762741,tcp,-,FIN,58,14,67938,602,93.085329,254,252,700284.875,5863.064453,27,0,14.571103,69.00993,1396.858298,75.004391,255,4044229778,2704001652,255,0.21566,0.146419,0.069241,1171,43,0,0,8,1,2,3,2,2,0,0,0,3,5,0,Fuzzers,1,1
52520,31.946449,tcp,-,FIN,20,12,1068,536,0.970374,254,252,254.175354,123.206184,4,1,1680.206,2899.465,227774.338,9025.7,255,1707952709,2809070011,255,0.081908,0.052322,0.029586,53,45,0,0,4,1,4,3,3,3,0,0,0,3,5,0,Fuzzers,1,1
52522,43.710686,tcp,ftp,FIN,24,24,1296,1364,1.075252,254,252,227.312836,239.392258,10,16,1900.464434,1896.284375,277871.0522,8600.944,255,4199729345,111187568,255,0.106316,0.05462,0.051696,54,57,0,0,3,1,3,2,2,2,0,0,0,2,3,0,Fuzzers,1,1
52530,43.710686,tcp,ftp,FIN,24,24,1296,1364,1.075252,254,252,227.312836,239.392258,10,16,1900.464434,1896.284375,277871.0522,8600.944,255,4199729345,111187568,255,0.106316,0.05462,0.051696,54,57,0,0,3,1,3,2,2,2,0,0,0,2,3,0,Fuzzers,1,1
52538,43.710686,tcp,ftp,FIN,24,24,1296,1364,1.075252,254,252,227.312836,239.392258,10,16,1900.464434,1896.284375,277871.0522,8600.944,255,4199729345,111187568,255,0.106316,0.05462,0.051696,54,57,0,0,3,1,3,2,2,2,0,0,0,2,3,0,Fuzzers,1,1
52547,2.374507,tcp,http,FIN,10,18,1140,12804,11.370782,254,252,3456.717529,40742.77344,2,6,263.834111,137.669703,22443.82998,12984.56938,255,1438885605,2389815,255,0.100551,0.033465,0.067086,114,711,1,5842,3,1,2,2,1,2,0,0,1,3,3,0,Generic,1,1
52556,4.079208,tcp,http,FIN,62,368,3002,474437,105.167476,62,252,5793.281738,927921.3125,2,181,66.872262,10.93154,3740.491049,1604.567369,255,543273895,2346950415,255,0.155909,0.066647,0.089262,48,1289,0,0,2,1,1,1,1,1,0,0,0,1,1,0,Exploits,1,1
52562,0.612666,tcp,http,FIN,56,12,66933,526,109.358115,254,252,858386.125,6306.861816,25,1,11.124764,37.792547,1227.295367,47.266941,255,4219317060,3062709942,255,0.222988,0.196944,0.026044,1195,44,0,0,1,1,1,1,1,1,0,0,0,1,1,0,Exploits,1,1
52581,1.031834,tcp,-,FIN,10,10,608,646,18.413815,254,252,4248.745605,4512.353516,1,2,6639.9321,6639.888,653664.8034,19616.63,255,894538849,7002535,255,0.082743,0.05731,0.025433,61,65,0,0,3,1,1,1,1,1,0,0,0,1,4,0,Exploits,1,1
52705,43.710686,tcp,ftp,FIN,24,24,1296,1364,1.075252,254,252,227.312836,239.392258,10,16,1900.464434,1896.284375,277871.0522,8600.944,255,4199729345,111187568,255,0.106316,0.05462,0.051696,54,57,0,0,3,1,3,2,2,2,0,0,0,2,3,0,Fuzzers,1,1
52729,1.001124,tcp,-,FIN,10,8,534,354,16.980913,254,252,3843.679688,2477.215576,2,0,6673.9834,8347.184,658042.7436,21737.934,255,3892963767,2117034067,255,0.163988,0.080801,0.083187,53,44,0,0,3,1,4,3,3,3,0,0,0,3,6,0,Fuzzers,1,1
52741,19.004667,tcp,http,FIN,322,2030,14614,2803818,123.706454,62,252,6132.809082,1179683.75,2,1013,59.204612,9.347307,2996.884112,1206.890991,255,1183189407,2972556994,255,0.076463,0.038494,0.037969,45,1381,0,0,1,1,1,1,1,1,0,0,0,1,1,0,Generic,1,1
52742,0.523813,tcp,-,FIN,10,6,534,268,28.636173,254,252,7346.132812,3421.068115,2,0,10832.6876,18054.334,1077980.85,40185.72,255,3781964560,1067868992,255,0.140668,0.075099,0.065569,53,45,0,0,6,1,6,5,2,5,0,0,0,6,10,0,Fuzzers,1,1
52745,0.523813,tcp,-,FIN,10,6,534,268,28.636173,254,252,7346.132812,3421.068115,2,0,10832.6876,18054.334,1077980.85,40185.72,255,3781964560,1067868992,255,0.140668,0.075099,0.065569,53,45,0,0,6,1,6,5,2,5,0,0,0,6,10,0,Fuzzers,1,1
52834,1.51826,tcp,http,FIN,106,22,129020,1766,83.648387,254,252,673418.25,8883.853516,50,2,14.459619,68.700141,1836.292188,121.008148,255,2483204316,1625285872,255,0.070137,0.044173,0.025964,1217,80,1,194,1,1,3,1,1,1,0,0,1,1,1,0,Generic,1,1
52918,0.731724,tcp,-,FIN,10,8,534,354,23.232803,254,252,5258.813477,3389.255859,1,0,6188.9225,7737.8845,611839.3254,20241.932,255,1578456302,2365662278,255,0.140826,0.084701,0.056125,53,44,0,0,4,1,3,2,2,2,0,0,0,2,4,0,Fuzzers,1,1
52921,0.731724,tcp,-,FIN,10,8,534,354,23.232803,254,252,5258.813477,3389.255859,1,0,6188.9225,7737.8845,611839.3254,20241.932,255,1578456302,2365662278,255,0.140826,0.084701,0.056125,53,44,0,0,4,1,3,2,2,2,0,0,0,2,4,0,Fuzzers,1,1
53061,3.180065,tcp,pop3,FIN,66,334,2928,425900,125.469137,62,252,7255.197754,1068217.125,7,165,48.924077,9.270907,2350.2535,1021.491152,255,3144759206,2619934821,255,0.132597,0.092128,0.040469,44,1275,0,0,1,1,4,1,1,4,0,0,0,6,1,0,Exploits,1,1
53189,2.53713,tcp,smtp,FIN,78,28,82692,2118,41.385343,62,252,257399.4844,6441.924316,36,8,32.937753,86.92607,2758.100889,106.03457,255,1517540131,4228904256,255,0.26244,0.190115,0.072325,1060,76,0,0,1,1,1,1,1,1,0,0,0,1,1,0,Exploits,1,1
53229,1.424746,tcp,-,FIN,22,10,18526,440,21.758264,254,252,99296.29688,2223.554199,7,0,4130.98381,8664.977,588821.9213,25549.964,255,1229669201,848439421,255,0.148847,0.073962,0.074885,842,44,0,0,2,1,3,2,2,2,0,0,0,2,3,0,Fuzzers,1,1
53234,1.424746,tcp,-,FIN,22,10,18526,440,21.758264,254,252,99296.29688,2223.554199,7,0,4130.98381,8664.977,588821.9213,25549.964,255,1229669201,848439421,255,0.148847,0.073962,0.074885,842,44,0,0,2,1,3,2,2,2,0,0,0,2,3,0,Fuzzers,1,1
53247,23.159576,tcp,http,FIN,1940,296,2582793,12738,96.504356,254,252,891713.0,4385.227051,967,1,11.886327,78.490062,1455.79263,95.120281,255,3105323785,3356641421,255,0.161488,0.083502,0.077986,1331,43,0,0,1,1,1,1,1,1,0,0,0,1,1,0,DoS,1,1
53313,18.216965,tcp,http,FIN,280,1724,14388,2389904,109.952455,62,252,6296.109375,1048920.25,4,860,65.293795,10.537027,3197.94679,1314.404627,255,649267507,2961062984,255,0.098268,0.060975,0.037293,51,1386,0,0,3,1,1,3,1,1,0,0,0,3,1,0,Generic,1,1
53324,10.221833,tcp,smtp,FIN,700,124,922087,6210,80.513933,62,252,720630.0625,4821.053223,347,8,14.623509,82.496867,1680.818966,99.308609,255,2814843004,744390493,255,0.213699,0.074047,0.139652,1317,50,0,0,1,1,1,1,1,1,0,0,0,1,1,0,Exploits,1,1
53395,44.135319,tcp,smtp,FIN,5179,805,6958224,35516,135.560367,62,252,1261009.375,6429.680664,2535,8,8.523616,54.858656,1064.399801,66.89443,255,3754067825,2817915293,255,0.054359,0.028355,0.026004,1344,44,0,0,1,1,1,1,1,1,0,0,0,5,1,0,Exploits,1,1
53399,44.135319,tcp,smtp,FIN,5179,805,6958224,35516,135.560367,62,252,1261009.375,6429.680664,2535,8,8.523616,54.858656,1064.399801,66.89443,255,3754067825,2817915293,255,0.054359,0.028355,0.026004,1344,44,0,0,1,1,1,1,1,1,0,0,0,5,1,0,Exploits,1,1
53411,7.114636,tcp,-,FIN,38,6,37012,268,6.043879,254,252,40522.66406,251.875153,26,1,191.415189,1411.685,25714.15442,2774.08625,255,365386979,3322670545,255,0.134425,0.05619,0.078235,974,45,0,0,1,1,1,1,1,1,0,0,0,1,1,0,Exploits,1,1
53451,8.986835,tcp,smtp,FIN,562,108,740472,5568,74.44223,62,252,657989.1875,4911.184082,278,8,16.019314,82.589109,1815.634978,101.153578,255,2147790285,152020305,255,0.213218,0.110243,0.102975,1318,52,0,0,1,1,1,1,1,1,0,0,0,2,1,0,Exploits,1,1
53455,8.986835,tcp,smtp,FIN,562,108,740472,5568,74.44223,62,252,657989.1875,4911.184082,278,8,16.019314,82.589109,1815.634978,101.153578,255,2147790285,152020305,255,0.213218,0.110243,0.102975,1318,52,0,0,1,1,1,1,1,1,0,0,0,2,1,0,Exploits,1,1
53456,15.499623,tcp,http,FIN,224,1386,10058,1927203,103.808975,62,252,5168.641602,993992.1875,2,691,69.504225,11.150227,5081.220969,2130.137376,255,2489876777,3897565226,255,0.117555,0.056554,0.061001,45,1390,0,0,2,1,6,3,1,6,0,0,0,6,3,0,Generic,1,1
53458,57.065807,udp,-,CON,146,148,95286,117906,5.134423,254,60,13266.64844,16417.53711,0,0,391.913531,390.062531,474.380281,459.429531,0,0,0,0,0.0,0.0,0.0,653,797,0,0,2,3,2,2,2,2,0,0,0,2,2,0,DoS,1,1
53462,57.065807,udp,-,CON,146,148,95286,117906,5.134423,254,60,13266.64844,16417.53711,0,0,391.913531,390.062531,474.380281,459.429531,0,0,0,0,0.0,0.0,0.0,653,797,0,0,2,3,2,2,2,2,0,0,0,2,2,0,DoS,1,1
53470,57.065807,udp,-,CON,146,148,95286,117906,5.134423,254,60,13266.64844,16417.53711,0,0,391.913531,390.062531,474.380281,459.429531,0,0,0,0,0.0,0.0,0.0,653,797,0,0,1,3,1,1,1,1,0,0,0,1,1,0,DoS,1,1
53472,41.363327,tcp,smtp,FIN,3760,586,4939336,26198,105.044742,254,252,955053.375,5058.394043,1876,8,11.003811,70.591898,1595.221629,101.65268,255,2736604719,3556591159,255,0.114426,0.053094,0.061332,1314,45,0,0,1,1,1,1,1,1,0,0,0,1,1,0,Exploits,1,1
53527,1.031834,tcp,-,FIN,10,10,608,646,18.413815,254,252,4248.745605,4512.353516,1,2,6639.9321,6639.888,653664.8034,19616.63,255,894538849,7002535,255,0.082743,0.05731,0.025433,61,65,0,0,3,1,2,1,1,1,0,0,0,1,6,0,Exploits,1,1
53641,0.887134,tcp,http,FIN,60,14,68197,612,82.287455,254,252,604742.875,5131.129883,27,1,14.687441,62.558078,1546.33047,99.502562,255,3784330067,3744309604,255,0.162863,0.073869,0.088994,1137,44,1,0,4,1,2,1,1,1,0,0,1,2,5,0,Fuzzers,1,1
53660,0.656561,tcp,-,FIN,12,8,1044,762,28.938666,254,252,11660.75977,8127.195801,4,2,3265.878585,4896.51,351765.1327,12723.928,255,3536959022,3359643916,255,0.151623,0.05116,0.100463,87,95,0,0,6,1,3,3,3,3,0,0,0,3,6,0,Fuzzers,1,1
53663,0.656561,tcp,-,FIN,12,8,1044,762,28.938666,254,252,11660.75977,8127.195801,4,2,3265.878585,4896.51,351765.1327,12723.928,255,3536959022,3359643916,255,0.151623,0.05116,0.100463,87,95,0,0,6,1,3,3,3,3,0,0,0,3,6,0,Fuzzers,1,1
53689,0.656561,tcp,-,FIN,12,8,1044,762,28.938666,254,252,11660.75977,8127.195801,4,2,3265.878585,4896.51,351765.1327,12723.928,255,3536959022,3359643916,255,0.151623,0.05116,0.100463,87,95,0,0,6,1,3,3,3,3,0,0,0,3,6,0,Fuzzers,1,1
53695,2.396078,tcp,-,FIN,168,31,214846,2788,82.635036,254,252,713058.5625,9011.392578,81,3,14.342581,78.155969,1529.870969,89.841523,255,1911743973,2421673463,255,0.109255,0.051394,0.057861,1279,90,0,0,1,1,1,1,1,1,0,0,0,2,1,0,Generic,1,1
53697,0.656561,tcp,-,FIN,12,8,1044,762,28.938666,254,252,11660.75977,8127.195801,4,2,3265.878585,4896.51,351765.1327,12723.928,255,3536959022,3359643916,255,0.151623,0.05116,0.100463,87,95,0,0,6,1,3,3,3,3,0,0,0,3,6,0,Fuzzers,1,1
53702,0.656561,tcp,-,FIN,12,8,1044,762,28.938666,254,252,11660.75977,8127.195801,4,2,3265.878585,4896.51,351765.1327,12723.928,255,3536959022,3359643916,255,0.151623,0.05116,0.100463,87,95,0,0,6,1,3,3,3,3,0,0,0,3,6,0,Fuzzers,1,1
53705,0.656561,tcp,-,FIN,12,8,1044,762,28.938666,254,252,11660.75977,8127.195801,4,2,3265.878585,4896.51,351765.1327,12723.928,255,3536959022,3359643916,255,0.151623,0.05116,0.100463,87,95,0,0,6,1,3,3,3,3,0,0,0,3,6,0,Fuzzers,1,1
53740,0.904081,tcp,http,FIN,60,14,68199,612,80.744979,254,252,593424.6875,5034.947266,27,1,15.323407,63.013383,1514.615563,88.401414,255,2244746407,2496855906,255,0.082514,0.050361,0.032153,1137,44,1,0,4,1,2,2,1,2,0,0,1,2,4,0,Fuzzers,1,1
53791,0.656561,tcp,-,FIN,12,8,1044,762,28.938666,254,252,11660.75977,8127.195801,4,2,3265.878585,4896.51,351765.1327,12723.928,255,3536959022,3359643916,255,0.151623,0.05116,0.100463,87,95,0,0,6,1,3,3,3,3,0,0,0,3,6,0,Fuzzers,1,1
53794,0.656561,tcp,-,FIN,12,8,1044,762,28.938666,254,252,11660.75977,8127.195801,4,2,3265.878585,4896.51,351765.1327,12723.928,255,3536959022,3359643916,255,0.151623,0.05116,0.100463,87,95,0,0,6,1,3,3,3,3,0,0,0,3,6,0,Fuzzers,1,1
53798,0.656561,tcp,-,FIN,12,8,1044,762,28.938666,254,252,11660.75977,8127.195801,4,2,3265.878585,4896.51,351765.1327,12723.928,255,3536959022,3359643916,255,0.151623,0.05116,0.100463,87,95,0,0,6,1,3,3,3,3,0,0,0,3,6,0,Fuzzers,1,1
53824,4.554701,tcp,smtp,FIN,186,44,220187,2740,50.277726,62,252,384664.5625,4703.711914,90,8,24.753809,105.057375,2609.57017,134.565063,255,754455503,3434337370,255,0.134224,0.036701,0.097523,1184,62,0,0,1,1,1,1,1,1,0,0,0,1,1,0,Exploits,1,1
53830,4.554701,tcp,smtp,FIN,186,44,220187,2740,50.277726,62,252,384664.5625,4703.711914,90,8,24.753809,105.057375,2609.57017,134.565063,255,754455503,3434337370,255,0.134224,0.036701,0.097523,1184,62,0,0,1,1,1,1,1,1,0,0,0,1,1,0,Exploits,1,1
53857,0.991422,tcp,http,FIN,60,14,68195,612,73.631612,254,252,541113.6875,4591.384766,27,1,16.448305,68.604844,1641.287178,83.794984,255,3613846108,1902603584,255,0.155408,0.099555,0.055853,1137,44,1,0,2,1,1,1,1,1,0,0,1,3,2,0,Fuzzers,1,1
53938,31.965399,tcp,-,FIN,24,16,2396,1490,1.220069,254,252,574.871582,349.628052,7,6,1389.072087,2127.61525,199831.3483,7579.063,255,2395243350,3359643724,255,0.151623,0.05116,0.100463,100,93,0,0,4,1,3,3,3,3,0,0,0,3,4,0,Fuzzers,1,1
53943,0.74272,tcp,http,FIN,60,14,68197,612,98.287375,254,252,722328.75,6128.82373,27,1,12.111271,52.350461,1320.552382,74.083797,255,1505389204,2895901473,255,0.097413,0.062163,0.03525,1137,44,1,0,3,1,1,1,1,1,0,0,1,1,3,0,Fuzzers,1,1
53944,31.965399,tcp,-,FIN,24,16,2396,1490,1.220069,254,252,574.871582,349.628052,7,6,1389.072087,2127.61525,199831.3483,7579.063,255,2395243350,3359643724,255,0.151623,0.05116,0.100463,100,93,0,0,4,1,3,3,3,3,0,0,0,3,4,0,Fuzzers,1,1
53946,31.965399,tcp,-,FIN,24,16,2396,1490,1.220069,254,252,574.871582,349.628052,7,6,1389.072087,2127.61525,199831.3483,7579.063,255,2395243350,3359643724,255,0.151623,0.05116,0.100463,100,93,0,0,4,1,3,3,3,3,0,0,0,3,4,0,Fuzzers,1,1
53957,1.122299,tcp,http,FIN,60,14,68197,612,65.045057,254,252,478025.9375,4055.960205,27,1,19.020068,81.253,1871.626188,101.736602,255,1282659548,3931895111,255,0.140772,0.066006,0.074766,1137,44,1,0,4,1,1,1,1,1,0,0,1,1,5,0,Fuzzers,1,1
53983,0.998357,tcp,-,FIN,60,14,68197,612,73.120137,254,252,537370.875,4559.491211,27,1,16.332373,68.933,1663.434061,85.454891,255,208032830,3293370636,255,0.161536,0.10222,0.059316,1137,44,1,0,4,1,1,1,1,1,0,0,1,1,2,0,Fuzzers,1,1
53987,31.965399,tcp,-,FIN,24,16,2396,1490,1.220069,254,252,574.871582,349.628052,7,6,1389.072087,2127.61525,199831.3483,7579.063,255,2395243350,3359643724,255,0.151623,0.05116,0.100463,100,93,0,0,4,1,3,3,3,3,0,0,0,3,4,0,Fuzzers,1,1
53990,31.965399,tcp,-,FIN,24,16,2396,1490,1.220069,254,252,574.871582,349.628052,7,6,1389.072087,2127.61525,199831.3483,7579.063,255,2395243350,3359643724,255,0.151623,0.05116,0.100463,100,93,0,0,4,1,3,3,3,3,0,0,0,3,4,0,Fuzzers,1,1
53992,0.985853,tcp,http,FIN,60,14,68193,612,74.047549,254,252,544154.125,4617.321289,27,1,15.915136,69.862766,1553.656969,92.783352,255,2829360207,3531626435,255,0.174215,0.07763,0.096585,1137,44,1,0,2,1,1,1,1,1,0,0,1,1,2,0,Fuzzers,1,1
53994,31.965399,tcp,-,FIN,24,16,2396,1490,1.220069,254,252,574.871582,349.628052,7,6,1389.072087,2127.61525,199831.3483,7579.063,255,2395243350,3359643724,255,0.151623,0.05116,0.100463,100,93,0,0,4,1,3,3,3,3,0,0,0,3,4,0,Fuzzers,1,1
54002,31.965399,tcp,-,FIN,24,16,2396,1490,1.220069,254,252,574.871582,349.628052,7,6,1389.072087,2127.61525,199831.3483,7579.063,255,2395243350,3359643724,255,0.151623,0.05116,0.100463,100,93,0,0,4,1,3,3,3,3,0,0,0,3,4,0,Fuzzers,1,1
54026,31.965399,tcp,-,FIN,24,16,2396,1490,1.220069,254,252,574.871582,349.628052,7,6,1389.072087,2127.61525,199831.3483,7579.063,255,2395243350,3359643724,255,0.151623,0.05116,0.100463,100,93,0,0,4,1,3,3,3,3,0,0,0,3,4,0,Fuzzers,1,1
54029,31.965399,tcp,-,FIN,24,16,2396,1490,1.220069,254,252,574.871582,349.628052,7,6,1389.072087,2127.61525,199831.3483,7579.063,255,2395243350,3359643724,255,0.151623,0.05116,0.100463,100,93,0,0,4,1,3,3,3,3,0,0,0,3,4,0,Fuzzers,1,1
54038,0.891926,tcp,http,FIN,60,14,68197,612,81.845356,254,252,601493.875,5103.5625,27,1,14.693678,65.342309,1443.375431,82.786508,255,3825242054,3554935616,255,0.11253,0.042475,0.070055,1137,44,1,0,4,1,1,1,1,1,0,0,1,1,5,0,Fuzzers,1,1
54045,1.040351,tcp,-,FIN,60,14,68199,612,70.168624,254,252,515695.1563,4375.446289,27,1,16.798034,76.354766,1765.72744,93.034828,255,3756798529,1603841714,255,0.134759,0.047729,0.08703,1137,44,1,0,3,1,1,1,1,1,0,0,1,2,2,0,Fuzzers,1,1
54052,1.020252,tcp,-,FIN,60,14,68199,612,71.550951,254,252,525854.375,4461.643066,27,1,16.486729,71.568383,1655.820448,102.577164,255,856241542,212211306,255,0.139361,0.089858,0.049503,1137,44,1,0,3,1,1,2,1,1,0,0,1,2,2,0,Fuzzers,1,1
54074,4.597828,tcp,pop3,FIN,74,380,3256,501903,98.524784,62,252,5588.726074,870990.375,7,188,62.983945,11.999918,2974.913601,1269.786466,255,2600329129,2240022721,255,0.095163,0.049101,0.046062,44,1321,0,0,1,1,1,1,1,1,0,0,0,1,1,0,Exploits,1,1
54107,7.1328,tcp,-,FIN,88,10,111782,440,13.599147,254,252,123947.9531,444.145355,65,1,81.977161,783.72625,16734.43197,2149.551,255,1995023994,576417702,255,0.175897,0.07926,0.096637,1270,44,0,0,1,1,1,1,1,1,0,0,0,1,1,0,Exploits,1,1
54209,41.370266,tcp,-,FIN,24,20,2216,1668,1.039394,254,252,410.729767,306.500336,11,4,1797.76191,2173.4605,257614.6827,8710.866,255,4068006097,1948163517,255,0.118408,0.074515,0.043893,92,83,0,0,3,1,2,2,2,2,0,0,0,2,3,0,Fuzzers,1,1
54213,41.370266,tcp,-,FIN,24,20,2216,1668,1.039394,254,252,410.729767,306.500336,11,4,1797.76191,2173.4605,257614.6827,8710.866,255,4068006097,1948163517,255,0.118408,0.074515,0.043893,92,83,0,0,3,1,2,2,2,2,0,0,0,2,3,0,Fuzzers,1,1
54375,8.482244,tcp,-,FIN,84,300,5888,380296,45.153148,62,252,5487.227539,357479.9375,17,143,102.195709,28.165633,5442.023097,3060.793198,255,1183271118,715981520,255,0.114034,0.060117,0.053917,70,1268,0,0,3,1,2,1,1,1,0,0,0,1,1,0,Generic,1,1
54441,1.227372,tcp,http,FIN,28,108,2024,141890,109.991098,62,252,12723.11816,916279.625,3,52,45.458222,10.763234,2473.915212,1343.322478,255,1484593071,55453624,255,0.104035,0.056214,0.047821,72,1314,1,2458,1,1,4,1,1,1,0,0,1,1,1,0,Exploits,1,1
54519,2.894134,tcp,smtp,FIN,160,40,187100,2704,68.759773,62,252,513952.6875,7289.227051,77,8,18.2021,72.511539,1835.695699,91.690492,255,4116719413,3706389804,255,0.129955,0.06505,0.064905,1169,68,0,0,1,1,1,1,1,1,0,0,0,1,1,0,Exploits,1,1
54527,2.894134,tcp,smtp,FIN,160,40,187100,2704,68.759773,62,252,513952.6875,7289.227051,77,8,18.2021,72.511539,1835.695699,91.690492,255,4116719413,3706389804,255,0.129955,0.06505,0.064905,1169,68,0,0,1,1,1,1,1,1,0,0,0,1,1,0,Exploits,1,1
54750,0.912468,tcp,http,FIN,28,136,1966,172106,178.636398,62,252,16623.04883,1497836.625,2,66,33.795111,6.596444,1718.051742,796.574852,255,3065766866,1287461976,255,0.072164,0.021392,0.050772,70,1265,1,82944,1,1,5,1,1,1,0,0,1,1,1,0,Generic,1,1
54765,0.724388,tcp,http,FIN,60,14,68199,612,100.774722,254,252,740630.6875,6283.925293,27,1,12.277763,54.194309,1302.841743,78.388367,255,2017508283,106426208,255,0.069156,0.019254,0.049902,1137,44,1,0,4,1,1,1,1,1,0,0,1,1,4,0,Fuzzers,1,1
54887,1.96067,tcp,http,FIN,152,34,195881,11000,94.355501,254,252,793985.75,43564.69922,73,5,12.984569,56.351122,1486.057498,3454.819437,255,2471761562,2420904298,255,0.16721,0.085504,0.081706,1289,324,0,0,1,1,1,1,1,1,0,0,0,2,1,0,Generic,1,1
54966,3.422533,tcp,http,FIN,62,372,3006,482406,126.514484,254,252,6914.177246,1124570.625,2,184,56.1071,9.093644,2660.789828,1101.114492,255,202555155,764567684,255,0.102029,0.048024,0.054005,48,1297,0,0,1,1,2,1,1,1,0,0,0,1,1,0,Worms,1,1
55123,4.88649,tcp,smtp,FIN,578,102,741024,5142,138.95455,62,252,1211081.25,8336.454102,286,8,8.468787,48.052813,1001.577755,59.377547,255,3844840121,4203157650,255,0.076543,0.032555,0.043988,1282,50,0,0,1,1,1,1,1,1,0,0,0,5,1,0,Exploits,1,1
55147,4.88649,tcp,smtp,FIN,578,102,741024,5142,138.95455,62,252,1211081.25,8336.454102,286,8,8.468787,48.052813,1001.577755,59.377547,255,3844840121,4203157650,255,0.076543,0.032555,0.043988,1282,50,0,0,1,1,1,1,1,1,0,0,0,5,1,0,Exploits,1,1
55293,4.435374,tcp,smtp,FIN,310,62,382636,3420,83.645712,62,252,687927.5625,6069.387207,152,8,14.353961,71.132031,1579.431842,83.841633,255,1020117758,3939716232,255,0.159338,0.095772,0.063566,1234,55,0,0,1,1,1,1,1,1,0,0,0,2,1,0,Exploits,1,1
55299,5.376663,tcp,-,FIN,100,549,4678,709591,120.520846,62,252,1053886.375,6892.006836,1,242,53.215273,9.74683,70.008156,1253.221257,255,2915817940,1752515296,255,0.0,0.0,0.0,47,1293,0,0,8,1,1,1,1,1,0,0,0,3,1,0,DoS,1,1
55341,2.439977,tcp,smtp,FIN,144,38,166007,2682,74.181029,62,252,540513.3125,8564.015625,68,8,17.056482,64.957863,2168.810686,96.694117,255,3609866228,1049786640,255,0.070739,0.036525,0.034214,1153,71,0,0,1,1,1,1,1,1,0,0,0,5,1,0,Exploits,1,1
55345,12.786549,tcp,http,FIN,12,14,1262,6806,1.95518,254,252,723.885742,3954.155273,2,4,1162.413523,975.993923,114283.8649,106494.4286,255,891596496,798804002,255,0.154299,0.078971,0.075328,105,486,1,2938,1,1,1,1,1,1,0,0,1,1,2,0,Generic,1,1
55346,2.439977,tcp,smtp,FIN,144,38,166007,2682,74.181029,62,252,540513.3125,8564.015625,68,8,17.056482,64.957863,2168.810686,96.694117,255,3609866228,1049786640,255,0.070739,0.036525,0.034214,1153,71,0,0,1,1,1,1,1,1,0,0,0,5,1,0,Exploits,1,1
55385,5.731757,tcp,pop3,FIN,60,272,2662,347063,57.748434,62,252,3654.027832,482627.5625,7,134,97.148424,20.822786,4834.555529,2319.085706,255,2768572848,2433069325,255,0.171504,0.067948,0.103556,44,1276,0,0,1,1,3,1,1,1,0,0,0,4,1,0,Exploits,1,1
55389,5.731757,tcp,pop3,FIN,60,272,2662,347063,57.748434,62,252,3654.027832,482627.5625,7,134,97.148424,20.822786,4834.555529,2319.085706,255,2768572848,2433069325,255,0.171504,0.067948,0.103556,44,1276,0,0,1,1,3,1,1,1,0,0,0,4,1,0,Exploits,1,1
55406,17.236902,tcp,http,FIN,1600,244,2161302,10502,106.921764,254,252,1002478.063,4854.236328,797,1,10.779732,70.680148,1243.344133,76.830406,255,908997083,1753151155,255,0.110639,0.061619,0.04902,1351,43,0,0,1,1,2,1,1,1,0,0,0,1,1,0,Fuzzers,1,1
55408,4.314762,tcp,smtp,FIN,172,42,202573,2732,49.36541,62,252,373408.3125,4944.884277,83,8,25.232526,103.864125,3051.430957,150.535641,255,1834898566,2615154640,255,0.103696,0.030341,0.073355,1178,65,0,0,2,1,2,1,1,1,0,0,0,2,1,0,Exploits,1,1
55449,3.105105,tcp,smtp,FIN,144,38,165837,2462,58.291106,62,252,424297.4063,6178.212891,69,8,21.714021,80.792055,2095.748012,96.772586,255,1814235389,3932703359,255,0.151272,0.097538,0.053734,1152,65,0,0,1,1,2,1,1,1,0,0,0,1,1,0,Exploits,1,1
55676,0.674635,tcp,http,FIN,60,12,68199,526,105.242095,254,252,795250.75,5727.541504,27,1,11.163542,56.288727,1197.172971,76.881664,255,518786154,163687932,255,0.131191,0.055452,0.075739,1137,44,1,0,4,1,2,2,1,2,0,0,1,2,4,0,Fuzzers,1,1
55718,0.627329,tcp,http,FIN,60,14,68199,612,116.366374,254,252,855219.5,7256.160645,27,1,10.632694,42.864922,1163.983209,59.970855,255,234608680,2448954732,255,0.104571,0.05322,0.051351,1137,44,1,0,4,1,2,2,1,2,0,0,1,2,4,0,Fuzzers,1,1
55806,0.904849,tcp,-,FIN,60,14,68197,612,80.676445,254,252,592903.375,5030.673828,27,1,14.636373,64.41177,1480.484988,76.160977,255,95986970,1471492189,255,0.098021,0.067491,0.03053,1137,44,1,0,4,1,1,1,1,1,0,0,1,1,2,0,Fuzzers,1,1
55990,1.529156,tcp,http,FIN,18,54,1568,66906,46.430843,62,252,7748.064941,343546.375,3,25,89.950353,25.689075,4489.888003,2839.104081,255,276080584,4074691525,255,0.183701,0.116252,0.067449,87,1239,2,31142,2,1,1,2,1,1,0,0,1,2,1,0,Exploits,1,1
56089,21.858728,sctp,-,CON,250,24,248562,1652,12.48929,254,60,90606.55469,579.722656,0,0,87.786039,239.196094,113.990258,274.994031,0,0,0,0,0.0,0.0,0.0,994,69,0,0,2,3,2,2,2,2,0,0,0,2,2,0,Exploits,1,1
56093,21.858728,sctp,-,CON,250,24,248562,1652,12.48929,254,60,90606.55469,579.722656,0,0,87.786039,239.196094,113.990258,274.994031,0,0,0,0,0.0,0.0,0.0,994,69,0,0,2,3,2,2,2,2,0,0,0,2,2,0,Exploits,1,1
56098,21.858728,sctp,-,CON,250,24,248562,1652,12.48929,254,60,90606.55469,579.722656,0,0,87.786039,239.196094,113.990258,274.994031,0,0,0,0,0.0,0.0,0.0,994,69,0,0,2,3,2,2,2,2,0,0,0,2,2,0,Generic,1,1
56119,2.558233,tcp,http,FIN,44,242,2250,309858,111.40502,62,252,6876.621582,964972.3125,2,119,59.493792,10.365137,3026.784295,1291.317059,255,2521376170,1639625,255,0.084882,0.036678,0.048204,51,1280,1,149806,2,1,1,1,1,1,0,0,1,1,1,0,Exploits,1,1
56339,3.180781,tcp,smtp,FIN,150,38,174130,2486,58.790595,62,252,435037.8125,6089.070801,71,8,21.347523,83.727078,2189.967398,117.664055,255,2078088613,499738810,255,0.096831,0.054057,0.042774,1161,65,0,0,1,1,1,1,1,1,0,0,0,2,1,0,Exploits,1,1
56342,3.180781,tcp,smtp,FIN,150,38,174130,2486,58.790595,62,252,435037.8125,6089.070801,71,8,21.347523,83.727078,2189.967398,117.664055,255,2078088613,499738810,255,0.096831,0.054057,0.042774,1161,65,0,0,1,1,1,1,1,1,0,0,0,2,1,0,Exploits,1,1
56371,3.346702,tcp,smtp,FIN,148,44,173263,2890,57.071109,62,252,411373.3438,6752.916504,71,8,22.764701,76.29607,2341.644702,101.795727,255,3386602879,2435991843,255,0.169425,0.06596,0.103465,1171,66,0,0,1,1,1,1,1,1,0,0,0,5,1,0,Exploits,1,1
56396,1.46578,tcp,-,FIN,10,6,534,268,10.233459,254,252,2625.223389,1222.557251,1,0,9979.361,16638.085,983819.0741,36583.336,255,2657696973,2040140906,255,0.13724,0.067441,0.069799,53,45,0,0,7,1,2,2,2,2,0,0,0,3,5,0,Fuzzers,1,1
56413,1.46578,tcp,-,FIN,10,6,534,268,10.233459,254,252,2625.223389,1222.557251,1,0,9979.361,16638.085,983819.0741,36583.336,255,2657696973,2040140906,255,0.13724,0.067441,0.069799,53,45,0,0,7,1,2,2,2,2,0,0,0,3,5,0,Fuzzers,1,1
56505,6.839677,tcp,smtp,FIN,364,74,459268,4086,63.891907,62,252,535706.0,4714.842773,179,8,18.839019,92.902547,1984.818042,107.157172,255,4014478603,156956296,255,0.123687,0.057781,0.065906,1262,55,0,0,1,1,4,1,1,1,0,0,0,1,1,0,DoS,1,1
56512,0.57464,tcp,http,FIN,60,14,68199,612,127.036063,254,252,933635.0,7921.481445,27,1,9.626474,42.131152,1086.084846,65.133414,255,2801169155,4136526071,255,0.051174,0.026931,0.024243,1137,44,1,0,4,1,2,2,1,2,0,0,1,2,4,0,Fuzzers,1,1
56542,0.603867,tcp,http,FIN,60,14,68199,612,120.887548,254,252,888447.3125,7538.083984,27,1,10.052847,44.564461,1113.667786,65.041859,255,2901227549,3508863673,255,0.045486,0.024518,0.020968,1137,44,1,0,4,1,1,1,1,1,0,0,1,1,4,0,Fuzzers,1,1
56609,37.878216,tcp,-,FIN,5364,802,7162185,34496,162.758458,254,252,1512394.375,7276.583496,2679,1,7.062702,47.204445,909.561859,57.957488,255,3035695409,4007820561,255,0.094836,0.067437,0.027399,1335,43,0,0,1,1,1,1,1,1,0,0,0,1,1,0,Exploits,1,1
56614,0.708906,tcp,http,FIN,60,14,68199,612,102.975572,254,252,756805.5625,6421.161621,27,1,12.015356,52.076691,1292.181837,73.061883,255,993053250,1451774685,255,0.069274,0.024086,0.045188,1137,44,1,0,4,1,2,2,1,2,0,0,1,2,4,0,Fuzzers,1,1
56617,0.672509,tcp,http,FIN,60,12,68199,526,105.574793,254,252,797764.75,5745.647949,27,1,11.38344,58.95791,1255.728603,77.669539,255,3695647221,3111836809,255,0.060448,0.023962,0.036486,1137,44,1,0,2,1,1,1,1,1,0,0,1,1,2,0,Fuzzers,1,1
56634,13.397816,tcp,-,FIN,268,48,337695,2226,23.511295,254,252,200889.4688,1301.704712,130,4,50.179084,283.233219,18972.24879,1448.7515,255,1522318394,3539281520,255,0.122945,0.064399,0.058546,1260,46,0,0,11,1,3,1,1,3,0,0,0,6,11,0,Fuzzers,1,1
56868,3.369304,tcp,-,FIN,486,88,611328,4848,170.0648,62,252,1448539.0,11380.39258,240,8,6.947019,38.266805,829.660391,50.493574,255,1444787181,3274014516,255,0.073382,0.023245,0.050137,1258,55,0,0,2,1,2,2,1,2,0,0,0,2,3,0,Exploits,1,1
56873,3.369304,tcp,-,FIN,486,88,611328,4848,170.0648,62,252,1448539.0,11380.39258,240,8,6.947019,38.266805,829.660391,50.493574,255,1444787181,3274014516,255,0.073382,0.023245,0.050137,1258,55,0,0,2,1,2,2,1,2,0,0,0,2,3,0,Exploits,1,1
56953,12.382626,tcp,-,FIN,140,810,6280,1071609,76.639643,62,252,4028.87085,691476.625,6,403,89.082597,15.233331,5231.080376,2144.080917,255,2091707979,1184211546,255,0.173431,0.058857,0.114574,45,1323,0,0,2,1,1,1,1,1,0,0,0,1,1,0,Exploits,1,1
56961,2.466813,tcp,smtp,FIN,152,38,177299,2518,76.617074,62,252,571208.25,7951.960449,73,8,16.33651,63.804027,1584.336557,72.172773,255,1699977967,1283871903,255,0.1783,0.105288,0.073012,1166,66,0,0,2,1,1,1,1,1,0,0,0,1,1,0,Exploits,1,1
57226,2.381094,tcp,-,FIN,118,26,136056,1244,60.056428,254,252,453247.125,4021.680908,56,3,20.340846,91.953758,1962.67424,113.406133,255,3749678814,368928550,255,0.183285,0.082248,0.101037,1153,48,0,0,3,1,2,1,1,1,0,0,0,2,2,0,Fuzzers,1,1
57272,3.409127,tcp,smtp,FIN,116,34,130402,2320,43.706204,62,252,303369.1563,5284.637207,55,8,29.644583,99.923875,3162.414632,153.961672,255,3043938962,380956457,255,0.215186,0.110856,0.10433,1124,68,0,0,1,1,1,1,1,1,0,0,0,1,1,0,Exploits,1,1
57438,2.630769,tcp,-,FIN,212,48,253602,2878,98.4503,62,252,767550.5,8572.398438,102,8,12.468099,55.62966,1584.311631,87.890484,255,134223336,2089158309,255,0.039555,0.015855,0.0237,1196,60,0,0,2,1,2,1,1,1,0,0,0,1,2,0,Exploits,1,1
57524,0.899384,tcp,http,FIN,60,14,68189,612,81.166663,254,252,596434.875,5061.241699,27,1,15.226949,64.34023,1480.114399,79.484586,255,1523726904,1213603152,255,0.120655,0.062951,0.057704,1136,44,1,0,5,1,1,1,1,1,0,0,1,1,5,0,Fuzzers,1,1
57730,1.659349,tcp,http,FIN,38,180,2584,238468,130.77418,62,252,12130.05859,1143311.0,3,87,44.847269,9.005391,2483.382621,1084.983939,255,3862039011,1900500630,255,0.093637,0.046596,0.047041,68,1325,1,297,1,1,1,1,1,1,0,0,1,1,1,0,Generic,1,1
57761,1.272488,tcp,-,FIN,116,34,132544,2288,117.093442,62,252,826110.75,13963.19629,55,8,11.065113,37.500333,1107.237326,1871.05821,255,3436305101,2674627809,255,0.062555,0.03427,0.028285,1143,67,0,0,1,1,1,1,1,1,0,0,0,1,1,0,Exploits,1,1
57764,1.272488,tcp,-,FIN,116,34,132544,2288,117.093442,62,252,826110.75,13963.19629,55,8,11.065113,37.500333,1107.237326,1871.05821,255,3436305101,2674627809,255,0.062555,0.03427,0.028285,1143,67,0,0,1,1,1,1,1,1,0,0,0,1,1,0,Exploits,1,1
58169,1.419672,tcp,-,FIN,68,27,69431,1948,66.212477,62,252,385497.5,10571.45606,32,8,20.733373,53.333,1853.348464,2600.699551,255,4213495635,4139263221,255,0.063608,0.033004,0.030604,1021,72,0,0,1,1,8,1,1,1,0,0,0,1,1,0,Exploits,1,1
58235,2.439605,tcp,-,FIN,116,28,135936,1366,58.616047,254,252,441924.0,4322.01123,55,4,21.213957,87.311852,2074.504655,100.95432,255,2346630038,1197465225,255,0.16294,0.081483,0.081457,1172,49,0,0,4,1,1,1,1,1,0,0,0,1,1,0,Fuzzers,1,1
58243,9.545449,tcp,-,FIN,560,106,737234,5522,69.666705,62,252,616769.6875,4584.383301,276,8,17.075938,90.097055,2588.609176,156.761891,255,2532786506,1995757218,255,0.104007,0.041188,0.062819,1316,52,0,0,1,1,4,1,1,4,0,0,0,4,1,0,DoS,1,1
58654,4.168438,tcp,smtp,FIN,294,60,361567,3548,84.684,62,252,691555.0,6696.033691,144,8,14.226751,69.176883,1529.545141,85.316516,255,3194270961,2929575425,255,0.148636,0.052011,0.096625,1230,59,0,0,1,1,1,1,1,1,0,0,0,1,1,0,Exploits,1,1
58753,1.688092,tcp,smtp,FIN,118,34,134732,2458,89.450101,62,252,633098.1875,11307.44043,56,8,14.428137,49.969242,1383.734645,59.206562,255,305491933,3572757791,255,0.065015,0.03854,0.026475,1142,72,0,0,1,1,1,1,1,1,0,0,0,1,1,0,Exploits,1,1
58861,1.701976,tcp,-,FIN,130,39,154442,2510,98.708798,62,252,720358.0,11497.22461,57,7,13.193612,43.792052,1403.917582,2275.558043,255,3486752550,1908536190,255,0.053032,0.03712,0.015912,1188,64,0,0,1,1,1,1,1,1,0,0,0,1,1,0,Exploits,1,1
58872,0.570614,tcp,http,FIN,18,74,1936,90194,159.47734,62,252,25642.55469,1247442.25,2,35,33.565529,7.272411,1688.906778,900.264587,255,524770774,3371886094,255,0.04108,0.02964,0.01144,108,1219,1,43222,1,1,1,1,1,1,0,0,1,8,1,0,Generic,1,1
59260,3.722049,tcp,-,FIN,124,34,138702,2356,42.181067,62,252,295716.6875,4915.572266,58,8,30.508598,108.506789,2892.065112,145.235484,255,190240590,2134338791,255,0.249901,0.121323,0.128578,1119,69,0,0,4,1,1,1,1,1,0,0,0,3,1,0,DoS,1,1
59358,12.859997,tcp,-,FIN,200,1230,8822,1633166,111.119779,62,252,5460.654785,1015141.125,6,613,64.623102,10.399464,3112.538284,1238.623804,255,1243236685,1909750229,255,0.156998,0.07799,0.079008,44,1328,0,0,8,1,1,1,1,1,0,0,0,4,1,0,Exploits,1,1
59422,31.981358,tcp,-,FIN,20,14,1176,622,1.031851,254,252,279.662933,144.584229,4,1,1681.518368,2455.4615,223011.5566,8185.7595,255,859877637,2163707292,255,0.134984,0.06035,0.074634,59,44,0,0,4,1,2,2,2,2,0,0,0,2,4,0,Fuzzers,1,1
59431,31.981358,tcp,-,FIN,20,14,1176,622,1.031851,254,252,279.662933,144.584229,4,1,1681.518368,2455.4615,223011.5566,8185.7595,255,859877637,2163707292,255,0.134984,0.06035,0.074634,59,44,0,0,4,1,2,2,2,2,0,0,0,2,4,0,Fuzzers,1,1
59440,31.981358,tcp,-,FIN,20,14,1176,622,1.031851,254,252,279.662933,144.584229,4,1,1681.518368,2455.4615,223011.5566,8185.7595,255,859877637,2163707292,255,0.134984,0.06035,0.074634,59,44,0,0,4,1,2,2,2,2,0,0,0,2,4,0,Fuzzers,1,1
59443,19.721582,tcp,-,FIN,212,210,33372,35406,21.347171,62,252,13473.56348,14294.1875,102,102,93.467199,94.143984,4420.127184,107.202625,255,865069587,3963065471,255,0.10022,0.044865,0.055355,157,169,0,0,5,1,1,1,1,1,0,0,0,6,2,0,Exploits,1,1
59448,31.981358,tcp,-,FIN,20,14,1176,622,1.031851,254,252,279.662933,144.584229,4,1,1681.518368,2455.4615,223011.5566,8185.7595,255,859877637,2163707292,255,0.134984,0.06035,0.074634,59,44,0,0,4,1,2,2,2,2,0,0,0,2,4,0,Fuzzers,1,1
59461,6.091302,tcp,http,CON,94,559,4432,743594,107.037873,62,252,5759.031738,974851.0625,2,262,65.488631,10.825708,4657.181283,1824.444164,255,1484253523,73975540,255,0.130947,0.050556,0.080391,47,1330,1,387108,1,3,1,1,1,1,0,0,1,1,1,0,Exploits,1,1
59584,31.215439,tcp,-,FIN,20,12,3308,536,0.993098,254,252,805.49884,126.091454,6,1,1642.129842,2834.26225,220496.8138,8767.525,255,3979065287,3946186529,255,0.093793,0.038539,0.055254,165,45,0,0,5,1,2,2,2,2,0,0,0,2,5,0,Fuzzers,1,1
59595,31.215439,tcp,-,FIN,20,12,3308,536,0.993098,254,252,805.49884,126.091454,6,1,1642.129842,2834.26225,220496.8138,8767.525,255,3979065287,3946186529,255,0.093793,0.038539,0.055254,165,45,0,0,5,1,2,2,2,2,0,0,0,2,5,0,Fuzzers,1,1
59617,1.001124,tcp,-,FIN,10,8,534,354,16.980913,254,252,3843.679688,2477.215576,2,0,6673.9834,8347.184,658042.7436,21737.934,255,3892963767,2117034067,255,0.163988,0.080801,0.083187,53,44,0,0,3,1,4,3,3,3,0,0,0,3,6,0,Fuzzers,1,1
59627,1.001124,tcp,-,FIN,10,8,534,354,16.980913,254,252,3843.679688,2477.215576,2,0,6673.9834,8347.184,658042.7436,21737.934,255,3892963767,2117034067,255,0.163988,0.080801,0.083187,53,44,0,0,3,1,4,3,3,3,0,0,0,3,6,0,Fuzzers,1,1
59701,1.778545,tcp,-,FIN,164,40,195388,2650,114.138241,62,252,873509.5,11622.9834,79,8,10.911319,44.977438,1071.003598,51.909082,255,3749584952,1321051016,255,0.079384,0.012177,0.067207,1191,66,0,0,1,1,8,1,1,1,0,0,0,1,1,0,Exploits,1,1
59703,12.178401,tcp,-,FIN,234,1446,10318,1944064,137.867032,62,252,6748.997559,1276174.125,6,721,52.267432,8.38666,2654.901772,1049.145934,255,3048267295,1038495816,255,0.114062,0.059667,0.054395,44,1344,0,0,2,1,1,1,1,1,0,0,0,3,1,0,Exploits,1,1
59712,0.719761,tcp,http,FIN,60,14,68197,612,101.422554,254,252,745369.625,6324.321289,27,1,11.657746,52.803,1214.544087,70.653492,255,1808856763,1397234840,255,0.08371,0.033318,0.050392,1137,44,1,0,1,1,1,1,1,1,0,0,1,1,2,0,Fuzzers,1,1
59720,0.905086,tcp,http,FIN,60,14,68197,612,80.655321,254,252,592748.125,5029.356445,27,1,14.932864,65.974,1496.448887,79.348484,255,1117882727,2543228751,255,0.106827,0.047413,0.059414,1137,44,1,0,4,1,1,1,1,1,0,0,1,1,5,0,Fuzzers,1,1
59775,10.294307,tcp,-,FIN,592,112,797960,5606,68.290174,62,252,619070.75,4317.726562,293,8,17.41736,92.076992,2009.870093,111.991344,255,1805480527,2417531751,255,0.190284,0.073758,0.116526,1348,50,0,0,4,1,2,1,1,1,0,0,0,3,5,0,Exploits,1,1
59788,0.820957,tcp,http,FIN,60,14,68193,612,88.920613,254,252,653452.0,5544.748535,27,1,13.298136,57.202,1355.190708,67.197148,255,2671228251,82706707,255,0.101042,0.07732,0.023722,1137,44,1,0,4,1,1,2,1,1,0,0,1,3,3,0,Fuzzers,1,1
59796,2.095087,tcp,http,FIN,38,204,2004,263720,115.03102,254,252,7453.628418,1002070.063,2,100,56.623971,9.804177,2715.093495,1200.314438,255,496428052,4288672859,255,0.157886,0.104189,0.053697,53,1293,1,127488,4,1,1,2,1,1,0,0,1,3,1,0,Worms,1,1
59805,7.853887,tcp,http,FIN,16,28,1770,31828,5.474996,254,252,1690.882446,31262.99023,6,12,523.59245,287.503303,40881.01424,46130.13732,255,3246750160,3401639801,255,0.153384,0.06113,0.092254,111,1137,1,0,1,1,2,1,1,1,0,0,1,4,2,0,DoS,1,1
59813,2.342141,tcp,smtp,FIN,98,32,106062,2314,55.077813,62,252,358577.9063,7657.950684,44,8,24.145784,74.895648,2301.763355,96.17293,255,1229845000,3373655881,255,0.130186,0.019661,0.110525,1082,72,0,0,1,1,1,1,1,1,0,0,0,1,1,0,Exploits,1,1
59880,55.083427,tcp,-,FIN,8669,1340,11631181,58598,181.688041,62,252,1689051.0,8504.191406,4206,8,6.354787,41.132578,842.371466,57.083824,255,2471451499,782955163,255,0.051241,0.006168,0.045073,1342,44,0,0,1,1,1,1,1,1,0,0,0,1,1,0,DoS,1,1
59890,21.663305,tcp,http,FIN,36,46,11418,43274,3.739042,254,252,4099.466797,15633.44043,21,21,618.951607,478.977029,45768.15888,0.0,255,1973345920,1595540777,255,0.173202,0.108576,0.064626,317,941,0,0,1,1,1,1,1,1,0,0,0,1,1,0,Backdoor,1,1
59924,4.825116,tcp,-,FIN,110,58,112618,5940,34.610566,254,252,185023.5313,9679.352539,49,23,44.267118,84.44607,3609.898227,120.257234,255,4019691673,2830443707,255,0.036153,0.011111,0.025042,1024,102,0,0,2,1,1,1,1,1,0,0,0,2,1,0,Exploits,1,1
59933,0.562489,tcp,-,FIN,60,14,68201,612,129.780322,254,252,953832.0625,8092.603027,27,1,9.533712,39.947848,1046.378067,61.911422,255,3310252390,1143166034,255,0.056594,0.032937,0.023657,1137,44,1,0,1,1,2,2,1,2,0,0,1,2,1,0,Fuzzers,1,1
59986,0.817447,tcp,http,FIN,60,14,68199,612,89.302425,254,252,656316.5625,5568.556641,27,1,13.855034,58.755848,1369.842562,85.537961,255,1613900930,771042386,255,0.124423,0.051545,0.072878,1137,44,1,0,4,1,1,1,1,1,0,0,1,1,4,0,Fuzzers,1,1
59992,32.258488,tcp,http,FIN,120,28,136392,1224,4.55694,254,252,33543.04688,292.884155,79,1,271.079746,1193.705625,89629.7475,5834.25,255,1540128708,3094408381,255,0.091894,0.027727,0.064167,1137,44,1,0,1,1,2,2,2,2,0,0,2,2,1,0,Fuzzers,1,1
59999,32.258488,tcp,http,FIN,120,28,136392,1224,4.55694,254,252,33543.04688,292.884155,79,1,271.079746,1193.705625,89629.7475,5834.25,255,1540128708,3094408381,255,0.091894,0.027727,0.064167,1137,44,1,0,1,1,2,2,2,2,0,0,2,2,1,0,Fuzzers,1,1
60007,32.258488,tcp,-,FIN,120,28,136392,1224,4.55694,254,252,33543.04688,292.884155,79,1,271.079746,1193.705625,89629.7475,5834.25,255,1540128708,3094408381,255,0.091894,0.027727,0.064167,1137,44,1,0,2,1,2,2,2,2,0,0,2,2,2,0,Fuzzers,1,1
60013,32.258488,tcp,-,FIN,120,28,136392,1224,4.55694,254,252,33543.04688,292.884155,79,1,271.079746,1193.705625,89629.7475,5834.25,255,1540128708,3094408381,255,0.091894,0.027727,0.064167,1137,44,1,0,2,1,2,2,2,2,0,0,2,2,2,0,Fuzzers,1,1
60016,2.792769,tcp,-,FIN,112,34,126400,2344,51.919798,62,252,358846.7188,6519.694336,53,8,25.160081,82.197727,2354.851585,104.207617,255,822598912,1419463106,255,0.151907,0.079566,0.072341,1129,69,0,0,1,1,1,1,1,1,0,0,0,4,2,0,Exploits,1,1
60145,2.094362,tcp,-,FIN,116,34,126884,2380,71.143383,62,252,480493.8125,8823.689453,54,8,18.211843,61.957969,2042.413428,95.635375,255,3321855833,1561572758,255,0.082712,0.049061,0.033651,1094,70,0,0,1,1,2,1,1,1,0,0,0,1,6,0,Exploits,1,1
60149,2.094362,tcp,-,FIN,116,34,126884,2380,71.143383,62,252,480493.8125,8823.689453,54,8,18.211843,61.957969,2042.413428,95.635375,255,3321855833,1561572758,255,0.082712,0.049061,0.033651,1094,70,0,0,1,1,2,1,1,1,0,0,0,1,6,0,Exploits,1,1
60212,1.72105,tcp,-,FIN,190,48,223870,2874,137.706631,62,252,1035144.813,13085.03516,81,8,9.100688,36.152598,1030.98607,46.730707,255,2794786569,401772989,255,0.043539,0.021874,0.021665,1178,60,0,0,2,1,1,1,1,1,0,0,0,2,1,0,DoS,1,1
60329,2.171847,tcp,-,FIN,158,40,182525,2632,90.706201,62,252,668076.5,9455.545898,75,8,13.83342,54.062719,1546.86634,85.887172,255,3150641990,1058928889,255,0.096424,0.045186,0.051238,1155,66,0,0,1,1,1,1,1,1,0,0,0,8,1,0,Exploits,1,1
60348,3.665832,tcp,-,FIN,158,40,183208,2494,53.739505,62,252,397288.25,5307.390137,76,8,23.349248,92.926844,2559.276682,133.624375,255,3372489451,2725059793,255,0.108251,0.041009,0.067242,1160,62,0,0,3,1,1,1,1,1,0,0,0,1,1,0,Exploits,1,1
60350,59.954422,tcp,-,CON,9416,1418,12536928,61446,180.687256,254,252,1672683.5,8193.291016,4707,6,6.367146,42.301148,835.16514,52.692316,255,918502843,1194538688,255,0.058395,0.013588,0.044807,1331,43,0,0,3,4,1,1,1,1,0,0,0,1,1,0,Exploits,1,1
60526,41.434517,tcp,-,FIN,2854,478,3796259,21510,80.391911,62,252,732708.75,4144.370605,1424,8,14.523134,86.818227,1825.444387,99.317102,255,1097720775,815447615,255,0.178278,0.108276,0.070002,1330,45,0,0,2,1,1,1,1,1,0,0,0,6,1,0,Exploits,1,1
60640,44.16214,tcp,http,FIN,20,16,1220,708,0.792534,254,252,209.953598,120.284027,6,1,2323.462737,2939.593,308751.3118,10591.118,255,2471914418,3165818776,255,0.138588,0.068242,0.070346,61,44,0,0,3,1,3,2,2,2,0,0,0,2,3,0,Fuzzers,1,1
60643,44.16214,tcp,http,FIN,20,16,1220,708,0.792534,254,252,209.953598,120.284027,6,1,2323.462737,2939.593,308751.3118,10591.118,255,2471914418,3165818776,255,0.138588,0.068242,0.070346,61,44,0,0,3,1,3,2,2,2,0,0,0,2,3,0,Fuzzers,1,1
60678,12.549628,tcp,http,FIN,170,1038,8072,1428743,96.178148,62,252,5115.689453,909902.3125,2,517,74.258152,12.007113,3985.95409,1689.248168,255,283887534,4156032229,255,0.166907,0.078332,0.088575,47,1376,0,0,1,1,1,1,1,1,0,0,0,2,1,0,Generic,1,1
60722,54.514931,tcp,-,FIN,20,14,1176,622,0.605339,254,252,164.06514,84.820801,4,1,2869.158842,4190.2985,385275.2041,14155.18,255,3404210845,634556846,255,0.091948,0.04105,0.050898,59,44,0,0,2,1,1,1,1,1,0,0,0,1,4,0,Fuzzers,1,1
60745,54.514931,tcp,-,FIN,20,14,1176,622,0.605339,254,252,164.06514,84.820801,4,1,2869.158842,4190.2985,385275.2041,14155.18,255,3404210845,634556846,255,0.091948,0.04105,0.050898,59,44,0,0,1,1,2,1,1,1,0,0,0,1,4,0,Fuzzers,1,1
60845,7.552544,tcp,-,FIN,74,372,3268,476144,58.920543,62,252,3415.008301,502998.7188,7,184,103.453299,20.118296,8575.204373,3753.437838,255,2604974612,1642317897,255,0.155883,0.088648,0.067235,44,1280,0,0,10,1,2,1,1,1,0,0,0,3,2,0,Exploits,1,1
60909,11.719152,tcp,-,FIN,392,78,502880,4406,40.019959,62,252,342412.4688,2969.498047,193,8,29.969548,150.357188,8462.482018,558.358062,255,3103030300,2892476730,255,0.199786,0.141647,0.058139,1283,56,0,0,2,1,2,1,1,2,0,0,0,2,3,0,Exploits,1,1
61004,5.84216,tcp,-,FIN,280,56,345462,3430,57.341803,62,252,471372.2188,4613.361816,128,8,20.939642,104.859984,2954.14632,170.010297,255,835569989,1410923189,255,0.115438,0.047881,0.067557,1234,61,0,0,5,1,1,1,1,1,0,0,0,3,1,0,Exploits,1,1
61027,4.455789,tcp,-,FIN,420,80,525644,4394,111.989143,62,252,941504.1875,7792.110352,205,8,10.634341,55.498961,1534.832565,93.843492,255,2639835185,2863861299,255,0.119902,0.07064,0.049262,1252,55,0,0,3,1,1,1,1,1,0,0,0,2,2,0,Exploits,1,1
61294,0.688287,tcp,-,FIN,10,8,818,1078,24.698998,62,252,8566.193359,10972.16699,1,1,6211.2583,7768.282,614225.0407,20358.6,255,278693108,1743104996,255,0.174862,0.079248,0.095614,82,135,0,0,5,1,1,1,1,1,0,0,0,2,3,0,Analysis,1,1
61481,2.736457,tcp,-,FIN,80,432,3674,564068,186.737807,62,252,10609.33887,1645231.0,6,214,34.638695,6.320868,1776.332441,731.447833,255,3010571326,3872702332,255,0.051109,0.007235,0.043874,46,1306,0,0,1,1,1,1,1,1,0,0,0,1,1,0,Exploits,1,1
61488,3.090253,tcp,-,FIN,250,44,330378,1902,94.81424,62,252,851857.75,4812.550781,122,1,12.210876,70.459305,1438.449728,86.675031,255,3668642232,3210955619,255,0.097983,0.060492,0.037491,1322,43,0,0,1,1,1,1,1,1,0,0,0,1,1,0,DoS,1,1
61498,3.136867,tcp,-,FIN,250,44,330378,1902,93.405298,62,252,839199.125,4741.036133,122,1,12.528879,71.218977,1519.100458,81.364297,255,3421397227,678676450,255,0.132439,0.07444,0.057999,1322,43,0,0,3,1,1,1,1,1,0,0,0,2,2,0,DoS,1,1
61635,3.057099,tcp,-,FIN,164,42,196675,2784,67.057034,62,252,511533.3125,7112.625,79,8,18.755208,73.683266,2580.771125,129.381906,255,750767633,1319624057,255,0.054679,0.03537,0.019309,1199,66,0,0,4,1,1,1,1,1,0,0,0,1,1,0,Exploits,1,1
61639,3.057099,tcp,-,FIN,164,42,196675,2784,67.057034,62,252,511533.3125,7112.625,79,8,18.755208,73.683266,2580.771125,129.381906,255,750767633,1319624057,255,0.054679,0.03537,0.019309,1199,66,0,0,4,1,1,1,1,1,0,0,0,1,1,0,Exploits,1,1
61650,9.967051,tcp,-,FIN,86,486,4086,657255,57.288763,62,252,3241.881836,526457.0625,2,240,117.25942,20.358633,9113.96267,3579.509798,255,3937384592,3175747309,255,0.158415,0.092426,0.065989,48,1352,0,0,4,1,1,1,1,1,0,0,0,3,1,0,Exploits,1,1
61738,3.235689,tcp,-,FIN,162,40,193939,2690,62.119692,62,252,476540.25,6485.172363,78,8,20.096578,81.187641,2129.700763,107.302742,255,2268819261,1458165923,255,0.139056,0.069363,0.069693,1197,67,0,0,2,1,1,1,1,1,0,0,0,1,1,0,Exploits,1,1
61740,2.207874,tcp,-,FIN,258,42,330718,1816,135.424391,62,252,1193680.375,6424.279297,126,1,8.433996,52.950633,978.296913,61.513922,255,137686219,3032986429,255,0.080072,0.036894,0.043178,1282,43,0,0,3,1,1,2,1,1,0,0,0,2,3,0,DoS,1,1
61743,3.235689,tcp,-,FIN,162,40,193939,2690,62.119692,62,252,476540.25,6485.172363,78,8,20.096578,81.187641,2129.700763,107.302742,255,2268819261,1458165923,255,0.139056,0.069363,0.069693,1197,67,0,0,2,1,1,1,1,1,0,0,0,1,1,0,Exploits,1,1
61759,2.390472,tcp,-,FIN,258,42,330718,1816,125.079904,62,252,1102500.25,5933.556152,126,1,9.216117,56.989,1046.220902,63.235379,255,2753221148,3805336873,255,0.11707,0.053913,0.063157,1282,43,0,0,3,1,1,1,1,1,0,0,0,1,3,0,DoS,1,1
61777,1.037236,tcp,-,FIN,112,20,136027,870,126.297201,254,252,1039786.563,6378.490723,53,1,8.874919,50.530262,933.143435,62.761648,255,1174333220,896781004,255,0.142253,0.077151,0.065102,1215,44,0,0,2,1,1,1,1,1,0,0,0,1,1,0,Exploits,1,1
61778,0.534203,tcp,http,FIN,60,12,68199,526,132.908278,254,252,1004307.375,7233.205566,27,1,8.957644,47.849637,1052.253366,70.063586,255,3668833273,3781957931,255,0.032279,0.007851,0.024428,1137,44,1,0,1,1,1,1,1,1,0,0,1,1,1,0,Fuzzers,1,1
61794,0.911038,tcp,-,FIN,10,6,2516,268,16.464736,254,252,19889.40039,1966.987183,1,0,10135.489,16881.356,1004398.69,37400.36,255,1109380554,64815569,255,0.135873,0.104412,0.031461,252,45,0,0,19,1,6,1,1,1,0,0,0,5,6,0,Fuzzers,1,1
61813,59.932209,tcp,-,CON,10200,1518,13677393,65274,195.504224,254,252,1825536.375,8707.304688,5096,0,5.879725,39.520309,749.926004,49.114129,255,924582483,1194538935,255,0.058395,0.013588,0.044807,1341,43,0,0,2,4,2,2,1,2,0,0,0,2,3,0,Exploits,1,1
61819,16.24704,tcp,-,FIN,2978,446,4017119,19178,210.684534,254,252,1977355.125,9422.024414,1484,0,5.493996,36.657609,676.242903,43.591262,255,931216763,1194538935,255,0.058395,0.013588,0.044807,1349,43,0,0,3,1,1,1,1,1,0,0,0,1,1,0,Exploits,1,1
61854,5.703365,tcp,-,FIN,72,376,3354,476357,78.374786,62,252,4640.067871,666401.0,6,186,80.329086,15.047176,5075.876528,2189.213617,255,868231433,1837492988,255,0.118266,0.059981,0.058285,47,1267,0,0,6,1,1,1,1,1,0,0,0,2,3,0,Exploits,1,1
61886,4.437746,tcp,http,FIN,70,414,3454,537387,108.839036,62,252,6138.250977,966416.75,2,205,64.315161,10.615579,3052.296046,1232.529176,255,2669674773,574527100,255,0.09174,0.048961,0.042779,49,1298,1,260116,1,1,1,1,1,1,0,0,1,4,1,0,DoS,1,1
61946,7.111837,tcp,-,FIN,286,68,365573,3800,49.635559,62,252,409790.0625,4212.694824,138,8,24.953814,103.801555,2922.532195,150.406766,255,4074795454,1863229909,255,0.252768,0.156445,0.096323,1278,56,0,0,1,1,1,1,1,1,0,0,0,1,2,0,Exploits,1,1
62043,22.351948,tcp,-,FIN,306,1984,13178,2647800,102.407183,62,252,4701.15625,947198.375,1,990,73.285086,11.231741,3650.978831,1406.81094,255,1079983153,4125008275,255,0.129728,0.078613,0.051115,43,1335,0,0,7,1,1,2,1,1,0,0,0,3,2,0,Exploits,1,1
62046,3.507615,tcp,smtp,FIN,114,34,127798,2304,41.908817,62,252,288918.8125,5102.041992,54,8,31.040841,104.863547,4179.237648,215.886016,255,940436116,676440483,255,0.086887,0.046438,0.040449,1121,68,0,0,1,1,1,1,1,1,0,0,0,2,1,0,Exploits,1,1
62060,3.443602,tcp,-,FIN,48,274,2552,351780,93.216345,62,252,5805.548828,814256.6875,2,135,73.246615,12.137439,3485.055372,1469.360911,255,2357255679,2773819616,255,0.227486,0.130078,0.097408,53,1284,0,0,6,1,1,2,1,1,0,0,0,2,2,0,Exploits,1,1
62104,8.188843,tcp,-,FIN,142,890,6542,1169559,125.903016,62,252,6346.195801,1141304.125,2,442,58.076901,9.15046,2954.57923,1176.829367,255,2490949313,1330370361,255,0.162048,0.05337,0.108678,46,1314,0,0,3,1,2,1,1,1,0,0,0,1,7,0,Exploits,1,1
62214,41.915348,tcp,-,FIN,536,3360,24148,4608159,92.925388,62,252,4600.319824,879255.5625,2,1676,78.346469,12.449779,3787.037586,1447.391399,255,502393016,1328514157,255,0.128036,0.056987,0.071049,45,1371,0,0,6,1,2,2,1,1,0,0,0,2,3,0,Generic,1,1
62252,4.870671,tcp,-,FIN,124,38,143779,2618,33.054995,62,252,234251.1094,4188.334961,59,8,39.598951,126.392648,4229.086462,181.117375,255,1932743748,2214018650,255,0.231046,0.16834,0.062706,1160,69,0,0,2,1,2,1,1,2,0,0,0,2,2,0,Exploits,1,1
62265,5.847723,tcp,-,FIN,40,162,1970,195632,34.372353,62,252,2628.031494,265983.875,6,79,149.941616,35.715242,13009.89124,6446.392951,255,1394448985,3088452116,255,0.24181,0.096948,0.144862,49,1208,0,0,9,1,1,1,1,1,0,0,0,1,2,0,Exploits,1,1
62293,18.090841,tcp,-,FIN,2676,414,3590241,18640,170.749384,254,252,1587057.25,8222.945312,1335,8,6.762931,43.707117,819.897204,51.585902,255,247418490,1265859465,255,0.049788,0.011076,0.038712,1342,45,0,0,7,1,2,2,1,2,0,0,0,2,4,0,Generic,1,1
62391,4.337094,tcp,-,FIN,62,368,3012,474433,98.914162,62,252,5467.255371,872739.25,2,181,71.099904,11.593575,3935.377908,1387.213195,255,1912284723,2693821632,255,0.135613,0.081517,0.054096,49,1289,0,0,8,1,2,2,1,1,0,0,0,3,9,0,Exploits,1,1
62435,5.798109,tcp,-,FIN,797,134,1019489,6586,160.397121,62,252,1404885.625,9019.492188,394,8,7.284056,43.034359,861.507537,53.050621,255,4164088829,2168267859,255,0.10883,0.051071,0.057759,1279,49,0,0,3,1,1,1,1,1,0,0,0,2,1,0,Exploits,1,1
62509,44.16214,tcp,http,FIN,20,16,1220,708,0.792534,254,252,209.953598,120.284027,6,1,2323.462737,2939.593,308751.3118,10591.118,255,2471914418,3165818776,255,0.138588,0.068242,0.070346,61,44,0,0,3,1,3,2,2,2,0,0,0,2,3,0,Fuzzers,1,1
62512,44.16214,tcp,http,FIN,20,16,1220,708,0.792534,254,252,209.953598,120.284027,6,1,2323.462737,2939.593,308751.3118,10591.118,255,2471914418,3165818776,255,0.138588,0.068242,0.070346,61,44,0,0,3,1,3,2,2,2,0,0,0,2,3,0,Fuzzers,1,1
62552,21.858728,sctp,-,CON,250,24,248562,1652,12.48929,254,60,90606.55469,579.722656,0,0,87.786039,239.196094,113.990258,274.994031,0,0,0,0,0.0,0.0,0.0,994,69,0,0,2,3,2,2,2,2,0,0,0,2,2,0,Exploits,1,1
62555,21.858728,sctp,-,CON,250,24,248562,1652,12.48929,254,60,90606.55469,579.722656,0,0,87.786039,239.196094,113.990258,274.994031,0,0,0,0,0.0,0.0,0.0,994,69,0,0,2,3,2,2,2,2,0,0,0,2,2,0,Exploits,1,1
62558,21.858728,sctp,-,CON,250,24,248562,1652,12.48929,254,60,90606.55469,579.722656,0,0,87.786039,239.196094,113.990258,274.994031,0,0,0,0,0.0,0.0,0.0,994,69,0,0,2,3,2,2,2,2,0,0,0,2,2,0,Generic,1,1
62782,0.731198,tcp,-,CON,110,16,135933,698,170.952325,254,252,1473723.875,7166.321289,53,1,6.708238,40.994734,705.333541,47.898168,255,4116295545,3611661518,255,0.06239,0.011273,0.051117,1236,44,0,0,2,4,1,1,1,1,0,0,0,2,1,0,Exploits,1,1
63032,3.074767,tcp,-,FIN,82,452,4326,610033,173.346462,62,252,11120.19141,1583688.125,2,217,37.960087,6.739224,1993.994756,914.842071,255,1996794419,238273777,255,0.05979,0.012226,0.047564,53,1350,0,0,1,1,1,1,1,1,0,0,0,8,1,0,Generic,1,1
63082,4.688354,tcp,-,FIN,692,122,921927,6256,173.408407,62,252,1570862.625,10587.9375,343,8,6.784883,38.315926,825.846127,51.776187,255,662129769,1861337847,255,0.09828,0.051414,0.046866,1332,51,0,0,3,1,1,1,1,1,0,0,0,1,1,0,Exploits,1,1
63131,1.901135,tcp,smtp,FIN,118,36,130606,2512,80.478242,62,252,544937.625,10280.17481,55,8,16.249017,53.775855,1753.156801,103.408445,255,2650978111,1396266537,255,0.041114,0.007877,0.033237,1107,70,0,0,1,1,1,1,1,1,0,0,0,1,1,0,Exploits,1,1
63141,48.402599,tcp,-,FIN,28,22,1548,1198,1.012342,254,252,246.763611,189.08075,16,11,1792.133149,2301.3865,285405.638,9990.325,255,2676961420,1170787094,255,0.141785,0.073468,0.068317,55,54,0,0,6,1,3,1,1,1,0,0,0,3,9,0,Fuzzers,1,1
63165,6.003338,tcp,-,FIN,106,600,4778,798430,117.43467,62,252,6307.157715,1062209.125,6,298,57.174647,9.890484,2765.802592,1119.849865,255,2937822272,4045830006,255,0.077434,0.043756,0.033678,45,1331,0,0,6,1,1,1,1,1,0,0,0,3,1,0,Exploits,1,1
63181,2.261706,tcp,-,FIN,121,37,137752,2412,69.416623,62,252,483224.5938,8301.697266,52,8,18.84755,60.489582,1729.201432,71.238977,255,3258908640,1098312179,255,0.199241,0.060409,0.138832,1138,65,0,0,8,1,1,1,1,1,0,0,0,2,1,0,Exploits,1,1
63185,1.183932,tcp,-,FIN,10,8,836,1222,14.358933,62,252,5088.130371,7230.145508,1,1,10915.9914,13640.347,1079726.384,35719.152,255,2792856787,680811484,255,0.165437,0.05666,0.108777,84,153,0,0,4,1,1,1,1,1,0,0,0,1,5,0,Analysis,1,1
63316,2.415098,tcp,-,FIN,246,52,301293,3044,122.976379,62,252,993977.0625,9891.110352,120,8,9.857543,46.881785,1078.633027,59.155625,255,4274670748,4796581,255,0.040664,0.023432,0.017232,1225,59,0,0,4,1,2,1,1,1,0,0,0,5,3,0,Exploits,1,1
63442,1.731572,tcp,-,FIN,112,20,136021,870,75.653798,254,252,622819.0,3820.80542,53,1,15.402378,87.547844,1882.657864,142.526781,255,3853324727,1209205541,255,0.141434,0.068156,0.073278,1214,44,0,0,4,1,1,2,1,1,0,0,0,2,1,0,Exploits,1,1
63464,5.497667,tcp,-,FIN,58,322,2514,415651,68.938335,62,252,3595.707275,602962.6875,1,154,96.450297,16.796025,5944.037209,2445.32992,255,1526336879,965779077,255,0.143019,0.105385,0.037634,43,1291,0,0,2,1,1,1,1,1,0,0,0,1,2,0,Exploits,1,1
63469,5.497667,tcp,-,FIN,58,322,2514,415651,68.938335,62,252,3595.707275,602962.6875,1,154,96.450297,16.796025,5944.037209,2445.32992,255,1526336879,965779077,255,0.143019,0.105385,0.037634,43,1291,0,0,2,1,1,1,1,1,0,0,0,1,2,0,Exploits,1,1
63568,0.605691,tcp,http,FIN,60,14,68199,612,120.523498,254,252,885771.75,7515.383301,27,1,10.118424,42.372691,1099.116492,61.95123,255,1801136852,1642652152,255,0.110628,0.054839,0.055789,1137,44,1,0,4,1,2,2,1,2,0,0,1,2,4,0,Fuzzers,1,1
63572,0.548052,tcp,http,FIN,60,14,68199,612,133.199036,254,252,978929.0,8305.78125,27,1,9.125729,38.09477,1040.739239,59.218156,255,4037135348,946494922,255,0.101241,0.052784,0.048457,1137,44,1,0,4,1,2,2,1,2,0,0,1,2,4,0,Fuzzers,1,1
63638,2.85771,tcp,-,FIN,248,42,330293,1816,101.12993,62,252,920910.8125,4963.415039,121,1,11.341324,68.011609,1302.299878,75.511078,255,548661863,207250809,255,0.110313,0.069224,0.041089,1332,43,0,0,5,1,1,1,1,1,0,0,0,1,5,0,DoS,1,1
63697,43.676975,tcp,-,FIN,20,12,1068,536,0.709756,254,252,185.910309,90.116127,4,1,2298.740632,3964.4585,306952.7999,12144.152,255,3081642583,101164194,255,0.204901,0.067927,0.136974,53,45,0,0,3,1,2,1,1,1,0,0,0,2,3,0,Fuzzers,1,1
63701,43.676975,tcp,-,FIN,20,12,1068,536,0.709756,254,252,185.910309,90.116127,4,1,2298.740632,3964.4585,306952.7999,12144.152,255,3081642583,101164194,255,0.204901,0.067927,0.136974,53,45,0,0,5,1,1,1,1,1,0,0,0,1,3,0,Fuzzers,1,1
63760,8.01734,tcp,-,FIN,112,654,5040,856639,95.418185,62,252,4984.196777,853480.125,6,325,72.228292,12.157688,3493.82912,1425.755978,255,3672958822,809136083,255,0.155804,0.077617,0.078187,45,1310,0,0,1,1,1,1,1,1,0,0,0,1,1,0,Exploits,1,1
63856,4.898794,tcp,-,FIN,314,64,391746,3622,76.957714,62,252,637706.3125,5823.474121,154,8,15.701263,76.279813,1723.322516,91.960555,255,456656714,2522569388,255,0.148774,0.054555,0.094219,1248,57,0,0,1,1,1,1,1,1,0,0,0,1,1,0,Exploits,1,1
63885,0.837534,tcp,-,FIN,170,30,212416,1414,237.602291,254,252,2017035.75,13057.37988,82,2,4.955823,28.523725,546.314586,37.526871,255,556000885,1156505920,255,0.051213,0.007165,0.044048,1250,47,0,0,3,1,1,1,1,1,0,0,0,1,1,0,Exploits,1,1
63918,41.921242,tcp,-,FIN,6820,1028,9179162,45082,187.184341,62,252,1751439.875,8594.974609,3407,8,6.148605,40.793926,759.75142,48.875582,255,3456021950,3945203223,255,0.087569,0.025216,0.062353,1346,44,0,0,2,1,1,1,1,1,0,0,0,1,1,0,Exploits,1,1
64010,3.305232,tcp,-,FIN,250,42,330378,1816,88.04223,62,252,796451.1875,4291.37793,122,1,12.729129,78.922734,1948.051947,151.882281,255,4142305819,2595899763,255,0.163429,0.06939,0.094039,1322,43,0,0,2,1,1,1,1,1,0,0,0,2,3,0,DoS,1,1
64055,13.134935,tcp,-,FIN,162,1014,7374,1355001,89.456093,62,252,4463.820801,824466.9375,2,504,81.58345,12.853128,4412.987377,1647.527689,255,3729047423,171951429,255,0.219787,0.114107,0.10568,46,1336,0,0,8,1,1,1,1,1,0,0,0,1,1,0,Exploits,1,1
64101,4.001369,tcp,-,FIN,70,30,69620,2208,24.741532,254,252,137205.0469,4268.539062,32,8,57.976767,135.691625,6200.055183,249.359813,255,3358362017,3545635337,255,0.191295,0.066301,0.124994,995,74,0,0,6,1,1,1,1,1,0,0,0,1,1,0,DoS,1,1
64118,6.673928,tcp,-,FIN,70,336,3258,434458,60.683905,62,252,3850.206543,519232.4688,6,166,96.70981,19.779681,6071.820092,2622.779639,255,576534380,3237399352,255,0.097045,0.047724,0.049321,47,1293,0,0,5,1,1,1,1,1,0,0,0,2,1,0,Exploits,1,1
64134,32.022003,tcp,-,FIN,18,18,1442,1522,1.092998,254,252,340.266022,359.252991,7,4,1883.603706,1880.879529,240198.8965,237306.8633,255,2076934713,3570954734,255,0.092666,0.047044,0.045622,80,85,0,0,3,1,1,1,1,1,0,0,0,1,3,0,Fuzzers,1,1
64139,32.022003,tcp,-,FIN,18,18,1442,1522,1.092998,254,252,340.266022,359.252991,7,4,1883.603706,1880.879529,240198.8965,237306.8633,255,2076934713,3570954734,255,0.092666,0.047044,0.045622,80,85,0,0,3,1,1,1,1,1,0,0,0,1,3,0,Fuzzers,1,1
64186,7.331617,tcp,-,FIN,80,404,3658,536631,65.879056,62,252,3942.377197,584103.625,6,199,92.803763,18.031821,6271.705898,2707.146692,255,2234056892,509679174,255,0.126221,0.064782,0.061439,46,1328,0,0,5,1,1,1,1,1,0,0,0,2,1,0,Exploits,1,1
64190,7.331617,tcp,-,FIN,80,404,3658,536631,65.879056,62,252,3942.377197,584103.625,6,199,92.803763,18.031821,6271.705898,2707.146692,255,2234056892,509679174,255,0.126221,0.064782,0.061439,46,1328,0,0,5,1,1,1,1,1,0,0,0,2,1,0,Exploits,1,1
64279,8.370166,tcp,-,FIN,622,108,825227,4654,87.095049,254,252,787464.4375,4407.081055,308,1,13.478528,77.398461,1541.07545,96.764922,255,2766028323,1097503407,255,0.1507,0.058532,0.092168,1327,43,0,0,3,1,1,1,1,1,0,0,0,1,1,0,DoS,1,1
64288,3.14409,tcp,-,FIN,158,40,185705,2692,62.657241,62,252,469528.5625,6679.198242,76,8,20.026051,79.048586,1902.790802,89.579617,255,3795399747,257724902,255,0.056166,0.030546,0.02562,1175,67,0,0,2,1,1,1,1,1,0,0,0,2,1,0,Exploits,1,1
64493,1.510516,tcp,-,FIN,10,8,2516,354,11.254432,254,252,11995.90039,1641.822998,2,0,10009.5929,12520.091,986675.7378,32597.784,255,2492705330,406190960,255,0.144427,0.079067,0.06536,252,44,0,0,5,1,1,1,1,1,0,0,0,3,4,0,Fuzzers,1,1
64505,42.355732,tcp,-,FIN,5532,863,7263194,38126,150.959497,62,252,1371598.5,7192.79248,2730,8,7.657873,49.125793,1137.044051,77.617234,255,2166322019,804026318,255,0.055463,0.008768,0.046695,1313,44,0,0,1,1,4,1,1,1,0,0,0,1,1,0,Exploits,1,1
64564,59.954037,tcp,-,CON,898,5902,39070,7862186,113.40354,62,252,5207.589355,1048917.375,2,2950,66.838415,10.148997,3210.717632,1251.979972,255,2581305978,3985066016,255,0.084345,0.029881,0.054464,44,1332,0,0,9,3,1,1,1,1,0,0,0,3,1,0,DoS,1,1
64583,4.521123,tcp,-,FIN,788,120,1032606,5170,200.613877,254,252,1824849.25,9072.082031,391,1,5.718422,37.555379,711.877873,45.750801,255,661890004,3059209564,255,0.114617,0.052022,0.062595,1310,43,0,0,2,1,1,1,1,1,0,0,0,1,4,0,DoS,1,1
64602,2.40519,tcp,-,FIN,146,38,174387,2506,76.085465,62,252,576064.25,8119.108887,71,7,16.587517,63.09635,1877.625782,3252.055986,255,1666985134,1179812075,255,0.070096,0.070096,0.0,1194,66,0,0,6,1,1,1,1,1,0,0,0,3,1,0,Exploits,1,1
64614,2.722085,tcp,-,FIN,40,222,2134,283919,95.882384,62,252,6115.899902,830660.3125,2,109,69.797048,11.795313,3329.725497,1399.550381,255,3278413229,3995042705,255,0.223113,0.11468,0.108433,53,1279,0,0,2,1,1,1,1,1,0,0,0,2,1,0,Exploits,1,1
64644,3.696336,tcp,-,FIN,118,34,134118,2378,40.851264,62,252,287813.6563,4997.381348,56,8,31.592615,110.365273,2950.574947,129.356125,255,1226375867,1194429660,255,0.12834,0.053533,0.074807,1137,70,0,0,6,1,2,1,1,2,0,0,0,2,4,0,Exploits,1,1
64671,0.525258,tcp,-,FIN,10,8,806,1226,32.365047,62,252,11057.42285,16342.44531,1,1,9290.7718,11613.464,923781.6608,30556.528,255,2427962773,1076270816,255,0.175212,0.088088,0.087124,81,153,0,0,5,1,3,1,1,1,0,0,0,1,7,0,Analysis,1,1
64678,3.463469,tcp,-,FIN,522,94,681475,4978,177.567634,62,252,1571072.25,11378.1875,257,8,6.647733,36.842711,836.666967,50.756754,255,4221772607,4024351183,255,0.033009,0.019041,0.013968,1306,53,0,0,2,1,1,1,1,1,0,0,0,1,1,0,Exploits,1,1
64703,1.143257,tcp,-,FIN,130,32,152546,2078,140.825726,62,252,1059240.375,14093.06934,62,6,8.862457,36.607998,835.132397,1764.985096,255,648484482,882903357,255,0.058154,0.007532,0.050622,1173,65,0,0,1,1,1,1,1,1,0,0,0,1,1,0,Exploits,1,1
64744,29.983252,tcp,-,FIN,2730,432,3592740,19532,105.425524,62,252,958248.0625,5199.436035,1362,8,10.986893,69.330289,1322.637748,78.656805,255,622243333,2617689712,255,0.206411,0.101109,0.105302,1316,45,0,0,2,1,1,1,1,1,0,0,0,2,2,0,Exploits,1,1
64772,6.065326,tcp,-,FIN,324,68,420112,3848,64.464793,62,252,552406.875,5001.544434,159,8,18.778099,89.00618,2303.81417,125.770477,255,4082177182,3619015336,255,0.16928,0.100939,0.068341,1297,57,0,0,1,1,1,1,1,1,0,0,0,1,1,0,Exploits,1,1
64945,19.276525,tcp,-,FIN,1159,204,1531324,9152,70.655887,62,252,634970.4375,3779.934326,546,5,16.64633,94.659422,2250.135161,171.323734,255,1310920826,523206313,255,0.119714,0.06065,0.059064,1321,45,0,0,2,1,1,1,1,1,0,0,0,2,2,0,Exploits,1,1
65007,36.005539,tcp,-,FIN,694,4455,30618,6040578,142.978001,62,252,6793.177246,1341843.125,3,2193,51.954734,8.077526,2512.785363,986.459365,255,3442881094,3162022681,255,0.118018,0.036327,0.081691,44,1356,0,0,1,1,1,1,1,1,0,0,0,1,1,0,DoS,1,1
65104,5.714344,tcp,-,FIN,426,78,538358,4200,88.024102,62,252,751925.3125,5805.740723,210,8,13.445515,73.534922,1560.551289,89.910375,255,1868650020,3468181892,255,0.110361,0.051432,0.058929,1264,54,0,0,6,1,1,1,1,1,0,0,0,2,1,0,Exploits,1,1
65108,5.714344,tcp,-,FIN,426,78,538358,4200,88.024102,62,252,751925.3125,5805.740723,210,8,13.445515,73.534922,1560.551289,89.910375,255,1868650020,3468181892,255,0.110361,0.051432,0.058929,1264,54,0,0,6,1,1,1,1,1,0,0,0,2,1,0,Exploits,1,1
65157,3.286602,tcp,-,FIN,142,38,164101,2650,54.463546,62,252,396630.9375,6282.476562,68,8,23.309234,84.474375,2482.975326,116.309906,255,802879089,514314061,255,0.151208,0.102363,0.048845,1156,70,0,0,1,1,1,1,1,1,0,0,0,1,1,0,Exploits,1,1
65162,3.286602,tcp,-,FIN,142,38,164101,2650,54.463546,62,252,396630.9375,6282.476562,68,8,23.309234,84.474375,2482.975326,116.309906,255,802879089,514314061,255,0.151208,0.102363,0.048845,1156,70,0,0,1,1,1,1,1,1,0,0,0,1,1,0,Exploits,1,1
65168,7.460947,tcp,-,FIN,214,1324,9806,1790170,206.006019,254,252,10466.23145,1918060.0,2,641,35.027919,5.595419,1893.801239,735.86343,255,2663852975,3873576608,255,0.096442,0.049705,0.046737,46,1352,0,0,4,1,2,2,1,2,0,0,0,2,2,0,Exploits,1,1
65189,32.574448,tcp,-,FIN,32,18,18484,1550,1.504247,254,252,4397.802734,359.545624,12,4,1049.94771,1912.402625,177331.239,7333.519,255,3601937408,2354676349,255,0.162399,0.0636,0.098799,578,86,0,0,4,1,1,1,1,1,0,0,0,1,5,0,Fuzzers,1,1
65193,32.574448,tcp,-,FIN,32,18,18484,1550,1.504247,254,252,4397.802734,359.545624,12,4,1049.94771,1912.402625,177331.239,7333.519,255,3601937408,2354676349,255,0.162399,0.0636,0.098799,578,86,0,0,4,1,1,1,1,1,0,0,0,1,5,0,Fuzzers,1,1
65303,1.431336,tcp,-,FIN,122,34,137062,2310,108.290433,62,252,759788.0625,12536.53906,58,8,11.829223,43.05391,1063.734475,46.800559,255,3848691413,92172499,255,0.058195,0.009805,0.04839,1123,68,0,0,1,1,1,1,1,1,0,0,0,1,1,0,DoS,1,1
65308,3.501997,tcp,-,FIN,52,246,2342,304268,84.808754,62,252,5247.291992,692249.625,7,121,68.666607,14.036037,3617.706541,1756.211065,255,2500505558,137028902,255,0.159721,0.062439,0.097282,45,1237,0,0,11,1,1,1,1,1,0,0,0,3,3,0,Exploits,1,1
65369,43.25124,tcp,-,FIN,20,12,1212,536,0.716742,254,252,213.080597,91.003174,6,1,2276.375,3918.43425,301275.9205,11916.919,255,3551617696,231662950,255,0.291014,0.148458,0.142556,61,45,0,0,6,1,1,1,1,1,0,0,0,1,6,0,Fuzzers,1,1
65374,43.25124,tcp,-,FIN,20,12,1212,536,0.716742,254,252,213.080597,91.003174,6,1,2276.375,3918.43425,301275.9205,11916.919,255,3551617696,231662950,255,0.291014,0.148458,0.142556,61,45,0,0,6,1,1,1,1,1,0,0,0,1,6,0,Fuzzers,1,1
65379,56.306396,tcp,-,FIN,20,12,1244,536,0.550559,254,252,167.938293,69.903252,5,1,2961.553053,5112.0515,402968.3019,15949.83,255,3530251799,2229703314,255,0.121496,0.07382,0.047676,62,45,0,0,5,1,2,2,1,2,0,0,0,2,5,0,Fuzzers,1,1
65384,56.306396,tcp,-,FIN,20,12,1244,536,0.550559,254,252,167.938293,69.903252,5,1,2961.553053,5112.0515,402968.3019,15949.83,255,3530251799,2229703314,255,0.121496,0.07382,0.047676,62,45,0,0,5,1,2,2,1,2,0,0,0,2,5,0,Fuzzers,1,1
65413,4.80825,tcp,-,FIN,82,486,3876,631364,117.922322,62,252,6370.717285,1048306.563,2,241,59.35032,9.7948,3037.17303,1375.287582,255,2257798768,2536559389,255,0.099157,0.057757,0.0414,47,1299,0,0,3,1,1,1,1,1,0,0,0,1,2,0,Exploits,1,1
65429,5.189752,tcp,-,FIN,140,804,6142,1071374,181.704247,62,252,9401.605469,1649469.125,7,400,37.336345,6.455137,2449.651343,1030.086663,255,2223393053,1812183014,255,0.051343,0.005559,0.045784,44,1333,0,0,2,1,1,1,1,1,0,0,0,1,1,0,Exploits,1,1
65451,7.082563,tcp,-,FIN,118,704,6026,963403,115.91849,62,252,6748.969238,1086651.875,2,350,60.534725,9.906383,2895.470036,1175.190454,255,4267732595,3427733506,255,0.125487,0.06591,0.059577,51,1368,0,0,6,1,1,1,1,1,0,0,0,2,1,0,Generic,1,1
65503,21.586037,tcp,-,FIN,338,2194,14534,2948800,117.251723,62,252,5370.508789,1092356.5,0,1091,64.170574,9.901449,73.678797,1179.887844,255,2581306200,3988878728,255,0.084345,0.029881,0.054464,43,1344,0,0,8,1,1,1,1,1,0,0,0,2,1,0,DoS,1,1
65600,3.601815,tcp,-,FIN,48,248,3168,332677,81.903152,62,252,6889.859863,735931.1875,2,122,76.63436,14.236304,3814.035253,1888.571904,255,425952217,597895820,255,0.145798,0.084806,0.060992,66,1341,0,0,2,1,1,1,1,1,0,0,0,2,1,0,Generic,1,1
65618,31.373333,tcp,-,FIN,18,10,1100,450,0.860603,254,252,264.938385,103.272423,4,1,1845.490295,3469.669,234516.8859,9590.79,255,3343400779,1344706579,255,0.186876,0.118423,0.068453,61,45,0,0,5,1,1,1,1,1,0,0,0,1,5,0,Fuzzers,1,1
65622,31.373333,tcp,-,FIN,18,10,1100,450,0.860603,254,252,264.938385,103.272423,4,1,1845.490295,3469.669,234516.8859,9590.79,255,3343400779,1344706579,255,0.186876,0.118423,0.068453,61,45,0,0,5,1,1,1,1,1,0,0,0,1,5,0,Fuzzers,1,1
65624,46.815586,tcp,-,FIN,18,14,916,622,0.662173,254,252,147.984909,98.770523,2,1,2753.858062,3596.39425,351755.9147,12202.005,255,1253522170,1018160905,255,0.135416,0.061716,0.0737,51,44,0,0,10,1,1,1,1,1,0,0,0,1,10,0,Fuzzers,1,1
65628,57.995934,tcp,-,FIN,20,12,1362,536,0.53452,254,252,178.49527,67.866829,6,1,3052.417579,5263.194,414392.372,16429.892,255,3745930258,3164328572,255,0.144543,0.082349,0.062194,68,45,0,0,6,1,2,2,1,2,0,0,0,2,6,0,Fuzzers,1,1
65630,32.361782,tcp,-,FIN,18,14,1128,622,0.95792,254,252,263.520721,142.884598,6,1,1903.63406,2483.18225,241558.4676,8392.374,255,3446610601,3189881313,255,0.062474,0.062474,0.0,63,44,0,0,6,1,2,2,1,2,0,0,0,2,6,0,Fuzzers,1,1
65709,39.74884,tcp,-,FIN,20,16,1630,2160,0.880529,62,252,311.757538,407.559052,4,4,2092.044053,2643.1845,279303.0308,9632.078,255,279847219,196600039,255,0.143559,0.100129,0.04343,82,135,0,0,5,1,1,1,1,1,0,0,0,1,3,0,Analysis,1,1
65712,2.818699,tcp,-,FIN,116,36,134108,2376,53.570816,62,252,377342.9063,6556.216309,55,8,24.510426,79.23243,2307.787748,94.22457,255,372891546,2997243121,255,0.06885,0.0448,0.02405,1156,66,0,0,5,1,1,1,1,1,0,0,0,2,1,0,Exploits,1,1
65714,2.818699,tcp,-,FIN,116,36,134108,2376,53.570816,62,252,377342.9063,6556.216309,55,8,24.510426,79.23243,2307.787748,94.22457,255,372891546,2997243121,255,0.06885,0.0448,0.02405,1156,66,0,0,5,1,1,1,1,1,0,0,0,2,1,0,Exploits,1,1
65717,2.364948,tcp,-,FIN,118,34,132886,2322,63.849183,62,252,445709.5938,7624.691895,56,8,20.206051,69.510336,1994.784662,87.703211,255,2449081546,3583765868,255,0.119446,0.071096,0.04835,1126,68,0,0,1,1,1,1,1,1,0,0,0,1,1,0,Exploits,1,1
65749,0.343431,tcp,-,FIN,10,6,550,268,43.676896,254,252,11530.7002,5217.933105,2,0,7437.6098,12393.265,740291.6946,27602.028,255,3767528865,1311812740,255,0.181252,0.137304,0.043948,55,45,0,0,5,1,3,3,1,3,0,0,0,3,5,0,Fuzzers,1,1
65771,8.231829,tcp,-,FIN,190,1163,8900,1601693,164.240541,62,252,8604.649414,1555247.125,2,535,43.554652,7.057157,2806.671683,1076.273626,255,4270898769,2048204478,255,0.045289,0.017187,0.028102,47,1377,0,0,3,1,2,2,1,2,0,0,0,2,2,0,Generic,1,1
65790,2.701282,tcp,-,FIN,82,446,3628,564522,195.092551,62,252,10614.21973,1668117.625,7,221,33.349161,6.054577,1745.330141,720.093553,255,222926921,3429760780,255,0.05351,0.006659,0.046851,44,1266,0,0,3,1,1,2,1,1,0,0,0,2,2,0,Exploits,1,1
65827,32.447758,tcp,-,FIN,24,20,1988,1644,1.325207,254,252,469.924622,385.111359,11,6,1410.772001,1699.648125,202462.4604,6850.598,255,710893358,2902279700,255,0.222542,0.125145,0.097397,83,82,0,0,2,1,1,1,1,1,0,0,0,1,2,0,Fuzzers,1,1
65895,9.767589,tcp,-,REQ,10,0,450,0,0.921415,254,0,331.70929,0.0,9,0,1085.287625,0.0,1904.18,0.0,255,0,0,0,0.0,0.0,0.0,45,0,0,0,29,6,24,2,2,27,0,0,0,24,27,0,Normal,0,1
65912,9.767589,tcp,-,REQ,10,0,450,0,0.921415,254,0,331.70929,0.0,9,0,1085.287625,0.0,1904.18,0.0,255,0,0,0,0.0,0.0,0.0,45,0,0,0,29,6,24,2,2,27,0,0,0,24,27,0,Normal,0,1
65928,11.237461,tcp,-,REQ,4,0,180,0,0.266964,254,0,96.107117,0.0,3,0,3745.82025,0.0,5297.383,0.0,255,0,0,0,0.0,0.0,0.0,45,0,0,0,36,6,18,2,2,32,0,0,0,22,32,0,Normal,0,1
65929,11.334839,tcp,-,REQ,4,0,180,0,0.264671,254,0,95.281464,0.0,3,0,3778.27975,0.0,5343.2835,0.0,255,0,0,0,0.0,0.0,0.0,45,0,0,0,36,6,18,2,2,32,0,0,0,22,32,0,Normal,0,1
65930,10.536401,tcp,-,REQ,4,0,180,0,0.284727,254,0,102.501793,0.0,3,0,3512.13375,0.0,4966.9,0.0,255,0,0,0,0.0,0.0,0.0,45,0,0,0,36,6,18,2,2,32,0,0,0,22,32,0,Normal,0,1
65931,8.618816,tcp,-,REQ,4,0,180,0,0.348076,254,0,125.307228,0.0,3,0,2872.93875,0.0,4062.94175,0.0,255,0,0,0,0.0,0.0,0.0,45,0,0,0,36,6,18,2,2,32,0,0,0,22,32,0,Normal,0,1
65932,8.821477,tcp,-,REQ,4,0,180,0,0.340079,254,0,122.428482,0.0,3,0,2940.49225,0.0,4158.47625,0.0,255,0,0,0,0.0,0.0,0.0,45,0,0,0,36,6,18,2,2,32,0,0,0,22,32,0,Normal,0,1
65933,8.821477,tcp,-,REQ,4,0,180,0,0.340079,254,0,122.428482,0.0,3,0,2940.49225,0.0,4158.47625,0.0,255,0,0,0,0.0,0.0,0.0,45,0,0,0,36,6,18,2,2,32,0,0,0,22,32,0,Normal,0,1
65934,11.19214,tcp,-,REQ,4,0,180,0,0.268045,254,0,96.496292,0.0,3,0,3730.71325,0.0,5276.016,0.0,255,0,0,0,0.0,0.0,0.0,45,0,0,0,36,6,18,2,2,32,0,0,0,22,32,0,Normal,0,1
65935,9.727094,tcp,-,REQ,4,0,180,0,0.308417,254,0,111.030083,0.0,3,0,3242.36475,0.0,4585.3895,0.0,255,0,0,0,0.0,0.0,0.0,45,0,0,0,36,6,18,2,2,32,0,0,0,22,32,0,Normal,0,1
65936,9.727094,tcp,-,REQ,4,0,180,0,0.308417,254,0,111.030083,0.0,3,0,3242.36475,0.0,4585.3895,0.0,255,0,0,0,0.0,0.0,0.0,45,0,0,0,36,6,18,2,2,32,0,0,0,22,32,0,Normal,0,1
65937,11.334839,tcp,-,REQ,4,0,180,0,0.264671,254,0,95.281464,0.0,3,0,3778.27975,0.0,5343.2835,0.0,255,0,0,0,0.0,0.0,0.0,45,0,0,0,36,6,18,2,2,32,0,0,0,22,32,0,Normal,0,1
65938,12.689242,tcp,-,REQ,4,0,180,0,0.236421,254,0,85.111465,0.0,3,0,4229.7475,0.0,5981.763,0.0,255,0,0,0,0.0,0.0,0.0,45,0,0,0,36,6,18,2,2,32,0,0,0,22,32,0,Normal,0,1
65939,11.19214,tcp,-,REQ,4,0,180,0,0.268045,254,0,96.496292,0.0,3,0,3730.71325,0.0,5276.016,0.0,255,0,0,0,0.0,0.0,0.0,45,0,0,0,36,6,18,2,2,32,0,0,0,22,32,0,Normal,0,1
65940,11.301563,tcp,-,REQ,4,0,180,0,0.26545,254,0,95.562004,0.0,3,0,3767.18775,0.0,5327.5995,0.0,255,0,0,0,0.0,0.0,0.0,45,0,0,0,36,6,18,2,2,32,0,0,0,22,32,0,Normal,0,1
65941,11.301563,tcp,-,REQ,4,0,180,0,0.26545,254,0,95.562004,0.0,3,0,3767.18775,0.0,5327.5995,0.0,255,0,0,0,0.0,0.0,0.0,45,0,0,0,36,6,18,2,2,32,0,0,0,22,32,0,Normal,0,1
65942,11.237461,tcp,-,REQ,4,0,180,0,0.266964,254,0,96.107117,0.0,3,0,3745.82025,0.0,5297.383,0.0,255,0,0,0,0.0,0.0,0.0,45,0,0,0,36,6,18,2,2,32,0,0,0,22,32,0,Normal,0,1
65943,8.618816,tcp,-,REQ,4,0,180,0,0.348076,254,0,125.307228,0.0,3,0,2872.93875,0.0,4062.94175,0.0,255,0,0,0,0.0,0.0,0.0,45,0,0,0,36,6,18,2,2,32,0,0,0,22,32,0,Normal,0,1
65944,10.536401,tcp,-,REQ,4,0,180,0,0.284727,254,0,102.501793,0.0,3,0,3512.13375,0.0,4966.9,0.0,255,0,0,0,0.0,0.0,0.0,45,0,0,0,36,6,18,2,2,32,0,0,0,22,32,0,Normal,0,1
65945,12.689242,tcp,-,REQ,4,0,180,0,0.236421,254,0,85.111465,0.0,3,0,4229.7475,0.0,5981.763,0.0,255,0,0,0,0.0,0.0,0.0,45,0,0,0,36,6,18,2,2,32,0,0,0,22,32,0,Normal,0,1
65976,9.415498,tcp,-,REQ,4,0,180,0,0.318624,254,0,114.704506,0.0,3,0,3138.49925,0.0,4438.4955,0.0,255,0,0,0,0.0,0.0,0.0,45,0,0,0,37,6,32,2,2,35,0,0,0,33,35,0,Normal,0,1
65977,9.245839,tcp,-,REQ,4,0,180,0,0.32447,254,0,116.809303,0.0,3,0,3081.94625,0.0,4358.5185,0.0,255,0,0,0,0.0,0.0,0.0,45,0,0,0,37,6,32,2,2,35,0,0,0,33,35,0,Normal,0,1
65978,6.985785,tcp,-,REQ,4,0,180,0,0.429444,254,0,154.599655,0.0,3,0,2328.595,0.0,3293.12225,0.0,255,0,0,0,0.0,0.0,0.0,45,0,0,0,37,6,32,2,2,35,0,0,0,33,35,0,Normal,0,1
65979,9.313697,tcp,-,REQ,4,0,180,0,0.322106,254,0,115.958252,0.0,3,0,3104.56575,0.0,4390.507,0.0,255,0,0,0,0.0,0.0,0.0,45,0,0,0,37,6,32,2,2,35,0,0,0,33,35,0,Normal,0,1
65980,6.985785,tcp,-,REQ,4,0,180,0,0.429444,254,0,154.599655,0.0,3,0,2328.595,0.0,3293.12225,0.0,255,0,0,0,0.0,0.0,0.0,45,0,0,0,37,6,32,2,2,35,0,0,0,33,35,0,Normal,0,1
65981,10.629846,tcp,-,REQ,4,0,180,0,0.282224,254,0,101.600723,0.0,3,0,3543.282,0.0,5010.9445,0.0,255,0,0,0,0.0,0.0,0.0,45,0,0,0,37,6,32,2,2,35,0,0,0,33,35,0,Normal,0,1
65982,6.456078,tcp,-,REQ,4,0,180,0,0.464678,254,0,167.284225,0.0,3,0,2152.026,0.0,3043.41575,0.0,255,0,0,0,0.0,0.0,0.0,45,0,0,0,37,6,32,2,2,35,0,0,0,33,35,0,Normal,0,1
65983,9.955144,tcp,-,REQ,4,0,180,0,0.301352,254,0,108.486626,0.0,3,0,3318.38125,0.0,4692.8885,0.0,255,0,0,0,0.0,0.0,0.0,45,0,0,0,37,6,32,2,2,35,0,0,0,33,35,0,Normal,0,1
65984,9.45828,tcp,-,REQ,4,0,180,0,0.317182,254,0,114.185669,0.0,3,0,3152.76,0.0,4458.669,0.0,255,0,0,0,0.0,0.0,0.0,45,0,0,0,37,6,32,2,2,35,0,0,0,33,35,0,Normal,0,1
65985,9.955144,tcp,-,REQ,4,0,180,0,0.301352,254,0,108.486626,0.0,3,0,3318.38125,0.0,4692.8885,0.0,255,0,0,0,0.0,0.0,0.0,45,0,0,0,37,6,32,2,2,35,0,0,0,33,35,0,Normal,0,1
65986,9.245839,tcp,-,REQ,4,0,180,0,0.32447,254,0,116.809303,0.0,3,0,3081.94625,0.0,4358.5185,0.0,255,0,0,0,0.0,0.0,0.0,45,0,0,0,37,6,32,2,2,35,0,0,0,33,35,0,Normal,0,1
65987,8.947267,tcp,-,REQ,4,0,180,0,0.335298,254,0,120.707253,0.0,3,0,2982.42225,0.0,4217.778,0.0,255,0,0,0,0.0,0.0,0.0,45,0,0,0,37,6,32,2,2,35,0,0,0,33,35,0,Normal,0,1
65988,6.456078,tcp,-,REQ,4,0,180,0,0.464678,254,0,167.284225,0.0,3,0,2152.026,0.0,3043.41575,0.0,255,0,0,0,0.0,0.0,0.0,45,0,0,0,37,6,32,2,2,35,0,0,0,33,35,0,Normal,0,1
65989,8.11586,tcp,-,REQ,4,0,180,0,0.369647,254,0,133.072769,0.0,3,0,2705.28675,0.0,3825.8475,0.0,255,0,0,0,0.0,0.0,0.0,45,0,0,0,37,6,32,2,2,35,0,0,0,33,35,0,Normal,0,1
65990,8.947267,tcp,-,REQ,4,0,180,0,0.335298,254,0,120.707253,0.0,3,0,2982.42225,0.0,4217.778,0.0,255,0,0,0,0.0,0.0,0.0,45,0,0,0,37,6,32,2,2,35,0,0,0,33,35,0,Normal,0,1
65991,8.747383,tcp,-,REQ,4,0,180,0,0.34296,254,0,123.4655,0.0,3,0,2915.79425,0.0,4123.54525,0.0,255,0,0,0,0.0,0.0,0.0,45,0,0,0,37,6,32,2,2,35,0,0,0,33,35,0,Normal,0,1
65992,6.948473,tcp,-,REQ,4,0,180,0,0.43175,254,0,155.42984,0.0,3,0,2316.15775,0.0,3275.5325,0.0,255,0,0,0,0.0,0.0,0.0,45,0,0,0,37,6,32,2,2,35,0,0,0,33,35,0,Normal,0,1
65993,6.20447,tcp,-,REQ,4,0,180,0,0.483522,254,0,174.068039,0.0,3,0,2068.156625,0.0,2924.80675,0.0,255,0,0,0,0.0,0.0,0.0,45,0,0,0,37,6,32,2,2,35,0,0,0,33,35,0,Normal,0,1
65994,8.747383,tcp,-,REQ,4,0,180,0,0.34296,254,0,123.4655,0.0,3,0,2915.79425,0.0,4123.54525,0.0,255,0,0,0,0.0,0.0,0.0,45,0,0,0,37,6,32,2,2,35,0,0,0,33,35,0,Normal,0,1
65995,9.415498,tcp,-,REQ,4,0,180,0,0.318624,254,0,114.704506,0.0,3,0,3138.49925,0.0,4438.4955,0.0,255,0,0,0,0.0,0.0,0.0,45,0,0,0,37,6,32,2,2,35,0,0,0,33,35,0,Normal,0,1
65996,6.917167,tcp,-,REQ,4,0,180,0,0.433704,254,0,156.133286,0.0,3,0,2305.72225,0.0,3260.7745,0.0,255,0,0,0,0.0,0.0,0.0,45,0,0,0,37,6,32,2,2,35,0,0,0,33,35,0,Normal,0,1
65997,6.653514,tcp,-,REQ,4,0,180,0,0.45089,254,0,162.320251,0.0,3,0,2217.838,0.0,3136.491,0.0,255,0,0,0,0.0,0.0,0.0,45,0,0,0,37,6,32,2,2,35,0,0,0,33,35,0,Normal,0,1
65998,8.11586,tcp,-,REQ,4,0,180,0,0.369647,254,0,133.072769,0.0,3,0,2705.28675,0.0,3825.8475,0.0,255,0,0,0,0.0,0.0,0.0,45,0,0,0,37,6,32,2,2,35,0,0,0,33,35,0,Normal,0,1
65999,9.45828,tcp,-,REQ,4,0,180,0,0.317182,254,0,114.185669,0.0,3,0,3152.76,0.0,4458.669,0.0,255,0,0,0,0.0,0.0,0.0,45,0,0,0,37,6,32,2,2,35,0,0,0,33,35,0,Normal,0,1
66000,6.299816,tcp,-,REQ,4,0,180,0,0.476204,254,0,171.433578,0.0,3,0,2099.93875,0.0,2969.75325,0.0,255,0,0,0,0.0,0.0,0.0,45,0,0,0,37,6,32,2,2,35,0,0,0,33,35,0,Normal,0,1
66001,6.948473,tcp,-,REQ,4,0,180,0,0.43175,254,0,155.42984,0.0,3,0,2316.15775,0.0,3275.5325,0.0,255,0,0,0,0.0,0.0,0.0,45,0,0,0,37,6,32,2,2,35,0,0,0,33,35,0,Normal,0,1
66002,10.629846,tcp,-,REQ,4,0,180,0,0.282224,254,0,101.600723,0.0,3,0,3543.282,0.0,5010.9445,0.0,255,0,0,0,0.0,0.0,0.0,45,0,0,0,37,6,32,2,2,35,0,0,0,33,35,0,Normal,0,1
66003,6.20447,tcp,-,REQ,4,0,180,0,0.483522,254,0,174.068039,0.0,3,0,2068.156625,0.0,2924.80675,0.0,255,0,0,0,0.0,0.0,0.0,45,0,0,0,37,6,32,2,2,35,0,0,0,33,35,0,Normal,0,1
66004,6.299816,tcp,-,REQ,4,0,180,0,0.476204,254,0,171.433578,0.0,3,0,2099.93875,0.0,2969.75325,0.0,255,0,0,0,0.0,0.0,0.0,45,0,0,0,37,6,32,2,2,35,0,0,0,33,35,0,Normal,0,1
66005,6.917167,tcp,-,REQ,4,0,180,0,0.433704,254,0,156.133286,0.0,3,0,2305.72225,0.0,3260.7745,0.0,255,0,0,0,0.0,0.0,0.0,45,0,0,0,37,6,32,2,2,35,0,0,0,33,35,0,Normal,0,1
66006,6.653514,tcp,-,REQ,4,0,180,0,0.45089,254,0,162.320251,0.0,3,0,2217.838,0.0,3136.491,0.0,255,0,0,0,0.0,0.0,0.0,45,0,0,0,37,6,32,2,2,35,0,0,0,33,35,0,Normal,0,1
66007,9.313697,tcp,-,REQ,4,0,180,0,0.322106,254,0,115.958252,0.0,3,0,3104.56575,0.0,4390.507,0.0,255,0,0,0,0.0,0.0,0.0,45,0,0,0,37,6,32,2,2,35,0,0,0,33,35,0,Normal,0,1
66063,0.0,arp,-,INT,1,0,46,0,0.0,0,0,0.0,0.0,0,0,60000.656,0.0,0.0,0.0,0,0,0,0,0.0,0.0,0.0,46,0,0,0,2,2,2,2,2,2,0,0,0,2,2,1,Normal,0,1
66064,0.0,arp,-,INT,1,0,46,0,0.0,0,0,0.0,0.0,0,0,60000.652,0.0,0.0,0.0,0,0,0,0,0.0,0.0,0.0,46,0,0,0,2,2,2,2,2,2,0,0,0,2,2,1,Normal,0,1
66065,0.0,arp,-,INT,1,0,46,0,0.0,0,0,0.0,0.0,0,0,60000.656,0.0,0.0,0.0,0,0,0,0,0.0,0.0,0.0,46,0,0,0,2,2,2,2,2,2,0,0,0,2,2,1,Normal,0,1
66066,0.0,arp,-,INT,1,0,46,0,0.0,0,0,0.0,0.0,0,0,60000.652,0.0,0.0,0.0,0,0,0,0,0.0,0.0,0.0,46,0,0,0,2,2,2,2,2,2,0,0,0,2,2,1,Normal,0,1
66093,5.822799,tcp,-,REQ,8,0,360,0,1.202171,254,0,432.781525,0.0,7,0,831.828437,0.0,1228.089,0.0,255,0,0,0,0.0,0.0,0.0,45,0,0,0,33,6,27,2,2,32,0,0,0,27,32,0,Normal,0,1
66094,9.913744,tcp,-,REQ,8,0,360,0,0.70609,254,0,254.192566,0.0,7,0,1416.249125,0.0,2562.42175,0.0,255,0,0,0,0.0,0.0,0.0,45,0,0,0,33,6,27,2,2,32,0,0,0,27,32,0,Normal,0,1
66095,8.012711,tcp,-,REQ,8,0,360,0,0.873612,254,0,314.500305,0.0,7,0,1144.673,0.0,1934.1505,0.0,255,0,0,0,0.0,0.0,0.0,45,0,0,0,33,6,27,2,2,32,0,0,0,27,32,0,Normal,0,1
66096,9.913744,tcp,-,REQ,8,0,360,0,0.70609,254,0,254.192566,0.0,7,0,1416.249125,0.0,2562.42175,0.0,255,0,0,0,0.0,0.0,0.0,45,0,0,0,33,6,27,2,2,32,0,0,0,27,32,0,Normal,0,1
66097,12.365959,tcp,-,REQ,8,0,360,0,0.56607,254,0,203.785248,0.0,7,0,1766.565625,0.0,3385.88675,0.0,255,0,0,0,0.0,0.0,0.0,45,0,0,0,33,6,27,1,1,32,0,0,0,27,32,0,Normal,0,1
66098,8.435792,tcp,-,REQ,8,0,360,0,0.829798,254,0,298.727142,0.0,7,0,1205.113125,0.0,2070.389625,0.0,255,0,0,0,0.0,0.0,0.0,45,0,0,0,33,6,27,2,2,32,0,0,0,27,32,0,Normal,0,1
66100,5.822799,tcp,-,REQ,8,0,360,0,1.202171,254,0,432.781525,0.0,7,0,831.828437,0.0,1228.089,0.0,255,0,0,0,0.0,0.0,0.0,45,0,0,0,33,6,27,2,2,32,0,0,0,27,32,0,Normal,0,1
66107,11.711446,tcp,-,REQ,8,0,360,0,0.597706,254,0,215.174118,0.0,7,0,1673.06375,0.0,3163.7565,0.0,255,0,0,0,0.0,0.0,0.0,45,0,0,0,33,6,27,2,2,32,0,0,0,27,32,0,Normal,0,1
66108,8.435792,tcp,-,REQ,8,0,360,0,0.829798,254,0,298.727142,0.0,7,0,1205.113125,0.0,2070.389625,0.0,255,0,0,0,0.0,0.0,0.0,45,0,0,0,33,6,27,2,2,32,0,0,0,27,32,0,Normal,0,1
66109,8.012711,tcp,-,REQ,8,0,360,0,0.873612,254,0,314.500305,0.0,7,0,1144.673,0.0,1934.1505,0.0,255,0,0,0,0.0,0.0,0.0,45,0,0,0,33,6,27,2,2,32,0,0,0,27,32,0,Normal,0,1
66110,12.799528,tcp,-,REQ,8,0,360,0,0.546895,254,0,196.882263,0.0,7,0,1828.504,0.0,3534.669,0.0,255,0,0,0,0.0,0.0,0.0,45,0,0,0,33,6,27,2,2,32,0,0,0,27,32,0,Normal,0,1
66111,14.606152,tcp,-,REQ,8,0,360,0,0.47925,254,0,172.530045,0.0,7,0,2086.593125,0.0,4157.676,0.0,255,0,0,0,0.0,0.0,0.0,45,0,0,0,33,6,27,2,2,32,0,0,0,27,32,0,Normal,0,1
66112,11.433287,tcp,-,REQ,8,0,360,0,0.612247,254,0,220.409058,0.0,7,0,1633.32675,0.0,3070.91775,0.0,255,0,0,0,0.0,0.0,0.0,45,0,0,0,33,6,27,1,1,32,0,0,0,27,32,0,Normal,0,1
66113,14.606152,tcp,-,REQ,8,0,360,0,0.47925,254,0,172.530045,0.0,7,0,2086.593125,0.0,4157.676,0.0,255,0,0,0,0.0,0.0,0.0,45,0,0,0,33,6,27,2,2,32,0,0,0,27,32,0,Normal,0,1
66114,11.711446,tcp,-,REQ,8,0,360,0,0.597706,254,0,215.174118,0.0,7,0,1673.06375,0.0,3163.7565,0.0,255,0,0,0,0.0,0.0,0.0,45,0,0,0,33,6,27,2,2,32,0,0,0,27,32,0,Normal,0,1
66115,12.799528,tcp,-,REQ,8,0,360,0,0.546895,254,0,196.882263,0.0,7,0,1828.504,0.0,3534.669,0.0,255,0,0,0,0.0,0.0,0.0,45,0,0,0,33,6,27,2,2,32,0,0,0,27,32,0,Normal,0,1
66116,7.777194,tcp,-,REQ,8,0,360,0,0.900068,254,0,324.024323,0.0,7,0,1111.02775,0.0,1864.047375,0.0,255,0,0,0,0.0,0.0,0.0,45,0,0,0,33,6,27,2,2,32,0,0,0,27,32,0,Normal,0,1
66117,9.468592,tcp,-,REQ,8,0,360,0,0.739286,254,0,266.143066,0.0,7,0,1352.656,0.0,2412.823,0.0,255,0,0,0,0.0,0.0,0.0,45,0,0,0,33,6,27,2,2,32,0,0,0,27,32,0,Normal,0,1
66119,14.317608,tcp,-,REQ,8,0,360,0,0.488908,254,0,176.00705,0.0,7,0,2045.372625,0.0,4056.2685,0.0,255,0,0,0,0.0,0.0,0.0,45,0,0,0,33,6,27,1,1,32,0,0,0,27,32,0,Normal,0,1
66120,9.468592,tcp,-,REQ,8,0,360,0,0.739286,254,0,266.143066,0.0,7,0,1352.656,0.0,2412.823,0.0,255,0,0,0,0.0,0.0,0.0,45,0,0,0,33,6,27,2,2,32,0,0,0,27,32,0,Normal,0,1
66121,7.777194,tcp,-,REQ,8,0,360,0,0.900068,254,0,324.024323,0.0,7,0,1111.02775,0.0,1864.047375,0.0,255,0,0,0,0.0,0.0,0.0,45,0,0,0,33,6,27,2,2,32,0,0,0,27,32,0,Normal,0,1
66123,16.386732,tcp,-,REQ,6,0,270,0,0.305125,254,0,109.844963,0.0,5,0,3277.3465,0.0,5912.7635,0.0,255,0,0,0,0.0,0.0,0.0,45,0,0,0,33,6,5,2,2,32,0,0,0,5,32,0,Normal,0,1
66124,14.27611,tcp,-,REQ,6,0,270,0,0.350235,254,0,126.08477,0.0,5,0,2855.222,0.0,5071.6225,0.0,255,0,0,0,0.0,0.0,0.0,45,0,0,0,33,6,5,1,1,32,0,0,0,5,32,0,Normal,0,1
66126,16.386732,tcp,-,REQ,6,0,270,0,0.305125,254,0,109.844963,0.0,5,0,3277.3465,0.0,5912.7635,0.0,255,0,0,0,0.0,0.0,0.0,45,0,0,0,33,6,5,2,2,32,0,0,0,5,32,0,Normal,0,1
66127,14.003685,tcp,-,REQ,6,0,270,0,0.357049,254,0,128.537598,0.0,5,0,2800.737,0.0,4963.9865,0.0,255,0,0,0,0.0,0.0,0.0,45,0,0,0,33,6,5,1,1,32,0,0,0,5,32,0,Normal,0,1
66133,14.604401,tcp,-,REQ,6,0,270,0,0.342363,254,0,123.250519,0.0,5,0,2920.88025,0.0,5202.295,0.0,255,0,0,0,0.0,0.0,0.0,45,0,0,0,33,6,5,1,1,32,0,0,0,5,32,0,Normal,0,1
66179,5.311066,tcp,-,REQ,10,0,450,0,1.694575,254,0,610.046997,0.0,9,0,590.118438,0.0,1007.481375,0.0,255,0,0,0,0.0,0.0,0.0,45,0,0,0,49,6,1,1,1,48,0,0,0,1,48,0,Normal,0,1
66184,7.961623,tcp,-,REQ,8,0,360,0,0.879218,254,0,316.518372,0.0,7,0,1137.37475,0.0,2205.14975,0.0,255,0,0,0,0.0,0.0,0.0,45,0,0,0,49,6,22,2,2,48,0,0,0,23,48,0,Normal,0,1
66185,6.191498,tcp,-,REQ,8,0,360,0,1.130583,254,0,407.009766,0.0,7,0,884.499688,0.0,1639.546375,0.0,255,0,0,0,0.0,0.0,0.0,45,0,0,0,49,6,22,2,2,48,0,0,0,23,48,0,Normal,0,1
66186,5.720758,tcp,-,REQ,8,0,360,0,1.223614,254,0,440.501068,0.0,7,0,817.251125,0.0,1506.55,0.0,255,0,0,0,0.0,0.0,0.0,45,0,0,0,49,6,22,2,2,48,0,0,0,23,48,0,Normal,0,1
66187,6.191498,tcp,-,REQ,8,0,360,0,1.130583,254,0,407.009766,0.0,7,0,884.499688,0.0,1639.546375,0.0,255,0,0,0,0.0,0.0,0.0,45,0,0,0,49,6,22,2,2,48,0,0,0,23,48,0,Normal,0,1
66188,9.361219,tcp,-,REQ,8,0,360,0,0.747766,254,0,269.195709,0.0,7,0,1337.317,0.0,2688.96125,0.0,255,0,0,0,0.0,0.0,0.0,45,0,0,0,49,6,22,2,2,48,0,0,0,23,48,0,Normal,0,1
66189,8.134928,tcp,-,REQ,8,0,360,0,0.860487,254,0,309.77533,0.0,7,0,1162.132625,0.0,2264.1355,0.0,255,0,0,0,0.0,0.0,0.0,45,0,0,0,49,6,22,2,2,48,0,0,0,23,48,0,Normal,0,1
66190,8.134928,tcp,-,REQ,8,0,360,0,0.860487,254,0,309.77533,0.0,7,0,1162.132625,0.0,2264.1355,0.0,255,0,0,0,0.0,0.0,0.0,45,0,0,0,49,6,22,2,2,48,0,0,0,23,48,0,Normal,0,1
66191,6.021315,tcp,-,REQ,8,0,360,0,1.162537,254,0,418.513214,0.0,7,0,860.187875,0.0,1599.7205,0.0,255,0,0,0,0.0,0.0,0.0,45,0,0,0,49,6,22,2,2,48,0,0,0,23,48,0,Normal,0,1
66192,10.867534,tcp,-,REQ,8,0,360,0,0.64412,254,0,231.883347,0.0,7,0,1552.504875,0.0,3182.94675,0.0,255,0,0,0,0.0,0.0,0.0,45,0,0,0,49,6,22,2,2,48,0,0,0,23,48,0,Normal,0,1
66193,7.587821,tcp,-,REQ,8,0,360,0,0.922531,254,0,332.111145,0.0,7,0,1083.974375,0.0,2082.123625,0.0,255,0,0,0,0.0,0.0,0.0,45,0,0,0,49,6,22,2,2,48,0,0,0,23,48,0,Normal,0,1
66194,8.310976,tcp,-,REQ,8,0,360,0,0.84226,254,0,303.21347,0.0,7,0,1187.28225,0.0,2319.1155,0.0,255,0,0,0,0.0,0.0,0.0,45,0,0,0,49,6,22,2,2,48,0,0,0,23,48,0,Normal,0,1
66195,9.361219,tcp,-,REQ,8,0,360,0,0.747766,254,0,269.195709,0.0,7,0,1337.317,0.0,2688.96125,0.0,255,0,0,0,0.0,0.0,0.0,45,0,0,0,49,6,22,2,2,48,0,0,0,23,48,0,Normal,0,1
66196,8.310976,tcp,-,REQ,8,0,360,0,0.84226,254,0,303.21347,0.0,7,0,1187.28225,0.0,2319.1155,0.0,255,0,0,0,0.0,0.0,0.0,45,0,0,0,49,6,22,2,2,48,0,0,0,23,48,0,Normal,0,1
66197,10.867534,tcp,-,REQ,8,0,360,0,0.64412,254,0,231.883347,0.0,7,0,1552.504875,0.0,3182.94675,0.0,255,0,0,0,0.0,0.0,0.0,45,0,0,0,49,6,22,2,2,48,0,0,0,23,48,0,Normal,0,1
66198,6.021315,tcp,-,REQ,8,0,360,0,1.162537,254,0,418.513214,0.0,7,0,860.187875,0.0,1599.7205,0.0,255,0,0,0,0.0,0.0,0.0,45,0,0,0,49,6,22,2,2,48,0,0,0,23,48,0,Normal,0,1
66199,5.720758,tcp,-,REQ,8,0,360,0,1.223614,254,0,440.501068,0.0,7,0,817.251125,0.0,1506.55,0.0,255,0,0,0,0.0,0.0,0.0,45,0,0,0,49,6,22,2,2,48,0,0,0,23,48,0,Normal,0,1
66200,7.961623,tcp,-,REQ,8,0,360,0,0.879218,254,0,316.518372,0.0,7,0,1137.37475,0.0,2205.14975,0.0,255,0,0,0,0.0,0.0,0.0,45,0,0,0,49,6,22,2,2,48,0,0,0,23,48,0,Normal,0,1
66201,10.061771,tcp,-,REQ,8,0,360,0,0.695703,254,0,250.452911,0.0,7,0,1437.395875,0.0,2903.2495,0.0,255,0,0,0,0.0,0.0,0.0,45,0,0,0,49,6,22,2,2,48,0,0,0,23,48,0,Normal,0,1
66202,7.587821,tcp,-,REQ,8,0,360,0,0.922531,254,0,332.111145,0.0,7,0,1083.974375,0.0,2082.123625,0.0,255,0,0,0,0.0,0.0,0.0,45,0,0,0,49,6,22,2,2,48,0,0,0,23,48,0,Normal,0,1
66203,10.061771,tcp,-,REQ,8,0,360,0,0.695703,254,0,250.452911,0.0,7,0,1437.395875,0.0,2903.2495,0.0,255,0,0,0,0.0,0.0,0.0,45,0,0,0,49,6,22,2,2,48,0,0,0,23,48,0,Normal,0,1
66204,9.563222,tcp,-,REQ,8,0,360,0,0.731971,254,0,263.509521,0.0,7,0,1366.174625,0.0,2735.207,0.0,255,0,0,0,0.0,0.0,0.0,45,0,0,0,49,6,22,2,2,48,0,0,0,23,48,0,Normal,0,1
66205,9.563222,tcp,-,REQ,8,0,360,0,0.731971,254,0,263.509521,0.0,7,0,1366.174625,0.0,2735.207,0.0,255,0,0,0,0.0,0.0,0.0,45,0,0,0,49,6,22,2,2,48,0,0,0,23,48,0,Normal,0,1
66206,13.600824,tcp,-,REQ,6,0,270,0,0.367625,254,0,132.344925,0.0,5,0,2720.16475,0.0,4977.9585,0.0,255,0,0,0,0.0,0.0,0.0,45,0,0,0,49,6,22,2,2,48,0,0,0,23,48,0,Normal,0,1
66207,11.041367,tcp,-,REQ,6,0,270,0,0.452842,254,0,163.0233,0.0,5,0,2208.2735,0.0,3964.0795,0.0,255,0,0,0,0.0,0.0,0.0,45,0,0,0,49,6,22,2,2,48,0,0,0,23,48,0,Normal,0,1
66208,15.635316,tcp,-,REQ,6,0,270,0,0.319789,254,0,115.123993,0.0,5,0,3127.06325,0.0,5783.5215,0.0,255,0,0,0,0.0,0.0,0.0,45,0,0,0,49,6,22,2,2,48,0,0,0,23,48,0,Normal,0,1
66210,15.839502,tcp,-,REQ,6,0,270,0,0.315666,254,0,113.639931,0.0,5,0,3167.9005,0.0,5863.594,0.0,255,0,0,0,0.0,0.0,0.0,45,0,0,0,49,6,22,2,2,48,0,0,0,23,48,0,Normal,0,1
66211,12.236912,tcp,-,REQ,6,0,270,0,0.4086,254,0,147.095932,0.0,5,0,2447.3825,0.0,4431.5835,0.0,255,0,0,0,0.0,0.0,0.0,45,0,0,0,49,6,22,2,2,48,0,0,0,23,48,0,Normal,0,1
66212,13.296462,tcp,-,REQ,6,0,270,0,0.37604,254,0,135.374359,0.0,5,0,2659.2925,0.0,4856.144,0.0,255,0,0,0,0.0,0.0,0.0,45,0,0,0,49,6,22,2,2,48,0,0,0,23,48,0,Normal,0,1
66213,15.839502,tcp,-,REQ,6,0,270,0,0.315666,254,0,113.639931,0.0,5,0,3167.9005,0.0,5863.594,0.0,255,0,0,0,0.0,0.0,0.0,45,0,0,0,49,6,22,2,2,48,0,0,0,23,48,0,Normal,0,1
66214,13.600824,tcp,-,REQ,6,0,270,0,0.367625,254,0,132.344925,0.0,5,0,2720.16475,0.0,4977.9585,0.0,255,0,0,0,0.0,0.0,0.0,45,0,0,0,49,6,22,2,2,48,0,0,0,23,48,0,Normal,0,1
66215,13.296462,tcp,-,REQ,6,0,270,0,0.37604,254,0,135.374359,0.0,5,0,2659.2925,0.0,4856.144,0.0,255,0,0,0,0.0,0.0,0.0,45,0,0,0,49,6,22,2,2,48,0,0,0,23,48,0,Normal,0,1
66217,12.48426,tcp,-,REQ,6,0,270,0,0.400504,254,0,144.181564,0.0,5,0,2496.852,0.0,4525.618,0.0,255,0,0,0,0.0,0.0,0.0,45,0,0,0,49,6,22,2,2,48,0,0,0,23,48,0,Normal,0,1
66218,13.872845,tcp,-,REQ,6,0,270,0,0.360416,254,0,129.749878,0.0,5,0,2774.569,0.0,5099.2015,0.0,255,0,0,0,0.0,0.0,0.0,45,0,0,0,49,6,22,2,2,48,0,0,0,23,48,0,Normal,0,1
66219,13.872845,tcp,-,REQ,6,0,270,0,0.360416,254,0,129.749878,0.0,5,0,2774.569,0.0,5099.2015,0.0,255,0,0,0,0.0,0.0,0.0,45,0,0,0,49,6,22,2,2,48,0,0,0,23,48,0,Normal,0,1
66220,14.47903,tcp,-,REQ,6,0,270,0,0.345327,254,0,124.317726,0.0,5,0,2895.806,0.0,5332.8445,0.0,255,0,0,0,0.0,0.0,0.0,45,0,0,0,49,6,22,2,2,48,0,0,0,23,48,0,Normal,0,1
66221,10.71435,tcp,-,REQ,6,0,270,0,0.466664,254,0,167.998993,0.0,5,0,2142.87,0.0,3825.793,0.0,255,0,0,0,0.0,0.0,0.0,45,0,0,0,49,6,22,2,2,48,0,0,0,23,48,0,Normal,0,1
66222,11.041367,tcp,-,REQ,6,0,270,0,0.452842,254,0,163.0233,0.0,5,0,2208.2735,0.0,3964.0795,0.0,255,0,0,0,0.0,0.0,0.0,45,0,0,0,49,6,22,2,2,48,0,0,0,23,48,0,Normal,0,1
66223,15.268182,tcp,-,REQ,6,0,270,0,0.327478,254,0,117.892227,0.0,5,0,3053.6365,0.0,5635.557,0.0,255,0,0,0,0.0,0.0,0.0,45,0,0,0,49,6,22,2,2,48,0,0,0,23,48,0,Normal,0,1
66224,10.71435,tcp,-,REQ,6,0,270,0,0.466664,254,0,167.998993,0.0,5,0,2142.87,0.0,3825.793,0.0,255,0,0,0,0.0,0.0,0.0,45,0,0,0,49,6,22,2,2,48,0,0,0,23,48,0,Normal,0,1
66225,15.635316,tcp,-,REQ,6,0,270,0,0.319789,254,0,115.123993,0.0,5,0,3127.06325,0.0,5783.5215,0.0,255,0,0,0,0.0,0.0,0.0,45,0,0,0,49,6,22,2,2,48,0,0,0,23,48,0,Normal,0,1
66226,12.48426,tcp,-,REQ,6,0,270,0,0.400504,254,0,144.181564,0.0,5,0,2496.852,0.0,4525.618,0.0,255,0,0,0,0.0,0.0,0.0,45,0,0,0,49,6,22,2,2,48,0,0,0,23,48,0,Normal,0,1
66227,15.268182,tcp,-,REQ,6,0,270,0,0.327478,254,0,117.892227,0.0,5,0,3053.6365,0.0,5635.557,0.0,255,0,0,0,0.0,0.0,0.0,45,0,0,0,49,6,22,2,2,48,0,0,0,23,48,0,Normal,0,1
66228,12.236912,tcp,-,REQ,6,0,270,0,0.4086,254,0,147.095932,0.0,5,0,2447.3825,0.0,4431.5835,0.0,255,0,0,0,0.0,0.0,0.0,45,0,0,0,49,6,22,2,2,48,0,0,0,23,48,0,Normal,0,1
66229,14.47903,tcp,-,REQ,6,0,270,0,0.345327,254,0,124.317726,0.0,5,0,2895.806,0.0,5332.8445,0.0,255,0,0,0,0.0,0.0,0.0,45,0,0,0,49,6,22,2,2,48,0,0,0,23,48,0,Normal,0,1
66231,17.409525,tcp,-,REQ,4,0,180,0,0.172319,254,0,62.035007,0.0,3,0,5803.1745,0.0,8206.924,0.0,255,0,0,0,0.0,0.0,0.0,45,0,0,0,49,6,3,1,1,48,0,0,0,3,48,0,Normal,0,1
66233,16.359203,tcp,-,REQ,4,0,180,0,0.183383,254,0,66.017883,0.0,3,0,5453.068,0.0,7711.794,0.0,255,0,0,0,0.0,0.0,0.0,45,0,0,0,49,6,3,1,1,48,0,0,0,3,48,0,Normal,0,1
66234,15.202587,tcp,-,REQ,4,0,180,0,0.197335,254,0,71.040543,0.0,3,0,5067.529,0.0,7166.5625,0.0,255,0,0,0,0.0,0.0,0.0,45,0,0,0,49,6,3,1,1,48,0,0,0,3,48,0,Normal,0,1
66269,12.753002,tcp,-,REQ,12,0,540,0,0.862542,254,0,310.515106,0.0,11,0,1159.363875,0.0,2331.8845,0.0,255,0,0,0,0.0,0.0,0.0,45,0,0,0,29,6,22,1,1,28,0,0,0,23,28,0,Normal,0,1
66271,10.910178,tcp,-,REQ,12,0,540,0,1.008233,254,0,362.963837,0.0,11,0,991.834375,0.0,1825.148625,0.0,255,0,0,0,0.0,0.0,0.0,45,0,0,0,29,6,22,2,2,28,0,0,0,23,28,0,Normal,0,1
66272,13.554863,tcp,-,REQ,12,0,540,0,0.811517,254,0,292.146088,0.0,11,0,1232.26025,0.0,2567.804,0.0,255,0,0,0,0.0,0.0,0.0,45,0,0,0,29,6,22,1,1,28,0,0,0,23,28,0,Normal,0,1
66273,10.604687,tcp,-,REQ,12,0,540,0,1.037277,254,0,373.4198,0.0,11,0,964.062437,0.0,1749.4245,0.0,255,0,0,0,0.0,0.0,0.0,45,0,0,0,29,6,22,2,2,28,0,0,0,23,28,0,Normal,0,1
66274,10.26517,tcp,-,REQ,12,0,540,0,1.071585,254,0,385.770508,0.0,11,0,933.19725,0.0,1672.3175,0.0,255,0,0,0,0.0,0.0,0.0,45,0,0,0,29,6,22,2,2,28,0,0,0,23,28,0,Normal,0,1
66276,13.476579,tcp,-,REQ,12,0,540,0,0.816231,254,0,293.84314,0.0,11,0,1225.1435,0.0,2538.95475,0.0,255,0,0,0,0.0,0.0,0.0,45,0,0,0,29,6,22,2,2,28,0,0,0,23,28,0,Normal,0,1
66277,12.61987,tcp,-,REQ,12,0,540,0,0.871641,254,0,313.790863,0.0,11,0,1147.260875,0.0,2297.46225,0.0,255,0,0,0,0.0,0.0,0.0,45,0,0,0,29,6,22,1,1,28,0,0,0,23,28,0,Normal,0,1
66279,10.26517,tcp,-,REQ,12,0,540,0,1.071585,254,0,385.770508,0.0,11,0,933.19725,0.0,1672.3175,0.0,255,0,0,0,0.0,0.0,0.0,45,0,0,0,29,6,22,2,2,28,0,0,0,23,28,0,Normal,0,1
66282,10.910178,tcp,-,REQ,12,0,540,0,1.008233,254,0,362.963837,0.0,11,0,991.834375,0.0,1825.148625,0.0,255,0,0,0,0.0,0.0,0.0,45,0,0,0,29,6,22,2,2,28,0,0,0,23,28,0,Normal,0,1
66294,10.604687,tcp,-,REQ,12,0,540,0,1.037277,254,0,373.4198,0.0,11,0,964.062437,0.0,1749.4245,0.0,255,0,0,0,0.0,0.0,0.0,45,0,0,0,29,6,22,2,2,28,0,0,0,23,28,0,Normal,0,1
66296,12.437093,tcp,-,REQ,12,0,540,0,0.884451,254,0,318.402374,0.0,11,0,1130.644875,0.0,2247.9955,0.0,255,0,0,0,0.0,0.0,0.0,45,0,0,0,29,6,22,1,1,28,0,0,0,23,28,0,Normal,0,1
66297,11.13127,tcp,-,REQ,12,0,540,0,0.988207,254,0,355.754547,0.0,11,0,1011.933625,0.0,1887.431375,0.0,255,0,0,0,0.0,0.0,0.0,45,0,0,0,29,6,22,2,2,28,0,0,0,23,28,0,Normal,0,1
66298,13.476579,tcp,-,REQ,12,0,540,0,0.816231,254,0,293.84314,0.0,11,0,1225.1435,0.0,2538.95475,0.0,255,0,0,0,0.0,0.0,0.0,45,0,0,0,29,6,22,2,2,28,0,0,0,23,28,0,Normal,0,1
66299,11.13127,tcp,-,REQ,12,0,540,0,0.988207,254,0,355.754547,0.0,11,0,1011.933625,0.0,1887.431375,0.0,255,0,0,0,0.0,0.0,0.0,45,0,0,0,29,6,22,2,2,28,0,0,0,23,28,0,Normal,0,1
66308,14.105295,tcp,-,REQ,8,0,360,0,0.496268,254,0,178.656311,0.0,7,0,2015.042125,0.0,3961.302,0.0,255,0,0,0,0.0,0.0,0.0,45,0,0,0,27,6,12,2,2,26,0,0,0,13,26,0,Normal,0,1
66312,14.105295,tcp,-,REQ,8,0,360,0,0.496268,254,0,178.656311,0.0,7,0,2015.042125,0.0,3961.302,0.0,255,0,0,0,0.0,0.0,0.0,45,0,0,0,27,6,12,2,2,26,0,0,0,13,26,0,Normal,0,1
66315,14.352137,tcp,-,REQ,8,0,360,0,0.487732,254,0,175.583618,0.0,7,0,2050.30525,0.0,4062.86775,0.0,255,0,0,0,0.0,0.0,0.0,45,0,0,0,27,6,12,2,2,26,0,0,0,13,26,0,Normal,0,1
66317,13.996815,tcp,-,REQ,8,0,360,0,0.500114,254,0,180.04097,0.0,7,0,1999.545,0.0,3913.2065,0.0,255,0,0,0,0.0,0.0,0.0,45,0,0,0,27,6,12,2,2,26,0,0,0,13,26,0,Normal,0,1
66318,14.352137,tcp,-,REQ,8,0,360,0,0.487732,254,0,175.583618,0.0,7,0,2050.30525,0.0,4062.86775,0.0,255,0,0,0,0.0,0.0,0.0,45,0,0,0,27,6,12,2,2,26,0,0,0,13,26,0,Normal,0,1
66319,13.996815,tcp,-,REQ,8,0,360,0,0.500114,254,0,180.04097,0.0,7,0,1999.545,0.0,3913.2065,0.0,255,0,0,0,0.0,0.0,0.0,45,0,0,0,27,6,12,2,2,26,0,0,0,13,26,0,Normal,0,1
66320,0.0,arp,-,INT,1,0,46,0,0.0,0,0,0.0,0.0,0,0,60000.612,0.0,0.0,0.0,0,0,0,0,0.0,0.0,0.0,46,0,0,0,2,2,2,2,2,2,0,0,0,2,2,1,Normal,0,1
66321,0.0,arp,-,INT,1,0,46,0,0.0,0,0,0.0,0.0,0,0,60000.616,0.0,0.0,0.0,0,0,0,0,0.0,0.0,0.0,46,0,0,0,2,2,2,2,2,2,0,0,0,2,2,1,Normal,0,1
66322,0.0,arp,-,INT,1,0,46,0,0.0,0,0,0.0,0.0,0,0,60000.612,0.0,0.0,0.0,0,0,0,0,0.0,0.0,0.0,46,0,0,0,2,2,2,2,2,2,0,0,0,2,2,1,Normal,0,1
66323,0.0,arp,-,INT,1,0,46,0,0.0,0,0,0.0,0.0,0,0,60000.616,0.0,0.0,0.0,0,0,0,0,0.0,0.0,0.0,46,0,0,0,2,2,2,2,2,2,0,0,0,2,2,1,Normal,0,1
66523,13.488472,tcp,-,REQ,6,0,270,0,0.370687,254,0,133.447281,0.0,5,0,2697.6945,0.0,5003.962,0.0,255,0,0,0,0.0,0.0,0.0,45,0,0,0,28,6,10,2,2,27,0,0,0,10,27,0,Normal,0,1
66524,13.488472,tcp,-,REQ,6,0,270,0,0.370687,254,0,133.447281,0.0,5,0,2697.6945,0.0,5003.962,0.0,255,0,0,0,0.0,0.0,0.0,45,0,0,0,28,6,10,2,2,27,0,0,0,10,27,0,Normal,0,1
66527,13.555365,tcp,-,REQ,6,0,270,0,0.368858,254,0,132.788757,0.0,5,0,2711.073,0.0,5007.0445,0.0,255,0,0,0,0.0,0.0,0.0,45,0,0,0,28,6,10,2,2,27,0,0,0,10,27,0,Normal,0,1
66528,13.934936,tcp,-,REQ,6,0,270,0,0.35881,254,0,129.171753,0.0,5,0,2786.98725,0.0,5128.523,0.0,255,0,0,0,0.0,0.0,0.0,45,0,0,0,28,6,10,2,2,27,0,0,0,10,27,0,Normal,0,1
66530,13.934936,tcp,-,REQ,6,0,270,0,0.35881,254,0,129.171753,0.0,5,0,2786.98725,0.0,5128.523,0.0,255,0,0,0,0.0,0.0,0.0,45,0,0,0,28,6,10,2,2,27,0,0,0,10,27,0,Normal,0,1
66531,13.555365,tcp,-,REQ,6,0,270,0,0.368858,254,0,132.788757,0.0,5,0,2711.073,0.0,5007.0445,0.0,255,0,0,0,0.0,0.0,0.0,45,0,0,0,28,6,10,2,2,27,0,0,0,10,27,0,Normal,0,1
66535,14.186231,tcp,-,REQ,4,0,180,0,0.211473,254,0,76.130157,0.0,3,0,4728.7435,0.0,6687.448,0.0,255,0,0,0,0.0,0.0,0.0,45,0,0,0,28,6,1,1,1,27,0,0,0,1,27,0,Normal,0,1
66537,0.0,arp,-,INT,1,0,46,0,0.0,0,0,0.0,0.0,0,0,60000.816,0.0,10.954525,0.0,0,0,0,0,0.0,0.0,0.0,46,0,0,0,2,2,2,2,2,2,0,0,0,2,2,1,Normal,0,1
66539,0.0,arp,-,INT,1,0,46,0,0.0,0,0,0.0,0.0,0,0,60000.816,0.0,10.954525,0.0,0,0,0,0,0.0,0.0,0.0,46,0,0,0,2,2,2,2,2,2,0,0,0,2,2,1,Normal,0,1
66582,0.643301,tcp,-,FIN,10,6,596,268,23.317234,254,252,6678.055664,2785.63208,2,0,9064.7692,15113.779,900362.2826,33551.85,255,533744780,2820708591,255,0.159418,0.09724,0.062178,60,45,0,0,4,1,3,2,2,4,0,0,0,2,6,0,Normal,0,1
66584,0.643301,tcp,-,FIN,10,6,596,268,23.317234,254,252,6678.055664,2785.63208,2,0,9064.7692,15113.779,900362.2826,33551.85,255,533744780,2820708591,255,0.159418,0.09724,0.062178,60,45,0,0,4,1,3,2,2,4,0,0,0,2,6,0,Normal,0,1
66658,0.0,arp,-,INT,1,0,46,0,0.0,0,0,0.0,0.0,0,0,60000.712,0.0,0.0,0.0,0,0,0,0,0.0,0.0,0.0,46,0,0,0,1,2,1,1,1,1,0,0,0,1,1,1,Normal,0,1
66659,0.0,arp,-,INT,1,0,46,0,0.0,0,0,0.0,0.0,0,0,60000.72,0.0,15.492026,0.0,0,0,0,0,0.0,0.0,0.0,46,0,0,0,1,2,1,1,1,1,0,0,0,1,1,1,Normal,0,1
66670,0.671958,tcp,-,FIN,10,6,528,268,22.322823,254,252,5667.020508,2666.833252,2,0,7720.486,12870.409,765477.1623,28520.928,255,2676937980,20434901,255,0.183107,0.130855,0.052252,53,45,0,0,5,1,2,2,2,5,0,0,0,2,7,0,Normal,0,1
66671,0.671958,tcp,-,FIN,10,6,528,268,22.322823,254,252,5667.020508,2666.833252,2,0,7720.486,12870.409,765477.1623,28520.928,255,2676937980,20434901,255,0.183107,0.130855,0.052252,53,45,0,0,5,1,2,2,2,5,0,0,0,2,7,0,Normal,0,1
66734,0.594662,tcp,-,FIN,10,8,556,354,28.587668,254,252,6739.962891,4170.436035,2,0,6397.3714,7995.343,634089.5476,20963.7,255,3258042011,478380734,255,0.208651,0.101176,0.107475,56,44,0,0,5,1,4,3,2,5,0,0,0,3,8,0,Normal,0,1
66737,0.594662,tcp,-,FIN,10,8,556,354,28.587668,254,252,6739.962891,4170.436035,2,0,6397.3714,7995.343,634089.5476,20963.7,255,3258042011,478380734,255,0.208651,0.101176,0.107475,56,44,0,0,5,1,4,3,2,5,0,0,0,3,8,0,Normal,0,1
66768,0.405564,tcp,-,FIN,10,6,644,268,36.98553,254,252,11440.85742,4418.538086,2,0,8276.8964,13797.975,824040.6315,30705.876,255,3933880009,1627001237,255,0.112084,0.05112,0.060964,64,45,0,0,8,1,4,3,2,8,0,0,0,3,10,0,Normal,0,1
66769,0.405564,tcp,-,FIN,10,6,644,268,36.98553,254,252,11440.85742,4418.538086,2,0,8276.8964,13797.975,824040.6315,30705.876,255,3933880009,1627001237,255,0.112084,0.05112,0.060964,64,45,0,0,8,1,4,3,2,8,0,0,0,3,10,0,Normal,0,1
66780,0.0,arp,-,INT,1,0,46,0,0.0,0,0,0.0,0.0,0,0,60000.664,0.0,15.49202,0.0,0,0,0,0,0.0,0.0,0.0,46,0,0,0,1,2,1,1,1,1,0,0,0,1,1,1,Normal,0,1
66781,0.0,arp,-,INT,1,0,46,0,0.0,0,0,0.0,0.0,0,0,60000.66,0.0,10.954512,0.0,0,0,0,0,0.0,0.0,0.0,46,0,0,0,1,2,1,1,1,1,0,0,0,1,1,1,Normal,0,1
66794,0.788111,tcp,-,FIN,10,6,556,268,19.032853,254,252,5085.578125,2273.791504,2,0,8723.0367,14545.244,865093.5064,32213.836,255,2546699673,515985447,255,0.106964,0.053499,0.053465,56,45,0,0,4,1,2,2,2,4,0,0,0,2,6,0,Normal,0,1
66795,0.788111,tcp,-,FIN,10,6,556,268,19.032853,254,252,5085.578125,2273.791504,2,0,8723.0367,14545.244,865093.5064,32213.836,255,2546699673,515985447,255,0.106964,0.053499,0.053465,56,45,0,0,4,1,2,2,2,4,0,0,0,2,6,0,Normal,0,1
66865,0.0,arp,-,INT,1,0,46,0,0.0,0,0,0.0,0.0,0,0,60000.524,0.0,0.0,0.0,0,0,0,0,0.0,0.0,0.0,46,0,0,0,1,2,1,1,1,1,0,0,0,1,1,1,Normal,0,1
66866,0.0,arp,-,INT,1,0,46,0,0.0,0,0,0.0,0.0,0,0,60000.524,0.0,0.0,0.0,0,0,0,0,0.0,0.0,0.0,46,0,0,0,1,2,1,1,1,1,0,0,0,1,1,1,Normal,0,1
66959,0.0,arp,-,INT,1,0,46,0,0.0,0,0,0.0,0.0,0,0,60000.88,0.0,10.954531,0.0,0,0,0,0,0.0,0.0,0.0,46,0,0,0,1,2,1,1,1,1,0,0,0,1,1,1,Normal,0,1
66960,0.0,arp,-,INT,1,0,46,0,0.0,0,0,0.0,0.0,0,0,60000.88,0.0,0.0,0.0,0,0,0,0,0.0,0.0,0.0,46,0,0,0,1,2,1,1,1,1,0,0,0,1,1,1,Normal,0,1
67027,0.0,arp,-,INT,1,0,46,0,0.0,0,0,0.0,0.0,0,0,60000.788,0.0,10.954523,0.0,0,0,0,0,0.0,0.0,0.0,46,0,0,0,1,2,1,1,1,1,0,0,0,1,1,1,Normal,0,1
67028,0.0,arp,-,INT,1,0,46,0,0.0,0,0,0.0,0.0,0,0,60000.796,0.0,0.0,0.0,0,0,0,0,0.0,0.0,0.0,46,0,0,0,1,2,1,1,1,1,0,0,0,1,1,1,Normal,0,1
67038,3.357595,tcp,-,FIN,222,40,285415,1730,77.734212,254,252,676984.5625,4019.543701,108,1,14.826113,83.959922,1666.023576,98.476211,255,1967567025,1870315912,255,0.145483,0.083155,0.062328,1286,43,0,0,3,1,1,1,1,1,0,0,0,1,3,0,Normal,0,1
67040,2.693006,tcp,-,FIN,214,36,280701,1558,92.461731,254,252,829972.125,4500.546875,104,1,12.480779,72.175914,1406.200206,85.055195,255,55024823,2510543818,255,0.210071,0.166848,0.043223,1312,43,0,0,3,1,1,1,1,2,0,0,0,1,3,0,Normal,0,1
67044,2.436724,tcp,-,FIN,218,36,276497,1558,103.827929,254,252,903603.375,4973.891113,106,1,11.215682,68.19143,1267.073716,84.272773,255,1207225736,3926290189,255,0.137282,0.050017,0.087265,1268,43,0,0,3,1,1,1,1,2,0,0,0,2,3,0,Normal,0,1
67051,2.598038,tcp,-,FIN,212,36,271863,1558,95.071744,254,252,833185.6875,4665.059082,103,1,12.250237,71.694914,1392.644768,89.461625,255,2881884363,3756622015,255,0.186522,0.088712,0.09781,1282,43,0,0,4,1,1,1,1,1,0,0,0,1,3,0,Normal,0,1
67054,1.969415,tcp,-,FIN,210,34,267404,1472,123.386897,254,252,1081056.125,5804.769531,102,1,9.418359,57.664453,1086.062737,76.042625,255,2009030677,4135650551,255,0.155821,0.066479,0.089342,1273,43,0,0,4,1,1,1,1,2,0,0,0,1,3,0,Normal,0,1
67060,1.736431,tcp,-,FIN,206,34,262860,1472,137.638639,254,252,1205157.0,6583.619141,100,1,8.354054,50.553789,965.525146,61.293789,255,1247199041,2640277453,255,0.110484,0.068153,0.042331,1276,43,0,0,4,1,1,1,1,2,0,0,0,3,3,0,Normal,0,1
67063,2.47404,tcp,-,FIN,204,36,258396,1558,96.603126,254,252,831449.75,4898.869629,99,1,12.308657,69.414227,1459.173517,83.109328,255,3331055631,1468412747,255,0.111342,0.043769,0.067573,1267,43,0,0,2,1,2,1,1,1,0,0,0,3,6,0,Normal,0,1
67066,2.067279,tcp,-,FIN,200,34,253852,1472,112.708536,254,252,977451.0,5529.974121,97,1,10.366555,60.818758,1190.350255,71.173508,255,2087510829,386425358,255,0.117813,0.060256,0.057557,1269,43,0,0,5,1,2,1,1,2,0,0,0,1,4,0,Normal,0,1
67069,2.232814,tcp,-,FIN,196,34,249308,1472,102.561159,254,252,888697.375,5119.996582,95,1,11.176258,66.481727,1355.679398,87.289039,255,3518940681,3412622510,255,0.080422,0.038915,0.041507,1272,43,0,0,5,1,1,1,1,2,0,0,0,1,4,0,Normal,0,1
67075,2.174011,tcp,-,FIN,192,32,244764,1386,102.575378,254,252,896002.8125,4942.01709,93,1,11.230141,70.855836,1246.028195,79.327367,255,1136719181,2693486222,255,0.087625,0.048328,0.039297,1275,43,0,0,3,1,1,1,1,1,0,0,0,3,4,0,Normal,0,1
67079,2.803871,tcp,-,FIN,190,32,240300,1386,78.819606,254,252,682017.125,3831.845459,92,1,14.879064,87.351133,2336.065041,183.882703,255,3007161190,174339842,255,0.151376,0.095977,0.055399,1265,43,0,0,3,1,2,1,1,2,0,0,0,2,5,0,Normal,0,1
67080,14.664796,tcp,-,FIN,272,50,339039,2276,21.889156,254,252,184274.2344,1217.064331,132,3,54.109534,297.627375,17144.60601,1305.905125,255,3930705115,17865182,255,0.150926,0.081048,0.069878,1246,46,0,0,3,1,2,1,1,2,0,0,0,1,5,0,Normal,0,1
67087,2.866464,tcp,-,FIN,176,30,222199,1300,71.516686,254,252,616612.0,3508.155029,85,1,16.238103,94.245758,2205.251365,175.801391,255,1794172353,2826533303,255,0.212702,0.133328,0.079374,1262,43,0,0,3,1,2,1,1,2,0,0,0,2,3,0,Normal,0,1
67092,2.615092,tcp,-,FIN,166,32,217400,1386,75.331957,254,252,661058.1875,4108.459473,80,1,15.653376,78.702133,1722.038974,102.28532,255,878437594,3113915682,255,0.239011,0.175325,0.063686,1310,43,0,0,3,1,3,1,1,2,0,0,0,3,5,0,Normal,0,1
67094,18.333857,tcp,-,FIN,272,56,338904,2534,17.835855,254,252,147337.9063,1086.078125,132,3,67.903172,330.229562,20930.07069,1482.964,255,386430160,3561631837,255,0.186708,0.120926,0.065782,1246,45,0,0,3,1,3,1,1,2,0,0,0,3,5,0,Normal,0,1
67098,0.0,arp,-,INT,1,0,46,0,0.0,0,0,0.0,0.0,0,0,60000.636,0.0,10.954509,0.0,0,0,0,0,0.0,0.0,0.0,46,0,0,0,1,2,1,1,1,1,0,0,0,1,1,1,Normal,0,1
67099,0.0,arp,-,INT,1,0,46,0,0.0,0,0,0.0,0.0,0,0,60000.632,0.0,0.0,0.0,0,0,0,0,0.0,0.0,0.0,46,0,0,0,1,2,1,1,1,1,0,0,0,1,1,1,Normal,0,1
67114,5.775624,tcp,-,FIN,32,16,22804,814,8.137649,254,252,30600.33008,1058.240723,12,3,186.287091,375.550937,17926.15068,750.599875,255,4013447283,3480610816,255,0.27842,0.142357,0.136063,713,51,0,0,3,1,1,1,1,2,0,0,0,2,5,0,Normal,0,1
67151,0.0,arp,-,INT,1,0,46,0,0.0,0,0,0.0,0.0,0,0,60000.744,0.0,15.492029,0.0,0,0,0,0,0.0,0.0,0.0,46,0,0,0,1,2,1,1,1,1,0,0,0,1,1,1,Normal,0,1
67152,0.0,arp,-,INT,1,0,46,0,0.0,0,0,0.0,0.0,0,0,60000.748,0.0,0.0,0.0,0,0,0,0,0.0,0.0,0.0,46,0,0,0,1,2,1,1,1,1,0,0,0,1,1,1,Normal,0,1
67217,0.0,arp,-,INT,1,0,46,0,0.0,0,0,0.0,0.0,0,0,60000.496,0.0,0.0,0.0,0,0,0,0,0.0,0.0,0.0,46,0,0,0,1,2,1,1,1,1,0,0,0,1,1,1,Normal,0,1
67218,0.0,arp,-,INT,1,0,46,0,0.0,0,0,0.0,0.0,0,0,60000.496,0.0,0.0,0.0,0,0,0,0,0.0,0.0,0.0,46,0,0,0,1,2,1,1,1,1,0,0,0,1,1,1,Normal,0,1
67260,0.0,arp,-,INT,1,0,46,0,0.0,0,0,0.0,0.0,0,0,60000.844,0.0,0.0,0.0,0,0,0,0,0.0,0.0,0.0,46,0,0,0,1,2,1,1,1,1,0,0,0,1,1,1,Normal,0,1
67261,0.0,arp,-,INT,1,0,46,0,0.0,0,0,0.0,0.0,0,0,60000.844,0.0,0.0,0.0,0,0,0,0,0.0,0.0,0.0,46,0,0,0,1,2,1,1,1,1,0,0,0,1,1,1,Normal,0,1
67309,0.0,arp,-,INT,1,0,46,0,0.0,0,0,0.0,0.0,0,0,60000.84,0.0,0.0,0.0,0,0,0,0,0.0,0.0,0.0,46,0,0,0,1,2,1,1,1,1,0,0,0,1,1,1,Normal,0,1
67310,0.0,arp,-,INT,1,0,46,0,0.0,0,0,0.0,0.0,0,0,60000.776,0.0,0.0,0.0,0,0,0,0,0.0,0.0,0.0,46,0,0,0,1,2,1,1,1,1,0,0,0,1,1,1,Normal,0,1
67331,2.534507,tcp,-,FIN,112,24,135649,1042,53.264796,254,252,424344.4375,3153.275879,53,1,22.681163,105.514086,2500.9416,174.309578,255,168992046,3801669408,255,0.184068,0.107682,0.076386,1211,43,0,0,1,1,2,1,1,1,0,0,0,1,4,0,Normal,0,1
67338,1.765433,tcp,-,FIN,112,22,135649,956,75.335628,254,252,609201.25,4137.229004,53,1,15.440811,80.266383,1611.442275,104.302156,255,3220502159,329877567,255,0.137933,0.07983,0.058103,1211,43,0,0,3,1,1,1,1,2,0,0,0,2,3,0,Normal,0,1
67342,1.895253,tcp,-,FIN,112,22,135649,956,70.17533,254,252,567472.5625,3853.839111,53,1,16.480252,85.22757,1683.786984,99.431062,255,3717707375,1866735027,255,0.178009,0.105468,0.072541,1211,43,0,0,3,1,1,1,1,2,0,0,0,1,3,0,Normal,0,1
67345,2.113863,tcp,-,FIN,108,22,135479,956,61.025715,254,252,507979.9375,3455.2854,51,1,19.525935,96.346812,2082.422694,130.228406,255,3814752695,2576531522,255,0.162397,0.090579,0.071818,1254,43,0,0,2,1,1,1,1,1,0,0,0,1,4,0,Normal,0,1
67356,1.538951,tcp,-,FIN,112,20,135649,870,85.122916,254,252,698855.25,4299.032227,53,1,13.383091,76.260688,1387.470137,91.245469,255,490467101,3218059801,255,0.139071,0.089989,0.049082,1211,44,0,0,2,1,2,1,1,1,0,0,0,2,6,0,Normal,0,1
67360,2.132675,tcp,-,FIN,112,22,135649,956,62.362997,254,252,504298.125,3424.806885,53,1,19.204982,97.794813,2550.370455,132.181828,255,172619597,3082966548,255,0.142775,0.078981,0.063794,1211,43,0,0,4,1,2,1,1,2,0,0,0,2,7,0,Normal,0,1
67365,2.071138,tcp,-,FIN,112,22,135649,956,64.215907,254,252,519281.6875,3526.563721,53,1,18.358684,95.607,2076.179955,138.601016,255,1754280640,3260874823,255,0.1018,0.063383,0.038417,1211,43,0,0,4,1,2,1,1,2,0,0,0,2,7,0,Normal,0,1
67371,1.471649,tcp,-,FIN,112,20,135649,870,89.015788,254,252,730815.5625,4495.637207,53,1,13.250252,74.812,1444.592859,107.279328,255,599859871,209030396,255,0.122972,0.050218,0.072754,1211,44,0,0,3,1,2,1,1,2,0,0,0,1,6,0,Normal,0,1
67374,1.977608,tcp,-,FIN,112,22,135649,956,67.252965,254,252,543840.875,3693.35083,53,1,17.449288,91.719477,2548.3497,191.918391,255,3498414897,1795508288,255,0.141909,0.05149,0.090419,1211,43,0,0,3,1,3,1,1,2,0,0,0,1,6,0,Normal,0,1
67380,2.784391,tcp,-,FIN,112,22,135649,956,47.766281,254,252,386261.8438,2623.194824,53,1,24.508955,129.475141,3658.294536,233.82125,255,1575418894,3211190367,255,0.109481,0.06541,0.044071,1211,43,0,0,1,1,1,1,1,1,0,0,0,4,2,0,Normal,0,1
67381,0.0,arp,-,INT,1,0,46,0,0.0,0,0,0.0,0.0,0,0,60000.684,0.0,0.0,0.0,0,0,0,0,0.0,0.0,0.0,46,0,0,0,1,2,1,1,1,1,0,0,0,1,1,1,Normal,0,1
67382,0.0,arp,-,INT,1,0,46,0,0.0,0,0,0.0,0.0,0,0,60000.744,0.0,0.0,0.0,0,0,0,0,0.0,0.0,0.0,46,0,0,0,1,2,1,1,1,1,0,0,0,1,1,1,Normal,0,1
67387,1.461116,tcp,-,FIN,108,20,135479,870,86.919864,254,252,734917.6875,4528.045898,51,1,13.253224,72.205,1382.188317,85.479977,255,2602354528,4019699606,255,0.13592,0.089216,0.046704,1254,44,0,0,2,1,1,1,1,2,0,0,0,1,2,0,Normal,0,1
67392,1.456333,tcp,-,FIN,112,20,135649,870,89.951952,254,252,738501.4375,4542.916992,53,1,12.756982,71.668055,1339.856381,90.22593,255,460805589,3476062363,255,0.127537,0.094631,0.032906,1211,44,0,0,4,1,1,1,1,3,0,0,0,1,3,0,Normal,0,1
67395,0.983136,tcp,-,FIN,10,8,730,354,17.291606,254,252,5346.157715,2522.540039,1,0,6580.4835,8230.313,649192.5513,21463.55,255,1441993242,364823430,255,0.288321,0.152881,0.13544,73,44,0,0,6,1,3,3,3,5,0,0,0,4,5,0,Normal,0,1
67396,0.983136,tcp,-,FIN,10,8,730,354,17.291606,254,252,5346.157715,2522.540039,1,0,6580.4835,8230.313,649192.5513,21463.55,255,1441993242,364823430,255,0.288321,0.152881,0.13544,73,44,0,0,6,1,3,3,3,5,0,0,0,4,5,0,Normal,0,1
67397,0.983136,tcp,-,FIN,10,8,730,354,17.291606,254,252,5346.157715,2522.540039,1,0,6580.4835,8230.313,649192.5513,21463.55,255,1441993242,364823430,255,0.288321,0.152881,0.13544,73,44,0,0,6,1,3,3,3,5,0,0,0,4,5,0,Normal,0,1
67400,0.711523,tcp,-,FIN,10,6,726,268,21.081539,254,252,7353.240723,2518.54126,1,0,10995.1517,18334.812,1092933.024,40726.084,255,1454623326,4211034583,255,0.225747,0.094335,0.131412,73,45,0,0,6,1,2,2,2,5,0,0,0,3,5,0,Normal,0,1
67401,0.711523,tcp,-,FIN,10,6,726,268,21.081539,254,252,7353.240723,2518.54126,1,0,10995.1517,18334.812,1092933.024,40726.084,255,1454623326,4211034583,255,0.225747,0.094335,0.131412,73,45,0,0,6,1,2,2,2,5,0,0,0,3,5,0,Normal,0,1
67409,0.453854,tcp,-,FIN,10,6,714,268,33.050276,254,252,11334.04102,3948.40625,2,0,6578.2406,10961.736,653840.0681,24336.61,255,2906150044,3830409389,255,0.177939,0.089164,0.088775,71,45,0,0,6,1,4,4,4,6,0,0,0,4,7,0,Normal,0,1
67410,0.453854,tcp,-,FIN,10,6,714,268,33.050276,254,252,11334.04102,3948.40625,2,0,6578.2406,10961.736,653840.0681,24336.61,255,2906150044,3830409389,255,0.177939,0.089164,0.088775,71,45,0,0,6,1,4,4,4,6,0,0,0,4,7,0,Normal,0,1
67411,0.453854,tcp,-,FIN,10,6,714,268,33.050276,254,252,11334.04102,3948.40625,2,0,6578.2406,10961.736,653840.0681,24336.61,255,2906150044,3830409389,255,0.177939,0.089164,0.088775,71,45,0,0,6,1,4,4,4,6,0,0,0,4,7,0,Normal,0,1
67412,0.453854,tcp,-,FIN,10,6,714,268,33.050276,254,252,11334.04102,3948.40625,2,0,6578.2406,10961.736,653840.0681,24336.61,255,2906150044,3830409389,255,0.177939,0.089164,0.088775,71,45,0,0,6,1,4,4,4,6,0,0,0,4,7,0,Normal,0,1
67461,0.0,arp,-,INT,1,0,46,0,0.0,0,0,0.0,0.0,0,0,60000.652,0.0,0.0,0.0,0,0,0,0,0.0,0.0,0.0,46,0,0,0,1,2,1,1,1,1,0,0,0,1,1,1,Normal,0,1
67462,0.0,arp,-,INT,1,0,46,0,0.0,0,0,0.0,0.0,0,0,60000.656,0.0,15.492019,0.0,0,0,0,0,0.0,0.0,0.0,46,0,0,0,1,2,1,1,1,1,0,0,0,1,1,1,Normal,0,1
67479,0.807647,tcp,-,FIN,10,8,620,354,21.0488,254,252,5527.16748,3070.648438,1,0,7637.1711,9548.462,756228.2973,24991.438,255,179844360,364823430,255,0.288321,0.152881,0.13544,62,44,0,0,8,1,3,3,3,8,0,0,0,3,8,0,Normal,0,1
67481,0.807647,tcp,-,FIN,10,8,620,354,21.0488,254,252,5527.16748,3070.648438,1,0,7637.1711,9548.462,756228.2973,24991.438,255,179844360,364823430,255,0.288321,0.152881,0.13544,62,44,0,0,8,1,3,3,3,8,0,0,0,3,8,0,Normal,0,1
67482,0.807647,tcp,-,FIN,10,8,620,354,21.0488,254,252,5527.16748,3070.648438,1,0,7637.1711,9548.462,756228.2973,24991.438,255,179844360,364823430,255,0.288321,0.152881,0.13544,62,44,0,0,8,1,3,3,3,8,0,0,0,3,8,0,Normal,0,1
67493,40.171238,tcp,-,FIN,20,12,1162,536,0.771696,254,252,219.858795,97.980553,6,1,2110.570789,3643.824,278991.6329,11043.935,255,2906149988,3830409389,255,0.177939,0.089164,0.088775,58,45,0,0,5,1,5,4,4,5,0,0,0,4,6,0,Normal,0,1
67494,40.171238,tcp,-,FIN,20,12,1162,536,0.771696,254,252,219.858795,97.980553,6,1,2110.570789,3643.824,278991.6329,11043.935,255,2906149988,3830409389,255,0.177939,0.089164,0.088775,58,45,0,0,5,1,5,4,4,5,0,0,0,4,6,0,Normal,0,1
67495,40.171238,tcp,-,FIN,20,12,1162,536,0.771696,254,252,219.858795,97.980553,6,1,2110.570789,3643.824,278991.6329,11043.935,255,2906149988,3830409389,255,0.177939,0.089164,0.088775,58,45,0,0,5,1,5,4,4,5,0,0,0,4,6,0,Normal,0,1
67496,40.171238,tcp,-,FIN,20,12,1162,536,0.771696,254,252,219.858795,97.980553,6,1,2110.570789,3643.824,278991.6329,11043.935,255,2906149988,3830409389,255,0.177939,0.089164,0.088775,58,45,0,0,5,1,5,4,4,5,0,0,0,4,6,0,Normal,0,1
67506,0.466146,tcp,-,FIN,10,6,598,268,32.17876,254,252,9250.321289,3844.289307,1,0,10495.2261,17491.63,1045195.9,38947.312,255,2331060340,761021448,255,0.212751,0.096853,0.115898,60,45,0,0,4,1,2,2,2,4,0,0,0,2,4,0,Normal,0,1
67508,0.466146,tcp,-,FIN,10,6,598,268,32.17876,254,252,9250.321289,3844.289307,1,0,10495.2261,17491.63,1045195.9,38947.312,255,2331060340,761021448,255,0.212751,0.096853,0.115898,60,45,0,0,4,1,2,2,2,4,0,0,0,2,4,0,Normal,0,1
67555,0.0,arp,-,INT,1,0,46,0,0.0,0,0,0.0,0.0,0,0,60000.74,0.0,0.0,0.0,0,0,0,0,0.0,0.0,0.0,46,0,0,0,1,2,1,1,1,1,0,0,0,1,1,1,Normal,0,1
67556,0.0,arp,-,INT,1,0,46,0,0.0,0,0,0.0,0.0,0,0,60000.74,0.0,0.0,0.0,0,0,0,0,0.0,0.0,0.0,46,0,0,0,1,2,1,1,1,1,0,0,0,1,1,1,Normal,0,1
67584,1.321193,tcp,-,FIN,60,16,68181,698,56.766877,254,252,405966.4375,3966.112549,27,1,21.845356,79.884203,2278.345282,94.466391,255,330282750,1646602081,255,0.186589,0.122925,0.063664,1136,44,1,0,8,1,1,1,1,2,0,0,1,4,2,0,Normal,0,1
67591,1.244446,tcp,-,FIN,60,14,68179,612,58.660639,254,252,430990.1563,3657.852539,27,1,20.847879,90.391617,2091.638998,101.318602,255,2843002835,3043447775,255,0.118806,0.069345,0.049461,1136,44,1,0,6,1,1,1,1,3,0,0,1,2,4,0,Normal,0,1
67601,1.711953,tcp,-,FIN,58,14,68099,612,41.4731,254,252,312742.2188,2658.951416,26,1,28.802579,123.821078,2792.877121,165.463937,255,2361959030,855691935,255,0.167255,0.102278,0.064977,1174,44,1,0,5,1,1,1,1,1,0,0,1,1,1,0,Normal,0,1
67608,1.293209,tcp,-,FIN,60,14,68183,612,56.448728,254,252,414763.5938,3519.926025,27,1,21.234881,91.958383,2164.117666,111.850508,255,3531307149,4173788354,255,0.234151,0.097741,0.13641,1136,44,1,0,6,1,1,1,1,2,0,0,1,2,2,0,Normal,0,1
67615,2.501482,tcp,-,FIN,60,18,68181,784,30.781752,254,252,214416.8906,2369.795166,27,1,42.395914,137.455875,4473.1691,237.913719,255,83319118,1853144268,255,0.3002,0.164731,0.135469,1136,44,1,0,3,1,1,1,1,1,0,0,1,1,1,0,Normal,0,1
67623,1.635051,tcp,-,FIN,60,14,68181,612,44.646925,254,252,328038.6875,2784.010986,27,1,26.777899,120.315461,2807.862664,188.339781,255,185357404,2324917455,255,0.223084,0.070949,0.152135,1136,44,1,0,6,1,1,2,1,3,0,0,1,2,3,0,Normal,0,1
67633,1.4299,tcp,-,FIN,60,16,68185,698,52.451219,254,252,375125.5313,3664.591797,27,1,23.269356,88.87107,2314.796295,113.517586,255,399954435,1792980532,255,0.217643,0.096826,0.120817,1136,44,1,0,9,1,1,1,1,2,0,0,1,6,2,0,Normal,0,1
67644,1.281723,tcp,-,FIN,60,14,68183,612,56.954583,254,252,418480.4375,3551.469238,27,1,21.328898,91.152539,2135.3295,106.173547,255,4171681660,932465011,255,0.216081,0.096733,0.119348,1136,44,1,0,6,1,1,1,1,2,0,0,1,2,2,0,Normal,0,1
67650,1.535109,tcp,-,FIN,60,14,68183,612,47.553625,254,252,349405.8125,2965.261719,27,1,26.018796,100.074922,2431.438833,128.356195,255,266740732,3703002877,255,0.243804,0.180715,0.063089,1136,44,1,0,5,1,1,1,1,2,0,0,1,2,2,0,Normal,0,1
67655,0.0,arp,-,INT,1,0,46,0,0.0,0,0,0.0,0.0,0,0,60000.744,0.0,0.0,0.0,0,0,0,0,0.0,0.0,0.0,46,0,0,0,1,2,1,1,1,1,0,0,0,1,1,1,Normal,0,1
67656,0.0,arp,-,INT,1,0,46,0,0.0,0,0,0.0,0.0,0,0,60000.744,0.0,15.492029,0.0,0,0,0,0,0.0,0.0,0.0,46,0,0,0,1,2,1,1,1,1,0,0,0,1,1,1,Normal,0,1
67665,1.534109,tcp,-,FIN,60,14,68185,612,47.584624,254,252,349644.0,2967.19458,27,1,24.385526,111.689617,2435.323815,151.563187,255,3129365131,1901451056,255,0.189971,0.08214,0.107831,1136,44,1,0,3,1,1,1,1,2,0,0,1,1,2,0,Normal,0,1
67679,1.546866,tcp,-,FIN,60,16,68191,698,48.485129,254,252,346791.5,3387.494385,27,1,26.218068,92.050133,2508.371577,134.207375,255,2757647576,2244544841,255,0.265221,0.165454,0.099767,1137,44,1,0,4,1,1,1,1,2,0,0,1,1,2,0,Normal,0,1
67691,2.0147,tcp,http,FIN,58,14,68107,612,35.24098,254,252,265778.5313,2259.393555,26,1,35.341351,146.497609,4031.232739,272.127563,255,2654261319,4123515065,255,0.211108,0.110223,0.100885,1174,44,1,0,1,1,1,1,1,1,0,0,1,1,1,0,Normal,0,1
67700,1.415113,tcp,http,FIN,60,16,68187,698,52.999302,254,252,379056.6563,3702.884521,27,1,23.384271,88.344,2259.702315,123.144797,255,1867685273,4229479080,255,0.178011,0.089945,0.088066,1136,44,1,0,4,1,1,1,1,1,0,0,1,1,1,0,Normal,0,1
67706,1.677752,tcp,-,FIN,60,14,68193,612,43.510602,254,252,319746.9063,2713.154297,27,1,27.183932,118.924383,2814.707527,168.464687,255,1665758347,266496174,255,0.233075,0.131732,0.101343,1137,44,1,0,5,1,1,1,1,2,0,0,1,1,2,0,Normal,0,1
67720,1.594059,tcp,http,FIN,60,14,68191,612,45.795043,254,252,336524.5625,2855.603271,27,1,26.247322,114.851922,2819.412234,191.014109,255,1567430092,2898884104,255,0.206696,0.100983,0.105713,1137,44,1,0,2,1,1,1,1,3,0,0,1,2,2,0,Normal,0,1
67724,1.586276,tcp,-,FIN,60,18,68195,784,48.541362,254,252,338195.875,3737.054443,27,1,25.883272,87.859469,3070.145992,103.318148,255,2775403248,3787887097,255,0.147295,0.092657,0.054638,1137,44,1,0,5,1,1,1,1,2,0,0,1,2,1,0,Normal,0,1
67731,0.0,arp,-,INT,1,0,46,0,0.0,0,0,0.0,0.0,0,0,60000.676,0.0,10.954513,0.0,0,0,0,0,0.0,0.0,0.0,46,0,0,0,1,2,1,1,1,1,0,0,0,1,1,1,Normal,0,1
67732,0.0,arp,-,INT,1,0,46,0,0.0,0,0,0.0,0.0,0,0,60000.672,0.0,15.492021,0.0,0,0,0,0,0.0,0.0,0.0,46,0,0,0,1,2,1,1,1,1,0,0,0,1,1,1,Normal,0,1
67737,1.278507,tcp,-,FIN,60,14,68197,612,57.09785,254,252,419620.6875,3560.402832,27,1,20.67266,91.461695,1993.752006,111.251094,255,39078229,1169870378,255,0.18295,0.089504,0.093446,1137,44,1,0,6,1,1,1,1,2,0,0,1,3,2,0,Normal,0,1
67748,1.945798,tcp,-,FIN,60,14,68199,612,37.51674,254,252,275724.4063,2339.400146,27,1,32.015627,139.602922,3557.689894,254.250594,255,1024908400,1744751575,255,0.251975,0.130951,0.121024,1137,44,1,0,4,1,1,1,1,1,0,0,1,1,1,0,Normal,0,1
67754,1.757174,tcp,http,FIN,60,14,68195,612,41.543979,254,252,305303.8438,2590.523193,27,1,29.213627,138.062,3397.410462,231.809641,255,3199990760,4041138448,255,0.190875,0.100422,0.090453,1137,44,1,0,1,1,1,1,1,2,0,0,1,1,1,0,Normal,0,1
67759,1.323427,tcp,-,FIN,58,14,68119,612,53.648597,254,252,404676.6563,3439.555176,26,1,22.138596,95.319922,2105.546182,122.775883,255,1448657736,837825259,255,0.171712,0.084259,0.087453,1174,44,1,0,6,1,1,1,1,3,0,0,1,2,1,0,Normal,0,1
67760,1.262705,tcp,http,FIN,60,16,68197,698,59.396298,254,252,424872.0,4149.821289,27,1,20.890271,76.857203,2032.146019,98.371734,255,4147867710,3791117150,255,0.205421,0.109843,0.095578,1137,44,1,0,2,1,1,1,1,3,0,0,1,1,2,0,Normal,0,1
67762,1.466706,tcp,http,FIN,58,14,68117,612,48.407791,254,252,365133.8438,3103.552979,26,1,25.714351,106.205383,2435.540728,149.392469,255,4081026041,3324608112,255,0.185516,0.086033,0.099483,1174,44,1,0,2,1,1,1,1,3,0,0,1,2,2,0,Normal,0,1
67766,1.317142,tcp,http,FIN,60,14,68197,612,55.423029,254,252,407312.1875,3455.967529,27,1,21.822729,94.927,2140.780632,109.930906,255,1901886187,4257951359,255,0.127273,0.083085,0.044188,1137,44,1,0,2,1,1,1,1,1,0,0,1,3,2,0,Normal,0,1
67770,1.521582,tcp,http,FIN,60,16,68197,698,49.290804,254,252,352585.6563,3443.78418,27,1,23.615509,93.417398,2261.468694,113.864664,255,1240538875,3888177615,255,0.188593,0.120318,0.068275,1137,44,1,0,2,1,1,1,1,2,0,0,1,2,2,0,Normal,0,1
67771,1.454303,tcp,http,FIN,58,14,68117,612,48.820637,254,252,368247.875,3130.021729,26,1,24.003386,102.171922,2349.637695,119.531617,255,1279991252,382716511,255,0.186364,0.126065,0.060299,1174,44,1,0,2,1,1,1,1,2,0,0,1,1,2,0,Normal,0,1
67773,1.848868,tcp,-,FIN,60,14,68199,612,39.483619,254,252,290179.7188,2462.047119,27,1,29.449406,129.479156,2883.810518,199.517453,255,3997529164,3579042778,255,0.357506,0.16563,0.191876,1137,44,1,0,3,1,1,1,1,1,0,0,1,2,2,0,Normal,0,1
67776,1.315172,tcp,-,FIN,60,14,68199,612,55.50605,254,252,407934.5,3461.144287,27,1,22.291051,85.620844,2128.730782,103.756391,255,1171811837,1584488414,255,0.238868,0.148599,0.090269,1137,44,1,0,6,1,1,1,1,1,0,0,1,1,1,0,Normal,0,1
67778,1.348026,tcp,http,FIN,58,14,68117,612,52.669606,254,252,397280.1563,3376.789307,26,1,23.632157,97.176617,2337.310063,122.372359,255,1651217323,3473170793,255,0.164595,0.084727,0.079868,1174,44,1,0,3,1,1,1,1,3,0,0,1,1,4,0,Normal,0,1
67779,0.0,arp,-,INT,1,0,46,0,0.0,0,0,0.0,0.0,0,0,60000.656,0.0,0.0,0.0,0,0,0,0,0.0,0.0,0.0,46,0,0,0,1,2,1,1,1,1,0,0,0,1,1,1,Normal,0,1
67780,0.0,arp,-,INT,1,0,46,0,0.0,0,0,0.0,0.0,0,0,60000.652,0.0,10.954511,0.0,0,0,0,0,0.0,0.0,0.0,46,0,0,0,1,2,1,1,1,1,0,0,0,1,1,1,Normal,0,1
67785,1.951865,tcp,http,FIN,60,16,68197,698,38.424789,254,252,274859.1875,2684.612061,27,1,32.417541,123.467531,3914.107596,260.170125,255,2939498188,1282801232,255,0.214562,0.099811,0.114751,1137,44,1,0,1,1,1,1,1,2,0,0,1,2,1,0,Normal,0,1
67789,1.133512,tcp,-,FIN,60,14,68199,612,64.401611,254,252,473311.25,4015.837402,27,1,18.58805,81.417234,1822.022872,92.646438,255,942538034,1668277428,255,0.130918,0.075079,0.055839,1137,44,1,0,5,1,1,2,1,4,0,0,1,2,1,0,Normal,0,1
67791,1.245726,tcp,http,FIN,60,14,68197,612,58.600367,254,252,430662.9375,3654.093994,27,1,21.108899,86.950844,1997.474282,114.252422,255,3581559024,3852186623,255,0.217704,0.115362,0.102342,1137,44,1,0,3,1,1,1,1,4,0,0,1,2,2,0,Normal,0,1
67811,0.861106,tcp,-,FIN,10,6,738,268,17.419459,254,252,6178.101562,2081.044678,2,0,11434.1053,19053.812,1134761.538,42268.568,255,3888912196,3936781962,255,0.138034,0.083204,0.05483,74,45,0,0,6,1,2,2,2,4,0,0,0,2,4,0,Normal,0,1
67812,0.861106,tcp,-,FIN,10,6,738,268,17.419459,254,252,6178.101562,2081.044678,2,0,11434.1053,19053.812,1134761.538,42268.568,255,3888912196,3936781962,255,0.138034,0.083204,0.05483,74,45,0,0,6,1,2,2,2,4,0,0,0,2,4,0,Normal,0,1
67835,0.0,arp,-,INT,1,0,46,0,0.0,0,0,0.0,0.0,0,0,60000.76,0.0,0.0,0.0,0,0,0,0,0.0,0.0,0.0,46,0,0,0,1,2,1,1,1,1,0,0,0,1,1,1,Normal,0,1
67836,0.0,arp,-,INT,1,0,46,0,0.0,0,0,0.0,0.0,0,0,60000.76,0.0,10.954521,0.0,0,0,0,0,0.0,0.0,0.0,46,0,0,0,1,2,1,1,1,1,0,0,0,1,1,1,Normal,0,1
67866,0.670029,tcp,-,FIN,12,6,3678,268,25.372037,254,252,40260.94531,2674.51123,4,0,8480.367919,16955.146,922835.3797,37648.112,255,3423919297,4086710174,255,0.122684,0.062389,0.060295,307,45,0,0,3,1,2,2,2,3,0,0,0,3,3,0,Normal,0,1
67867,0.670029,tcp,-,FIN,12,6,3678,268,25.372037,254,252,40260.94531,2674.51123,4,0,8480.367919,16955.146,922835.3797,37648.112,255,3423919297,4086710174,255,0.122684,0.062389,0.060295,307,45,0,0,3,1,2,2,2,3,0,0,0,3,3,0,Normal,0,1
67892,0.0,arp,-,INT,1,0,46,0,0.0,0,0,0.0,0.0,0,0,60000.68,0.0,0.0,0.0,0,0,0,0,0.0,0.0,0.0,46,0,0,0,1,2,1,1,1,1,0,0,0,1,1,1,Normal,0,1
67893,0.0,arp,-,INT,1,0,46,0,0.0,0,0,0.0,0.0,0,0,60000.676,0.0,10.954513,0.0,0,0,0,0,0.0,0.0,0.0,46,0,0,0,1,2,1,1,1,1,0,0,0,1,1,1,Normal,0,1
67966,0.0,arp,-,INT,1,0,46,0,0.0,0,0,0.0,0.0,0,0,60000.824,0.0,0.0,0.0,0,0,0,0,0.0,0.0,0.0,46,0,0,0,1,2,1,1,1,1,0,0,0,1,1,1,Normal,0,1
67967,0.0,arp,-,INT,1,0,46,0,0.0,0,0,0.0,0.0,0,0,60000.824,0.0,10.954526,0.0,0,0,0,0,0.0,0.0,0.0,46,0,0,0,1,2,1,1,1,1,0,0,0,1,1,1,Normal,0,1
67988,0.0,arp,-,INT,1,0,46,0,0.0,0,0,0.0,0.0,0,0,60000.684,0.0,0.0,0.0,0,0,0,0,0.0,0.0,0.0,46,0,0,0,1,2,1,1,1,1,0,0,0,1,1,1,Normal,0,1
67989,0.0,arp,-,INT,1,0,46,0,0.0,0,0,0.0,0.0,0,0,60000.684,0.0,0.0,0.0,0,0,0,0,0.0,0.0,0.0,46,0,0,0,1,2,1,1,1,1,0,0,0,1,1,1,Normal,0,1
68054,0.0,arp,-,INT,1,0,46,0,0.0,0,0,0.0,0.0,0,0,60000.672,0.0,0.0,0.0,0,0,0,0,0.0,0.0,0.0,46,0,0,0,1,2,1,1,1,1,0,0,0,1,1,1,Normal,0,1
68055,0.0,arp,-,INT,1,0,46,0,0.0,0,0,0.0,0.0,0,0,60000.668,0.0,0.0,0.0,0,0,0,0,0.0,0.0,0.0,46,0,0,0,1,2,1,1,1,1,0,0,0,1,1,1,Normal,0,1
68072,0.0,arp,-,INT,1,0,46,0,0.0,0,0,0.0,0.0,0,0,60000.696,0.0,0.0,0.0,0,0,0,0,0.0,0.0,0.0,46,0,0,0,1,2,1,1,1,1,0,0,0,1,1,1,Normal,0,1
68073,0.0,arp,-,INT,1,0,46,0,0.0,0,0,0.0,0.0,0,0,60000.688,0.0,0.0,0.0,0,0,0,0,0.0,0.0,0.0,46,0,0,0,1,2,1,1,1,1,0,0,0,1,1,1,Normal,0,1
68076,59.961853,arp,-,INT,2,0,92,0,0.016677,0,0,6.137235,0.0,0,0,60000.712,0.0,38.858,0.0,0,0,0,0,0.0,0.0,0.0,46,0,0,0,1,2,1,1,1,1,0,0,0,1,1,1,Normal,0,1
68077,59.961853,arp,-,INT,2,0,92,0,0.016677,0,0,6.137235,0.0,0,0,60000.712,0.0,33.909617,0.0,0,0,0,0,0.0,0.0,0.0,46,0,0,0,1,2,1,1,1,1,0,0,0,1,1,1,Normal,0,1
68087,0.0,arp,-,INT,1,0,46,0,0.0,0,0,0.0,0.0,0,0,60000.696,0.0,15.492023,0.0,0,0,0,0,0.0,0.0,0.0,46,0,0,0,1,2,1,1,1,1,0,0,0,1,1,1,Normal,0,1
68088,0.0,arp,-,INT,1,0,46,0,0.0,0,0,0.0,0.0,0,0,60000.7,0.0,0.0,0.0,0,0,0,0,0.0,0.0,0.0,46,0,0,0,1,2,1,1,1,1,0,0,0,1,1,1,Normal,0,1
68091,0.0,arp,-,INT,1,0,46,0,0.0,0,0,0.0,0.0,0,0,60000.736,0.0,15.492028,0.0,0,0,0,0,0.0,0.0,0.0,46,0,0,0,1,2,1,1,1,1,0,0,0,1,1,1,Normal,0,1
68092,0.0,arp,-,INT,1,0,46,0,0.0,0,0,0.0,0.0,0,0,60000.724,0.0,10.954518,0.0,0,0,0,0,0.0,0.0,0.0,46,0,0,0,1,2,1,1,1,1,0,0,0,1,1,1,Normal,0,1
68126,0.0,arp,-,INT,1,0,46,0,0.0,0,0,0.0,0.0,0,0,60000.712,0.0,10.954517,0.0,0,0,0,0,0.0,0.0,0.0,46,0,0,0,1,2,1,1,1,1,0,0,0,1,1,1,Normal,0,1
68127,0.0,arp,-,INT,1,0,46,0,0.0,0,0,0.0,0.0,0,0,60000.728,0.0,10.954518,0.0,0,0,0,0,0.0,0.0,0.0,46,0,0,0,1,2,1,1,1,1,0,0,0,1,1,1,Normal,0,1
68141,0.0,arp,-,INT,1,0,46,0,0.0,0,0,0.0,0.0,0,0,60000.688,0.0,0.0,0.0,0,0,0,0,0.0,0.0,0.0,46,0,0,0,1,2,1,1,1,1,0,0,0,1,1,1,Normal,0,1
68142,0.0,arp,-,INT,1,0,46,0,0.0,0,0,0.0,0.0,0,0,60000.688,0.0,0.0,0.0,0,0,0,0,0.0,0.0,0.0,46,0,0,0,1,2,1,1,1,1,0,0,0,1,1,1,Normal,0,1
68143,0.0,arp,-,INT,1,0,46,0,0.0,0,0,0.0,0.0,0,0,60000.78,0.0,10.954522,0.0,0,0,0,0,0.0,0.0,0.0,46,0,0,0,1,2,1,1,1,1,0,0,0,1,1,1,Normal,0,1
68144,0.0,arp,-,INT,1,0,46,0,0.0,0,0,0.0,0.0,0,0,60000.784,0.0,0.0,0.0,0,0,0,0,0.0,0.0,0.0,46,0,0,0,1,2,1,1,1,1,0,0,0,1,1,1,Normal,0,1
68145,0.0,arp,-,INT,1,0,46,0,0.0,0,0,0.0,0.0,0,0,60000.648,0.0,0.0,0.0,0,0,0,0,0.0,0.0,0.0,46,0,0,0,1,2,1,1,1,1,0,0,0,1,1,1,Normal,0,1
68146,0.0,arp,-,INT,1,0,46,0,0.0,0,0,0.0,0.0,0,0,60000.644,0.0,0.0,0.0,0,0,0,0,0.0,0.0,0.0,46,0,0,0,1,2,1,1,1,1,0,0,0,1,1,1,Normal,0,1
68167,0.0,arp,-,INT,1,0,46,0,0.0,0,0,0.0,0.0,0,0,60000.74,0.0,0.0,0.0,0,0,0,0,0.0,0.0,0.0,46,0,0,0,1,2,1,1,1,1,0,0,0,1,1,1,Normal,0,1
68168,0.0,arp,-,INT,1,0,46,0,0.0,0,0,0.0,0.0,0,0,60000.736,0.0,15.492028,0.0,0,0,0,0,0.0,0.0,0.0,46,0,0,0,1,2,1,1,1,1,0,0,0,1,1,1,Normal,0,1
68191,0.0,arp,-,INT,1,0,46,0,0.0,0,0,0.0,0.0,0,0,60000.744,0.0,0.0,0.0,0,0,0,0,0.0,0.0,0.0,46,0,0,0,1,2,1,1,1,1,0,0,0,1,1,1,Normal,0,1
68192,0.0,arp,-,INT,1,0,46,0,0.0,0,0,0.0,0.0,0,0,60000.748,0.0,0.0,0.0,0,0,0,0,0.0,0.0,0.0,46,0,0,0,1,2,1,1,1,1,0,0,0,1,1,1,Normal,0,1
68202,36.154003,tcp,-,FIN,20,14,1068,622,0.912762,254,252,224.594772,127.897316,6,1,1901.683526,2777.019,255349.3135,9371.402,255,4224138140,2865677660,255,0.089687,0.05275,0.036937,53,44,0,0,3,1,1,1,1,3,0,0,0,5,3,0,Normal,0,1
68203,36.154003,tcp,-,FIN,20,14,1068,622,0.912762,254,252,224.594772,127.897316,6,1,1901.683526,2777.019,255349.3135,9371.402,255,4224138140,2865677660,255,0.089687,0.05275,0.036937,53,44,0,0,4,1,1,1,1,3,0,0,0,13,3,0,Normal,0,1
68213,31.955507,tcp,-,FIN,20,12,1068,536,0.970099,254,252,254.103302,123.171257,4,1,1680.259,2900.53775,225985.9975,8968.371,255,12457517,205450569,255,0.078248,0.049585,0.028663,53,45,0,0,2,1,2,2,2,2,0,0,0,2,2,0,Normal,0,1
68214,31.955507,tcp,-,FIN,20,12,1068,536,0.970099,254,252,254.103302,123.171257,4,1,1680.259,2900.53775,225985.9975,8968.371,255,12457517,205450569,255,0.078248,0.049585,0.028663,53,45,0,0,2,1,2,2,2,2,0,0,0,2,2,0,Normal,0,1
68226,0.0,arp,-,INT,1,0,46,0,0.0,0,0,0.0,0.0,0,0,60000.66,0.0,0.0,0.0,0,0,0,0,0.0,0.0,0.0,46,0,0,0,1,2,1,1,1,1,0,0,0,1,1,1,Normal,0,1
68227,0.0,arp,-,INT,1,0,46,0,0.0,0,0,0.0,0.0,0,0,60000.656,0.0,0.0,0.0,0,0,0,0,0.0,0.0,0.0,46,0,0,0,1,2,1,1,1,1,0,0,0,1,1,1,Normal,0,1
68242,0.0,arp,-,INT,1,0,46,0,0.0,0,0,0.0,0.0,0,0,60000.752,0.0,10.95452,0.0,0,0,0,0,0.0,0.0,0.0,46,0,0,0,1,2,1,1,1,1,0,0,0,1,1,1,Normal,0,1
68313,0.0,arp,-,INT,1,0,46,0,0.0,0,0,0.0,0.0,0,0,60000.668,0.0,0.0,0.0,0,0,0,0,0.0,0.0,0.0,46,0,0,0,1,2,1,1,1,1,0,0,0,1,1,1,Normal,0,1
68314,0.0,arp,-,INT,1,0,46,0,0.0,0,0,0.0,0.0,0,0,60000.692,0.0,10.954515,0.0,0,0,0,0,0.0,0.0,0.0,46,0,0,0,1,2,1,1,1,1,0,0,0,1,1,1,Normal,0,1
68378,0.0,arp,-,INT,1,0,46,0,0.0,0,0,0.0,0.0,0,0,60000.756,0.0,10.954521,0.0,0,0,0,0,0.0,0.0,0.0,46,0,0,0,1,2,1,1,1,1,0,0,0,1,1,1,Normal,0,1
68379,0.0,arp,-,INT,1,0,46,0,0.0,0,0,0.0,0.0,0,0,60000.76,0.0,0.0,0.0,0,0,0,0,0.0,0.0,0.0,46,0,0,0,1,2,1,1,1,1,0,0,0,1,1,1,Normal,0,1
68448,0.0,arp,-,INT,1,0,46,0,0.0,0,0,0.0,0.0,0,0,60000.728,0.0,15.492027,0.0,0,0,0,0,0.0,0.0,0.0,46,0,0,0,1,2,1,1,1,1,0,0,0,1,1,1,Normal,0,1
68510,0.0,arp,-,INT,1,0,46,0,0.0,0,0,0.0,0.0,0,0,60000.624,0.0,15.492014,0.0,0,0,0,0,0.0,0.0,0.0,46,0,0,0,1,2,1,1,1,1,0,0,0,1,1,1,Normal,0,1
68511,0.0,arp,-,INT,1,0,46,0,0.0,0,0,0.0,0.0,0,0,60000.624,0.0,0.0,0.0,0,0,0,0,0.0,0.0,0.0,46,0,0,0,1,2,1,1,1,1,0,0,0,1,1,1,Normal,0,1
68588,0.0,arp,-,INT,1,0,46,0,0.0,0,0,0.0,0.0,0,0,60000.724,0.0,10.954518,0.0,0,0,0,0,0.0,0.0,0.0,46,0,0,0,1,2,1,1,1,1,0,0,0,1,1,1,Normal,0,1
68602,57.241192,tcp,-,FIN,20,16,1068,708,0.611448,254,252,141.855881,92.800301,4,1,3012.645579,3810.1455,395923.4932,13599.419,255,1567415888,1055791476,255,0.166883,0.088992,0.077891,53,44,0,0,2,1,2,2,2,2,0,0,0,3,2,0,Normal,0,1
68604,57.241192,tcp,-,FIN,20,16,1068,708,0.611448,254,252,141.855881,92.800301,4,1,3012.645579,3810.1455,395923.4932,13599.419,255,1567415888,1055791476,255,0.166883,0.088992,0.077891,53,44,0,0,2,1,2,2,2,2,0,0,0,3,2,0,Normal,0,1
68628,0.0,arp,-,INT,1,0,46,0,0.0,0,0,0.0,0.0,0,0,60000.736,0.0,0.0,0.0,0,0,0,0,0.0,0.0,0.0,46,0,0,0,1,2,1,1,1,1,0,0,0,1,1,1,Normal,0,1
68629,0.0,arp,-,INT,1,0,46,0,0.0,0,0,0.0,0.0,0,0,60000.736,0.0,0.0,0.0,0,0,0,0,0.0,0.0,0.0,46,0,0,0,1,2,1,1,1,1,0,0,0,1,1,1,Normal,0,1
68710,0.0,arp,-,INT,1,0,46,0,0.0,0,0,0.0,0.0,0,0,60000.66,0.0,0.0,0.0,0,0,0,0,0.0,0.0,0.0,46,0,0,0,1,2,1,1,1,1,0,0,0,1,1,1,Normal,0,1
68711,0.0,arp,-,INT,1,0,46,0,0.0,0,0,0.0,0.0,0,0,60000.66,0.0,0.0,0.0,0,0,0,0,0.0,0.0,0.0,46,0,0,0,1,2,1,1,1,1,0,0,0,1,1,1,Normal,0,1
68851,0.0,arp,-,INT,1,0,46,0,0.0,0,0,0.0,0.0,0,0,60000.808,0.0,0.0,0.0,0,0,0,0,0.0,0.0,0.0,46,0,0,0,1,2,1,1,1,1,0,0,0,1,1,1,Normal,0,1
68852,0.0,arp,-,INT,1,0,46,0,0.0,0,0,0.0,0.0,0,0,60000.808,0.0,15.492038,0.0,0,0,0,0,0.0,0.0,0.0,46,0,0,0,1,2,1,1,1,1,0,0,0,1,1,1,Normal,0,1
68867,1.162904,tcp,-,FIN,10,8,2516,354,14.618575,254,252,15581.68164,2132.592041,2,0,8014.4701,10024.349,790564.7815,26122.884,255,3046768573,1288129221,255,0.114347,0.070513,0.043834,252,44,0,0,4,1,2,2,2,3,0,0,0,2,3,0,Normal,0,1
68872,1.162904,tcp,-,FIN,10,8,2516,354,14.618575,254,252,15581.68164,2132.592041,2,0,8014.4701,10024.349,790564.7815,26122.884,255,3046768573,1288129221,255,0.114347,0.070513,0.043834,252,44,0,0,4,1,2,2,2,3,0,0,0,2,3,0,Normal,0,1
69259,59.990845,arp,-,INT,2,0,92,0,0.016669,0,0,6.134269,0.0,0,0,60000.728,0.0,0.0,0.0,0,0,0,0,0.0,0.0,0.0,46,0,0,0,1,2,1,1,1,1,0,0,0,1,1,1,Normal,0,1
69260,59.990852,arp,-,INT,2,0,92,0,0.016669,0,0,6.134269,0.0,0,0,60000.732,0.0,0.0,0.0,0,0,0,0,0.0,0.0,0.0,46,0,0,0,1,2,1,1,1,1,0,0,0,1,1,1,Normal,0,1
69401,0.662717,tcp,http,FIN,10,8,846,1088,25.651976,62,252,9198.49707,11492.08496,1,2,11141.6733,13927.095,1107490.026,36648.104,255,286301583,2756272424,255,0.117234,0.047776,0.069458,85,136,1,140,3,1,2,2,2,3,0,0,4,2,3,0,Normal,0,1
69402,0.662717,tcp,http,FIN,10,8,846,1088,25.651976,62,252,9198.49707,11492.08496,1,2,11141.6733,13927.095,1107490.026,36648.104,255,286301583,2756272424,255,0.117234,0.047776,0.069458,85,136,1,140,3,1,2,2,2,3,0,0,4,2,3,0,Normal,0,1
69433,0.0,arp,-,INT,1,0,46,0,0.0,0,0,0.0,0.0,0,0,60000.708,0.0,0.0,0.0,0,0,0,0,0.0,0.0,0.0,46,0,0,0,1,2,1,1,1,1,0,0,0,1,1,1,Normal,0,1
69434,0.0,arp,-,INT,1,0,46,0,0.0,0,0,0.0,0.0,0,0,60000.712,0.0,0.0,0.0,0,0,0,0,0.0,0.0,0.0,46,0,0,0,1,2,1,1,1,1,0,0,0,1,1,1,Normal,0,1
69583,37.079933,tcp,-,FIN,28,24,1548,1284,1.375407,254,252,322.114929,265.588409,10,7,1373.330813,1609.67375,214034.6181,7169.2775,255,2086695534,642952018,255,0.107531,0.040566,0.066965,55,54,0,0,3,1,3,3,3,3,0,0,0,3,3,0,Normal,0,1
69584,37.079933,tcp,-,FIN,28,24,1548,1284,1.375407,254,252,322.114929,265.588409,10,7,1373.330813,1609.67375,214034.6181,7169.2775,255,2086695534,642952018,255,0.107531,0.040566,0.066965,55,54,0,0,3,1,3,3,3,3,0,0,0,3,3,0,Normal,0,1
69585,37.079933,tcp,-,FIN,28,24,1548,1284,1.375407,254,252,322.114929,265.588409,10,7,1373.330813,1609.67375,214034.6181,7169.2775,255,2086695534,642952018,255,0.107531,0.040566,0.066965,55,54,0,0,3,1,3,3,3,3,0,0,0,3,3,0,Normal,0,1
69588,0.0,arp,-,INT,1,0,46,0,0.0,0,0,0.0,0.0,0,0,60000.716,0.0,0.0,0.0,0,0,0,0,0.0,0.0,0.0,46,0,0,0,1,2,1,1,1,1,0,0,0,1,1,1,Normal,0,1
69627,0.0,arp,-,INT,1,0,46,0,0.0,0,0,0.0,0.0,0,0,60000.44,0.0,10.954491,0.0,0,0,0,0,0.0,0.0,0.0,46,0,0,0,1,2,1,1,1,1,0,0,0,1,1,1,Normal,0,1
69628,0.0,arp,-,INT,1,0,46,0,0.0,0,0,0.0,0.0,0,0,60000.444,0.0,0.0,0.0,0,0,0,0,0.0,0.0,0.0,46,0,0,0,1,2,1,1,1,1,0,0,0,1,1,1,Normal,0,1
69640,0.0,arp,-,INT,1,0,46,0,0.0,0,0,0.0,0.0,0,0,60000.784,0.0,15.492035,0.0,0,0,0,0,0.0,0.0,0.0,46,0,0,0,1,2,1,1,1,1,0,0,0,1,1,1,Normal,0,1
69641,0.0,arp,-,INT,1,0,46,0,0.0,0,0,0.0,0.0,0,0,60000.788,0.0,0.0,0.0,0,0,0,0,0.0,0.0,0.0,46,0,0,0,1,2,1,1,1,1,0,0,0,1,1,1,Normal,0,1
69651,0.0,arp,-,INT,1,0,46,0,0.0,0,0,0.0,0.0,0,0,60000.96,0.0,10.954539,0.0,0,0,0,0,0.0,0.0,0.0,46,0,0,0,1,2,1,1,1,1,0,0,0,1,1,1,Normal,0,1
69652,0.0,arp,-,INT,1,0,46,0,0.0,0,0,0.0,0.0,0,0,60000.96,0.0,10.954539,0.0,0,0,0,0,0.0,0.0,0.0,46,0,0,0,1,2,1,1,1,1,0,0,0,1,1,1,Normal,0,1
69657,0.0,arp,-,INT,1,0,46,0,0.0,0,0,0.0,0.0,0,0,60000.648,0.0,15.492018,0.0,0,0,0,0,0.0,0.0,0.0,46,0,0,0,1,2,1,1,1,1,0,0,0,1,1,1,Normal,0,1
69658,0.0,arp,-,INT,1,0,46,0,0.0,0,0,0.0,0.0,0,0,60000.648,0.0,15.492018,0.0,0,0,0,0,0.0,0.0,0.0,46,0,0,0,1,2,1,1,1,1,0,0,0,1,1,1,Normal,0,1
69659,0.0,arp,-,INT,1,0,46,0,0.0,0,0,0.0,0.0,0,0,60000.728,0.0,10.954518,0.0,0,0,0,0,0.0,0.0,0.0,46,0,0,0,1,2,1,1,1,1,0,0,0,1,1,1,Normal,0,1
69660,0.0,arp,-,INT,1,0,46,0,0.0,0,0,0.0,0.0,0,0,60000.728,0.0,15.492027,0.0,0,0,0,0,0.0,0.0,0.0,46,0,0,0,1,2,1,1,1,1,0,0,0,1,1,1,Normal,0,1
69661,0.0,arp,-,INT,1,0,46,0,0.0,0,0,0.0,0.0,0,0,60000.696,0.0,15.492023,0.0,0,0,0,0,0.0,0.0,0.0,46,0,0,0,1,2,1,1,1,1,0,0,0,1,1,1,Normal,0,1
69662,0.0,arp,-,INT,1,0,46,0,0.0,0,0,0.0,0.0,0,0,60000.696,0.0,15.492023,0.0,0,0,0,0,0.0,0.0,0.0,46,0,0,0,1,2,1,1,1,1,0,0,0,1,1,1,Normal,0,1
69698,0.0,arp,-,INT,1,0,46,0,0.0,0,0,0.0,0.0,0,0,60000.728,0.0,15.492027,0.0,0,0,0,0,0.0,0.0,0.0,46,0,0,0,1,2,1,1,1,1,0,0,0,1,1,1,Normal,0,1
69699,0.0,arp,-,INT,1,0,46,0,0.0,0,0,0.0,0.0,0,0,60000.488,0.0,10.954496,0.0,0,0,0,0,0.0,0.0,0.0,46,0,0,0,1,2,1,1,1,1,0,0,0,1,1,1,Normal,0,1
69700,0.0,arp,-,INT,1,0,46,0,0.0,0,0,0.0,0.0,0,0,60000.488,0.0,0.0,0.0,0,0,0,0,0.0,0.0,0.0,46,0,0,0,1,2,1,1,1,1,0,0,0,1,1,1,Normal,0,1
69708,0.0,arp,-,INT,1,0,46,0,0.0,0,0,0.0,0.0,0,0,60000.912,0.0,0.0,0.0,0,0,0,0,0.0,0.0,0.0,46,0,0,0,1,2,1,1,1,1,0,0,0,1,1,1,Normal,0,1
69709,0.0,arp,-,INT,1,0,46,0,0.0,0,0,0.0,0.0,0,0,60000.912,0.0,0.0,0.0,0,0,0,0,0.0,0.0,0.0,46,0,0,0,1,2,1,1,1,1,0,0,0,1,1,1,Normal,0,1
69742,50.085266,tcp,-,CON,12,4,2024,172,0.299489,62,252,296.454437,20.604862,5,3,4553.205634,16553.491,470576.0703,23410.162,255,2338683131,2079494287,255,0.285971,0.182115,0.103856,169,43,0,0,5,3,2,2,2,4,0,0,0,2,4,0,Normal,0,1
69743,50.085266,tcp,-,CON,12,4,2024,172,0.299489,62,252,296.454437,20.604862,5,3,4553.205634,16553.491,470576.0703,23410.162,255,2338683131,2079494287,255,0.285971,0.182115,0.103856,169,43,0,0,5,3,2,2,2,4,0,0,0,2,4,0,Normal,0,1
69755,0.0,arp,-,INT,1,0,46,0,0.0,0,0,0.0,0.0,0,0,60000.712,0.0,0.0,0.0,0,0,0,0,0.0,0.0,0.0,46,0,0,0,1,2,1,1,1,1,0,0,0,1,1,1,Normal,0,1
69756,0.0,arp,-,INT,1,0,46,0,0.0,0,0,0.0,0.0,0,0,60000.712,0.0,0.0,0.0,0,0,0,0,0.0,0.0,0.0,46,0,0,0,1,2,1,1,1,1,0,0,0,1,1,1,Normal,0,1
69817,0.929072,tcp,-,FIN,60,14,68183,612,78.573026,254,252,577324.4375,4899.512695,27,1,15.746983,64.711922,1564.481524,83.554563,255,2485313286,3432265857,255,0.148811,0.086947,0.061864,1136,44,1,0,6,1,1,1,1,2,0,0,1,2,2,0,Normal,0,1
69820,1.091616,tcp,-,FIN,60,14,68183,612,66.873331,254,252,491359.5938,4169.964355,27,1,18.108932,79.611461,1774.186094,116.855625,255,295290788,1708024395,255,0.200268,0.056658,0.14361,1136,44,1,0,6,1,19,1,1,2,0,0,1,3,2,0,Normal,0,1
69825,1.270973,tcp,-,FIN,60,16,68183,698,59.00991,254,252,422020.0,4122.825684,27,1,21.541915,83.034203,2443.251488,109.287711,255,2231456488,3685411007,255,0.083778,0.024746,0.059032,1136,44,1,0,5,1,1,1,1,1,0,0,1,4,1,0,Normal,0,1
69827,0.941568,tcp,-,FIN,60,14,68181,612,77.530246,254,252,569645.5,4834.48877,27,1,15.597271,67.903844,1557.324349,79.455133,255,2485306127,2652133577,255,0.113777,0.058812,0.054965,1136,44,1,0,2,1,18,1,1,1,0,0,1,2,1,0,Normal,0,1
69829,0.973973,tcp,-,FIN,60,14,68181,612,74.950745,254,252,550692.875,4673.641113,27,1,16.261915,68.971383,1637.339025,91.81782,255,2638615589,3251858610,255,0.163739,0.077337,0.086402,1136,44,1,0,6,1,8,1,1,3,0,0,1,2,2,0,Normal,0,1
69832,0.911039,tcp,-,FIN,60,14,68181,612,80.128294,254,252,588734.375,4996.493164,27,1,15.441339,64.094617,1532.889044,74.003148,255,1431492953,3236474409,255,0.107149,0.077228,0.029921,1136,44,1,0,6,1,20,1,1,3,0,0,1,4,2,0,Normal,0,1
69834,0.886548,tcp,-,FIN,60,14,68181,612,82.341849,254,252,604998.25,5134.521973,27,1,14.635305,66.055695,1481.578096,86.983758,255,42781801,2104972019,255,0.124188,0.027815,0.096373,1136,44,1,0,7,1,1,1,1,3,0,0,1,3,3,0,Normal,0,1
69838,0.98256,tcp,-,FIN,60,14,68185,612,74.295719,254,252,545912.75,4632.795898,27,1,16.653559,69.138617,1660.100712,91.754961,255,707607404,3214768397,255,0.087206,0.064028,0.023178,1136,44,1,0,7,1,18,1,1,3,0,0,1,3,3,0,Normal,0,1
69841,1.32201,tcp,-,FIN,60,16,68185,698,56.731793,254,252,405739.7188,3963.661377,27,1,22.40695,78.410469,2583.590396,100.309453,255,3349589571,3907698841,255,0.143433,0.09463,0.048803,1136,44,1,0,2,1,1,1,1,1,0,0,1,1,1,0,Normal,0,1
69842,0.973128,tcp,-,FIN,60,14,68183,612,75.015824,254,252,551187.5,4677.699219,27,1,15.519898,70.454766,1586.472518,81.577648,255,1336200512,175289139,255,0.096648,0.057208,0.03944,1136,44,1,0,5,1,7,1,1,2,0,0,1,2,2,0,Normal,0,1
69845,1.347098,tcp,-,FIN,60,14,68183,612,54.190564,254,252,398171.4688,3379.115723,27,1,22.327204,97.199156,2374.641943,150.04325,255,3948299147,2470619311,255,0.170513,0.083506,0.087007,1136,44,1,0,5,1,1,1,1,2,0,0,1,2,2,0,Normal,0,1
69849,1.345037,tcp,-,FIN,60,14,68183,612,54.273601,254,252,398781.5938,3384.293457,27,1,22.795221,94.258234,2456.550734,154.906234,255,518916046,2799463615,255,0.185524,0.119671,0.065853,1136,44,1,0,5,1,1,1,1,1,0,0,1,3,1,0,Normal,0,1
69853,1.613263,tcp,-,FIN,60,14,68183,612,45.249906,254,252,332478.9688,2821.610596,27,1,27.343441,115.513383,3728.042384,250.828188,255,3939968411,142891077,255,0.149746,0.089527,0.060219,1136,44,1,0,7,1,19,1,1,1,0,0,1,6,1,0,Normal,0,1
69859,1.311766,tcp,-,FIN,60,14,68183,612,55.650168,254,252,408896.0938,3470.131104,27,1,22.233323,91.646,2361.351074,148.435969,255,857355513,3265957204,255,0.108816,0.059903,0.048913,1136,44,1,0,10,1,2,1,1,2,0,0,1,3,2,0,Normal,0,1
69867,1.406826,tcp,-,FIN,60,14,68187,612,51.889856,254,252,381289.5,3235.652344,27,1,23.822457,97.057078,2326.280449,137.109953,255,3745891652,3282892840,255,0.293912,0.145083,0.148829,1136,44,1,0,10,1,8,1,1,2,0,0,1,3,2,0,Normal,0,1
69875,1.456589,tcp,-,FIN,60,14,68187,612,50.117089,254,252,368263.125,3125.109375,27,1,24.480017,106.617922,2917.213153,209.573125,255,4086824351,3912374447,255,0.183304,0.070547,0.112757,1136,44,1,0,8,1,19,1,1,1,0,0,1,5,1,0,Normal,0,1
69892,0.0,arp,-,INT,1,0,46,0,0.0,0,0,0.0,0.0,0,0,60000.744,0.0,10.95452,0.0,0,0,0,0,0.0,0.0,0.0,46,0,0,0,1,2,1,1,1,1,0,0,0,1,1,1,Normal,0,1
69893,0.0,arp,-,INT,1,0,46,0,0.0,0,0,0.0,0.0,0,0,60000.744,0.0,15.492029,0.0,0,0,0,0,0.0,0.0,0.0,46,0,0,0,1,2,1,1,1,1,0,0,0,1,1,1,Normal,0,1
69898,1.430269,tcp,-,CON,6,2,1012,86,4.894184,62,252,4720.790039,240.514191,2,1,286.0538,0.001,19032.18834,0.0,255,257175101,3132688333,255,1.343106,0.660086,0.68302,169,43,0,0,10,3,3,3,1,5,0,0,0,6,5,0,Normal,0,1
69935,1.693888,tcp,-,CON,6,2,1012,86,4.132505,62,252,3986.095947,203.083084,2,1,338.7776,0.006,22830.88171,0.0,255,3681767711,1365573050,255,1.612508,0.544283,1.068225,169,43,0,0,3,3,3,2,1,3,0,0,0,2,3,0,Normal,0,1
69942,2.048616,tcp,-,CON,6,2,1012,86,3.416941,62,252,3295.883789,167.918243,2,1,409.7232,0.009,25647.08154,0.0,255,3255092550,4211980270,255,1.796082,0.44278,1.353302,169,43,0,0,4,3,1,1,1,2,0,0,0,1,2,0,Normal,0,1
69945,2.051507,tcp,-,CON,6,2,1012,86,3.412126,62,252,3291.239014,167.68161,2,1,410.3014,0.002,26256.65715,0.0,255,3370811644,3592847635,255,1.845377,1.003183,0.842194,169,43,0,0,4,3,1,1,1,2,0,0,0,2,2,0,Normal,0,1
69960,0.0,arp,-,INT,1,0,46,0,0.0,0,0,0.0,0.0,0,0,60000.748,0.0,0.0,0.0,0,0,0,0,0.0,0.0,0.0,46,0,0,0,1,2,1,1,1,1,0,0,0,1,1,1,Normal,0,1
69961,0.0,arp,-,INT,1,0,46,0,0.0,0,0,0.0,0.0,0,0,60000.744,0.0,15.492029,0.0,0,0,0,0,0.0,0.0,0.0,46,0,0,0,1,2,1,1,1,1,0,0,0,1,1,1,Normal,0,1
69978,0.888518,tcp,http,FIN,60,14,68199,612,82.159283,254,252,603818.9375,5123.137695,27,1,14.525644,61.764309,1481.050835,88.239453,255,374167151,1007829802,255,0.14452,0.085573,0.058947,1137,44,1,0,2,1,19,1,1,2,0,0,1,2,2,0,Normal,0,1
69983,1.104975,tcp,http,FIN,60,14,68199,612,66.064844,254,252,485534.9688,4119.550293,27,1,18.112797,81.903078,1749.910828,107.709281,255,1477576919,741524583,255,0.126723,0.040232,0.086491,1137,44,1,0,3,1,19,2,1,2,0,0,1,2,2,0,Normal,0,1
69984,1.103036,tcp,http,FIN,60,14,68199,612,66.180974,254,252,486388.4688,4126.791504,27,1,18.51544,78.834844,1793.233087,107.512914,255,2843693080,3453201533,255,0.146881,0.078174,0.068707,1137,44,1,0,3,1,1,1,1,2,0,0,1,3,2,0,Normal,0,1
69998,0.749725,tcp,http,FIN,60,14,68199,612,97.369037,254,252,715601.0625,6071.55957,27,1,12.707203,54.558691,1324.540809,72.099187,255,3433636284,1775659422,255,0.078087,0.039859,0.038228,1137,44,1,0,1,1,1,1,1,1,0,0,1,2,1,0,Normal,0,1
70000,0.838983,tcp,http,FIN,60,14,68199,612,87.010106,254,252,639469.4375,5425.616699,27,1,14.220051,61.23277,1463.824714,95.985055,255,654369814,525559181,255,0.082511,0.025855,0.056656,1137,44,1,0,2,1,8,1,1,2,0,0,1,2,2,0,Normal,0,1
70006,0.827339,tcp,http,FIN,60,14,68199,612,88.23469,254,252,648469.375,5501.977051,27,1,13.864356,57.418,1433.29163,89.636687,255,313295968,1167823323,255,0.157777,0.080896,0.076881,1137,44,1,0,3,1,35,1,1,2,0,0,1,3,2,0,Normal,0,1
70009,1.269831,tcp,http,FIN,60,16,68199,698,59.06298,254,252,422500.3438,4126.533691,27,1,21.522559,81.56693,2455.368951,94.329148,255,680990854,2470488191,255,0.104203,0.045689,0.058514,1137,44,1,0,3,1,1,2,1,2,0,0,1,3,2,0,Normal,0,1
70011,0.988723,tcp,-,FIN,60,14,68201,612,73.832612,254,252,542639.375,4603.918457,27,1,17.046949,70.431922,1608.693112,95.667195,255,1894545429,2918690915,255,0.141344,0.072282,0.069062,1137,44,1,0,4,1,18,1,1,2,0,0,1,3,2,0,Normal,0,1
70015,1.028288,tcp,http,FIN,60,14,68199,612,70.991784,254,252,521744.875,4426.775391,27,1,17.428611,77.344844,2063.13098,141.902969,255,550532276,3440659881,255,0.073238,0.022149,0.051089,1137,44,1,0,1,1,1,1,1,2,0,0,1,2,1,0,Normal,0,1
70017,0.934721,tcp,http,FIN,60,14,68199,612,78.098171,254,252,573972.375,4869.902344,27,1,15.842729,65.994844,1583.459993,104.001109,255,173843399,2180264938,255,0.153729,0.075837,0.077892,1137,44,1,0,1,1,1,1,1,1,0,0,1,3,1,0,Normal,0,1
70020,0.69834,tcp,http,FIN,60,14,68199,612,104.533608,254,252,768256.125,6518.314941,27,1,11.62739,51.881691,1288.103618,79.132844,255,171633903,4073599677,255,0.046508,0.023869,0.022639,1137,44,1,0,5,1,32,3,1,3,0,0,1,6,3,0,Normal,0,1
70023,0.674752,tcp,http,FIN,60,14,68199,612,108.187898,254,252,795112.875,6746.182129,27,1,11.419848,47.075,1219.001667,71.909398,255,1614448788,1001308834,255,0.095323,0.062768,0.032555,1137,44,1,0,5,1,32,3,1,3,0,0,1,6,3,0,Normal,0,1
70027,0.569733,tcp,http,FIN,60,14,68199,612,128.130189,254,252,941676.125,7989.707031,27,1,9.656492,43.03823,1048.229815,66.348391,255,1776718554,1402234510,255,0.064805,0.009627,0.055178,1137,44,1,0,5,1,4,1,1,3,0,0,1,2,3,0,Normal,0,1
70157,0.0,arp,-,INT,1,0,46,0,0.0,0,0,0.0,0.0,0,0,60000.656,0.0,0.0,0.0,0,0,0,0,0.0,0.0,0.0,46,0,0,0,1,2,1,1,1,1,0,0,0,1,1,1,Normal,0,1
70158,0.0,arp,-,INT,1,0,46,0,0.0,0,0,0.0,0.0,0,0,60000.656,0.0,0.0,0.0,0,0,0,0,0.0,0.0,0.0,46,0,0,0,1,2,1,1,1,1,0,0,0,1,1,1,Normal,0,1
70159,2.163323,tcp,-,CON,6,2,1012,86,3.235763,62,252,3121.124512,159.014633,2,1,432.6646,0.006,28798.42649,0.0,255,3803574937,923318275,255,2.032367,0.845844,1.186523,169,43,0,0,5,3,1,1,1,2,0,0,0,2,2,0,Normal,0,1
70163,2.434986,tcp,-,CON,6,2,1012,86,2.87476,62,252,2772.911133,141.273911,2,1,486.9972,0.007,26794.18659,0.0,255,3237532584,1955570224,255,1.777078,1.246241,0.530837,169,43,0,0,3,3,1,1,1,1,0,0,0,1,1,0,Normal,0,1
70164,3.545537,tcp,-,CON,6,2,1012,86,1.974313,62,252,1904.365967,97.023384,2,1,709.1074,0.007,39442.96219,0.0,255,4156798622,1638440875,255,2.637592,1.293471,1.344121,169,43,0,0,1,3,1,1,1,1,0,0,0,1,1,0,Normal,0,1
70168,2.772024,tcp,-,CON,6,2,1012,86,2.525231,62,252,2435.765381,124.097054,2,1,554.4048,0.003,34681.17944,0.0,255,1759094109,1164746319,255,2.428462,1.845788,0.582674,169,43,0,0,3,3,1,1,1,1,0,0,0,2,1,0,Normal,0,1
70179,2.592518,tcp,-,CON,6,2,1012,86,2.700078,62,252,2604.417725,132.689529,2,1,518.5036,0.002,30646.10428,0.0,255,884950363,4146349591,255,2.113786,1.9276,0.186186,169,43,0,0,3,3,1,1,1,2,0,0,0,1,3,0,Normal,0,1
70181,4.209978,tcp,-,CON,6,2,1012,86,1.662716,62,252,1603.808838,81.71064,2,1,841.9956,0.007,50782.89196,0.0,255,3918403551,614583538,255,3.525567,2.092356,1.433211,169,43,0,0,5,3,1,1,1,1,0,0,0,4,2,0,Normal,0,1
70187,3.954569,tcp,-,CON,6,2,1012,86,1.770104,62,252,1707.39209,86.987984,2,1,790.9138,0.009,47399.30428,0.0,255,211793138,2283617008,255,3.284434,1.807619,1.476815,169,43,0,0,2,3,2,1,1,1,0,0,0,1,2,0,Normal,0,1
70190,0.844169,tcp,-,CON,4,2,926,86,5.922984,62,252,6586.358887,407.501343,2,2,931.5545,30191.816,1177.67075,30191.812,255,1271910206,4239507662,255,2.792174,1.440156,1.352018,232,43,0,0,3,3,3,2,2,2,0,0,0,2,3,0,Normal,0,1
70191,0.844169,tcp,-,CON,4,2,926,86,5.922984,62,252,6586.358887,407.501343,2,2,931.5545,30191.816,1177.67075,30191.812,255,1271910206,4239507662,255,2.792174,1.440156,1.352018,232,43,0,0,3,3,3,2,2,2,0,0,0,2,3,0,Normal,0,1
70193,59.171474,tcp,-,CON,8,2,1098,86,0.1521,62,252,129.927475,5.813612,4,1,8453.067286,0.009,662832.3951,0.0,255,1271909825,4239507662,255,2.792174,1.440156,1.352018,137,43,0,0,3,3,2,2,2,2,0,0,0,3,2,0,Normal,0,1
70194,59.171474,tcp,-,CON,8,2,1098,86,0.1521,62,252,129.927475,5.813612,4,1,8453.067286,0.009,662832.3951,0.0,255,1271909825,4239507662,255,2.792174,1.440156,1.352018,137,43,0,0,3,3,2,2,2,2,0,0,0,3,2,0,Normal,0,1
70197,2.021527,tcp,-,CON,6,2,1012,86,3.462729,62,252,3340.049316,170.168381,2,1,404.3054,0.007,21980.99587,0.0,255,4028274459,3822206345,255,0.578671,0.302921,0.27575,169,43,0,0,2,3,3,1,1,1,0,0,0,1,3,0,Normal,0,1
70198,3.675441,tcp,-,CON,6,2,1012,86,1.904533,62,252,1837.058472,93.594208,2,1,735.0882,0.001,43850.52375,0.0,255,3057555395,2758423706,255,3.0341,2.006972,1.027128,169,43,0,0,3,3,2,1,1,1,0,0,0,1,3,0,Normal,0,1
70204,4.454359,tcp,-,CON,6,2,1012,86,1.571494,62,252,1515.818481,77.227722,2,1,890.8718,0.01,54772.65083,0.0,255,2790806110,3073266554,255,3.821465,3.226788,0.594677,169,43,0,0,3,3,1,1,1,1,0,0,0,1,1,0,Normal,0,1
70205,0.0,arp,-,INT,1,0,46,0,0.0,0,0,0.0,0.0,0,0,60000.704,0.0,0.0,0.0,0,0,0,0,0.0,0.0,0.0,46,0,0,0,1,2,2,1,2,1,0,0,0,1,2,1,Normal,0,1
70206,0.0,arp,-,INT,1,0,46,0,0.0,0,0,0.0,0.0,0,0,60000.696,0.0,15.492023,0.0,0,0,0,0,0.0,0.0,0.0,46,0,0,0,1,2,1,1,1,1,0,0,0,1,1,1,Normal,0,1
70209,4.4977,tcp,-,CON,6,2,1012,86,1.556351,62,252,1501.21167,76.483536,2,1,899.54,0.002,52715.84722,0.0,255,1922559137,3053094059,255,3.624389,2.864624,0.759765,169,43,0,0,1,3,2,1,1,1,0,0,0,1,4,0,Normal,0,1
70212,5.073088,tcp,-,CON,6,2,1012,86,1.37983,62,252,1330.944702,67.808792,2,1,1014.6176,0.009,51614.16514,0.0,255,3497911371,1504401733,255,3.014676,1.264046,1.75063,169,43,0,0,1,3,1,1,1,1,0,0,0,2,2,0,Normal,0,1
70216,2.937311,tcp,-,CON,6,2,1012,86,2.383132,62,252,2298.701172,117.113922,2,1,587.4622,0.003,32073.19405,0.0,255,2997770021,3090876497,255,2.113361,0.531727,1.581634,169,43,0,0,2,3,1,1,1,1,0,0,0,1,2,0,Normal,0,1
70222,4.460499,tcp,-,CON,6,2,1012,86,1.569331,62,252,1513.732056,77.121422,2,1,892.0998,0.007,53877.26803,0.0,255,1348628944,1247361993,255,3.741829,3.156133,0.585696,169,43,0,0,2,3,2,1,1,1,0,0,0,2,3,0,Normal,0,1
70241,3.786002,tcp,-,CON,6,2,1012,86,1.848916,62,252,1783.411621,90.861023,2,1,757.2004,0.009,41933.43205,0.0,255,2470472421,2084550176,255,2.795225,2.241945,0.55328,169,43,0,0,3,3,1,1,1,1,0,0,0,1,2,0,Normal,0,1
70246,4.012594,tcp,-,CON,6,2,1012,86,1.744507,62,252,1682.701904,85.730072,2,1,802.5188,0.009,41328.63307,0.0,255,3371522697,2720679515,255,2.502833,2.187869,0.314964,169,43,0,0,2,3,2,1,1,1,0,0,0,2,3,0,Normal,0,1
70254,3.151058,tcp,-,CON,6,2,1012,86,2.221476,62,252,2142.772461,109.169685,2,1,630.2116,0.007,41316.91922,0.0,255,491138964,4229266648,255,2.912094,2.619885,0.292209,169,43,0,0,3,3,1,1,1,1,0,0,0,1,2,0,Normal,0,1
70255,0.0,arp,-,INT,1,0,46,0,0.0,0,0,0.0,0.0,0,0,60000.744,0.0,0.0,0.0,0,0,0,0,0.0,0.0,0.0,46,0,0,0,1,2,1,1,1,1,0,0,0,1,1,1,Normal,0,1
70256,0.0,arp,-,INT,1,0,46,0,0.0,0,0,0.0,0.0,0,0,60000.744,0.0,10.95452,0.0,0,0,0,0,0.0,0.0,0.0,46,0,0,0,1,2,1,1,1,1,0,0,0,1,1,1,Normal,0,1
70262,2.521422,tcp,-,CON,6,2,1012,86,2.776211,62,252,2677.854004,136.430954,2,1,504.2844,0.007,25529.92118,0.0,255,3482614971,963884211,255,1.058899,0.62692,0.431979,169,43,0,0,2,3,2,1,1,1,0,0,0,3,3,0,Normal,0,1
70264,3.166739,tcp,-,CON,6,2,1012,86,2.210476,62,252,2132.161865,108.629097,2,1,633.3478,0.002,40725.02025,0.0,255,3928411062,2382575478,255,2.864097,1.644508,1.219589,169,43,0,0,1,3,2,1,1,1,0,0,0,1,3,0,Normal,0,1
70297,1.398583,tcp,-,CON,6,2,1012,86,5.005066,62,252,4827.743164,245.963226,2,1,279.7166,0.004,14010.73233,0.0,255,374299245,3495521907,255,0.74345,0.490295,0.253155,169,43,0,0,4,3,3,2,2,2,0,0,0,2,4,0,Normal,0,1
70299,1.398583,tcp,-,CON,6,2,1012,86,5.005066,62,252,4827.743164,245.963226,2,1,279.7166,0.004,14010.73233,0.0,255,374299245,3495521907,255,0.74345,0.490295,0.253155,169,43,0,0,4,3,3,2,2,2,0,0,0,2,4,0,Normal,0,1
70302,1.697864,tcp,-,CON,6,2,1012,86,4.122827,62,252,3976.76123,202.607498,2,1,339.5728,0.006,22172.11756,0.0,255,2864688698,2789666707,255,1.562097,1.248292,0.313805,169,43,0,0,2,3,1,1,1,1,0,0,0,1,2,0,Normal,0,1
70315,2.319849,tcp,-,CON,6,2,1012,86,3.017438,62,252,2910.53418,148.285507,2,1,463.9698,0.004,31097.48626,0.0,255,2821697120,1999421371,255,2.195657,1.186287,1.00937,169,43,0,0,3,3,4,1,1,1,0,0,0,2,5,0,Normal,0,1
70350,0.0,arp,-,INT,1,0,46,0,0.0,0,0,0.0,0.0,0,0,60000.712,0.0,10.954517,0.0,0,0,0,0,0.0,0.0,0.0,46,0,0,0,1,2,1,1,1,1,0,0,0,1,1,1,Normal,0,1
70351,0.0,arp,-,INT,1,0,46,0,0.0,0,0,0.0,0.0,0,0,60000.712,0.0,0.0,0.0,0,0,0,0,0.0,0.0,0.0,46,0,0,0,1,2,1,1,1,1,0,0,0,1,1,1,Normal,0,1
70397,3.684055,tcp,-,FIN,112,22,135669,956,36.101523,254,252,291978.25,1982.5979,53,1,32.90235,173.278375,5297.118025,327.794094,255,1887930198,4094585032,255,0.103931,0.045203,0.058728,1211,43,0,0,1,1,3,1,1,1,0,0,0,1,2,0,Normal,0,1
70400,1.533272,tcp,-,FIN,112,20,135669,870,85.438199,254,252,701548.0625,4314.955078,53,1,13.621469,76.508844,1400.993839,91.454672,255,1868311520,2128368750,255,0.124669,0.079595,0.045074,1211,44,0,0,2,1,1,1,1,1,0,0,0,18,2,0,Normal,0,1
70402,1.725815,tcp,-,FIN,112,22,135669,956,77.065036,254,252,623278.8125,4232.203125,53,1,15.540595,78.258813,1618.870523,95.752273,255,1756564590,4135422451,255,0.174407,0.082379,0.092028,1211,43,0,0,3,1,1,1,1,2,0,0,0,2,4,0,Normal,0,1
70404,2.128959,tcp,-,FIN,110,24,135584,1042,62.471848,254,252,504855.2188,3753.94751,52,1,19.112147,89.409867,2006.260785,114.367922,255,2927691725,4163939917,255,0.159017,0.072523,0.086494,1233,43,0,0,3,1,2,1,1,2,0,0,0,20,4,0,Normal,0,1
70409,2.194783,tcp,-,FIN,112,22,135669,956,60.598247,254,252,490100.4063,3327.891602,53,1,19.533054,99.330523,2371.285811,169.199641,255,668838867,478396618,255,0.203697,0.108833,0.094864,1211,43,0,0,1,1,1,1,1,1,0,0,0,1,1,0,Normal,0,1
70410,0.0,arp,-,INT,1,0,46,0,0.0,0,0,0.0,0.0,0,0,60000.704,0.0,10.954516,0.0,0,0,0,0,0.0,0.0,0.0,46,0,0,0,1,2,1,1,1,1,0,0,0,1,1,1,Normal,0,1
70411,0.0,arp,-,INT,1,0,46,0,0.0,0,0,0.0,0.0,0,0,60000.704,0.0,15.492024,0.0,0,0,0,0,0.0,0.0,0.0,46,0,0,0,1,2,1,1,1,1,0,0,0,1,1,1,Normal,0,1
70414,1.993734,tcp,-,FIN,108,22,135499,956,64.702714,254,252,538667.625,3663.477783,51,1,18.441215,86.736953,1904.23131,106.527781,255,2774993775,1359943174,255,0.243231,0.172253,0.070978,1255,43,0,0,2,1,1,1,1,2,0,0,0,1,3,0,Normal,0,1
70431,1.361794,tcp,-,FIN,34,10,34230,440,31.575995,254,252,195177.8281,2326.343018,25,0,933.508942,3174.33125,165127.5422,9150.838,255,775458264,3247610918,255,0.100919,0.037995,0.062924,1007,44,0,0,4,1,3,3,3,4,0,0,0,3,4,0,Normal,0,1
70432,1.361794,tcp,-,FIN,34,10,34230,440,31.575995,254,252,195177.8281,2326.343018,25,0,933.508942,3174.33125,165127.5422,9150.838,255,775458264,3247610918,255,0.100919,0.037995,0.062924,1007,44,0,0,4,1,3,3,3,4,0,0,0,3,4,0,Normal,0,1
70434,1.361794,tcp,-,FIN,34,10,34230,440,31.575995,254,252,195177.8281,2326.343018,25,0,933.508942,3174.33125,165127.5422,9150.838,255,775458264,3247610918,255,0.100919,0.037995,0.062924,1007,44,0,0,4,1,3,3,3,4,0,0,0,3,4,0,Normal,0,1
70437,1.312017,tcp,-,FIN,34,10,34230,440,32.773966,254,252,202582.75,2414.603027,14,1,36.673789,119.577781,3325.343562,186.323625,255,2325670432,4277237487,255,0.290907,0.235808,0.055099,1007,44,0,0,1,1,1,1,1,1,0,0,0,18,2,0,Normal,0,1
70461,42.148811,tcp,-,FIN,24,14,9868,622,0.877842,254,252,1794.973511,109.706535,8,1,1830.258739,3236.636,271431.6439,10971.762,255,625445199,2106199782,255,0.146627,0.072536,0.074091,411,44,0,0,6,1,3,2,2,5,0,0,0,2,6,0,Normal,0,1
70462,42.148811,tcp,-,FIN,24,14,9868,622,0.877842,254,252,1794.973511,109.706535,8,1,1830.258739,3236.636,271431.6439,10971.762,255,625445199,2106199782,255,0.146627,0.072536,0.074091,411,44,0,0,6,1,3,2,2,5,0,0,0,2,6,0,Normal,0,1
70472,32.175533,tcp,-,FIN,22,12,5692,536,1.025624,254,252,1351.088745,122.328972,10,1,1529.309905,2921.59375,216453.33,9015.276,255,775457978,3247610918,255,0.100919,0.037995,0.062924,259,45,0,0,6,1,5,4,3,5,0,0,0,22,7,0,Normal,0,1
70474,32.175533,tcp,-,FIN,22,12,5692,536,1.025624,254,252,1351.088745,122.328972,10,1,1529.309905,2921.59375,216453.33,9015.276,255,775457978,3247610918,255,0.100919,0.037995,0.062924,259,45,0,0,6,1,5,4,3,5,0,0,0,22,7,0,Normal,0,1
70475,32.175533,tcp,-,FIN,22,12,5692,536,1.025624,254,252,1351.088745,122.328972,10,1,1529.309905,2921.59375,216453.33,9015.276,255,775457978,3247610918,255,0.100919,0.037995,0.062924,259,45,0,0,6,1,5,4,3,5,0,0,0,22,7,0,Normal,0,1
70536,59.999989,arp,-,INT,2,0,92,0,0.016667,0,0,6.133335,0.0,0,0,60000.704,0.0,0.0,0.0,0,0,0,0,0.0,0.0,0.0,46,0,0,0,1,2,1,1,1,1,0,0,0,1,1,1,Normal,0,1
70537,59.999989,arp,-,INT,2,0,92,0,0.016667,0,0,6.133335,0.0,0,0,60000.704,0.0,0.0,0.0,0,0,0,0,0.0,0.0,0.0,46,0,0,0,1,2,1,1,1,1,0,0,0,1,1,1,Normal,0,1
70587,39.231682,tcp,-,FIN,20,14,1068,622,0.841157,254,252,206.975571,117.863922,6,1,2064.786474,3012.65175,271276.2296,9949.634,255,3604952211,4216563969,255,0.121023,0.067205,0.053818,53,44,0,0,5,1,3,3,3,4,0,0,0,3,4,0,Normal,0,1
70588,39.231682,tcp,-,FIN,20,14,1068,622,0.841157,254,252,206.975571,117.863922,6,1,2064.786474,3012.65175,271276.2296,9949.634,255,3604952211,4216563969,255,0.121023,0.067205,0.053818,53,44,0,0,5,1,3,3,3,4,0,0,0,3,4,0,Normal,0,1
70589,39.231682,tcp,-,FIN,20,14,1068,622,0.841157,254,252,206.975571,117.863922,6,1,2064.786474,3012.65175,271276.2296,9949.634,255,3604952211,4216563969,255,0.121023,0.067205,0.053818,53,44,0,0,5,1,3,3,3,4,0,0,0,3,4,0,Normal,0,1
70614,0.0,arp,-,INT,1,0,46,0,0.0,0,0,0.0,0.0,0,0,60000.716,0.0,0.0,0.0,0,0,0,0,0.0,0.0,0.0,46,0,0,0,1,2,1,1,1,1,0,0,0,1,2,1,Normal,0,1
70615,0.0,arp,-,INT,1,0,46,0,0.0,0,0,0.0,0.0,0,0,60000.712,0.0,0.0,0.0,0,0,0,0,0.0,0.0,0.0,46,0,0,0,1,2,1,1,1,1,0,0,0,1,1,1,Normal,0,1
70671,0.0,arp,-,INT,1,0,46,0,0.0,0,0,0.0,0.0,0,0,60000.704,0.0,10.954516,0.0,0,0,0,0,0.0,0.0,0.0,46,0,0,0,1,2,1,1,1,1,0,0,0,1,1,1,Normal,0,1
70672,0.0,arp,-,INT,1,0,46,0,0.0,0,0,0.0,0.0,0,0,60000.708,0.0,10.954516,0.0,0,0,0,0,0.0,0.0,0.0,46,0,0,0,1,2,1,1,1,1,0,0,0,1,1,1,Normal,0,1
70708,0.0,arp,-,INT,1,0,46,0,0.0,0,0,0.0,0.0,0,0,60000.728,0.0,10.954518,0.0,0,0,0,0,0.0,0.0,0.0,46,0,0,0,1,2,1,1,1,1,0,0,0,1,1,1,Normal,0,1
70717,3.813631,tcp,-,FIN,116,30,135936,1452,38.021507,254,252,282701.7188,2945.224609,55,4,33.161147,128.496555,4048.875442,242.463562,255,2781740209,712954268,255,0.194982,0.087222,0.10776,1172,48,0,0,1,1,1,1,1,1,0,0,0,1,1,0,Normal,0,1
70723,2.606471,tcp,-,FIN,118,26,136020,1280,54.863452,254,252,413948.1875,3778.288574,55,4,22.469578,100.06332,2319.381949,159.839172,255,3677374623,2262820376,255,0.163946,0.085016,0.07893,1153,49,0,0,1,1,1,1,1,1,0,0,0,1,1,0,Normal,0,1
70729,2.846909,tcp,-,FIN,112,20,138237,870,46.014817,254,252,384987.375,2323.923828,53,1,25.638703,142.880109,3595.870708,269.232281,255,2837609620,2763578712,255,0.191893,0.132182,0.059711,1234,44,0,0,3,1,2,1,1,1,0,0,0,2,1,0,Normal,0,1
70756,0.0,arp,-,INT,1,0,46,0,0.0,0,0,0.0,0.0,0,0,60000.704,0.0,0.0,0.0,0,0,0,0,0.0,0.0,0.0,46,0,0,0,1,2,1,1,1,1,0,0,0,1,1,1,Normal,0,1
70757,0.0,arp,-,INT,1,0,46,0,0.0,0,0,0.0,0.0,0,0,60000.7,0.0,10.954515,0.0,0,0,0,0,0.0,0.0,0.0,46,0,0,0,1,2,1,1,1,1,0,0,0,1,1,1,Normal,0,1
70803,1.827988,tcp,-,FIN,10,10,608,646,10.393941,254,252,2398.265137,2547.062744,1,2,8127.2595,8127.2025,794497.7379,23802.79,255,1113235953,446714515,255,0.153236,0.104279,0.048957,61,65,0,0,2,1,2,2,2,2,0,0,0,3,2,0,Normal,0,1
70804,1.827988,tcp,-,FIN,10,10,608,646,10.393941,254,252,2398.265137,2547.062744,1,2,8127.2595,8127.2025,794497.7379,23802.79,255,1113235953,446714515,255,0.153236,0.104279,0.048957,61,65,0,0,2,1,2,2,2,2,0,0,0,3,2,0,Normal,0,1
70805,46.52314,tcp,-,FIN,22,14,6274,622,0.752314,254,252,1029.853149,99.391403,10,1,2211.667569,3573.35475,310330.9538,11983.385,255,2352614696,496525248,255,0.174606,0.069516,0.10509,285,44,0,0,4,1,3,2,2,4,0,0,0,2,5,0,Normal,0,1
70806,46.52314,tcp,-,FIN,22,14,6274,622,0.752314,254,252,1029.853149,99.391403,10,1,2211.667569,3573.35475,310330.9538,11983.385,255,2352614696,496525248,255,0.174606,0.069516,0.10509,285,44,0,0,4,1,3,2,2,4,0,0,0,2,5,0,Normal,0,1
70847,0.0,arp,-,INT,1,0,46,0,0.0,0,0,0.0,0.0,0,0,60000.68,0.0,0.0,0.0,0,0,0,0,0.0,0.0,0.0,46,0,0,0,1,2,1,1,1,1,0,0,0,1,1,1,Normal,0,1
70848,0.0,arp,-,INT,1,0,46,0,0.0,0,0,0.0,0.0,0,0,60000.68,0.0,0.0,0.0,0,0,0,0,0.0,0.0,0.0,46,0,0,0,1,2,1,1,1,1,0,0,0,1,1,1,Normal,0,1
70885,1.798966,tcp,-,FIN,112,22,137209,956,73.931356,254,252,604720.6875,4060.109863,53,1,15.443351,82.238047,1621.12421,92.847836,255,1890706655,878954960,255,0.146438,0.071961,0.074477,1225,43,0,0,1,1,1,1,1,2,0,0,0,17,1,0,Normal,0,1
70920,0.0,arp,-,INT,1,0,46,0,0.0,0,0,0.0,0.0,0,0,60000.8,0.0,0.0,0.0,0,0,0,0,0.0,0.0,0.0,46,0,0,0,1,2,1,1,1,1,0,0,0,1,1,1,Normal,0,1
70921,0.0,arp,-,INT,1,0,46,0,0.0,0,0,0.0,0.0,0,0,60000.804,0.0,0.0,0.0,0,0,0,0,0.0,0.0,0.0,46,0,0,0,1,2,1,1,1,1,0,0,0,1,1,1,Normal,0,1
70924,39.015099,tcp,-,FIN,46,16,39052,708,1.563497,254,252,7833.685059,136.15242,29,1,866.519645,2598.77225,178223.7291,9424.836,255,552045810,1890428380,255,0.101742,0.033516,0.068226,849,44,0,0,3,1,3,2,2,3,0,0,0,14,4,0,Normal,0,1
70925,39.015099,tcp,-,FIN,46,16,39052,708,1.563497,254,252,7833.685059,136.15242,29,1,866.519645,2598.77225,178223.7291,9424.836,255,552045810,1890428380,255,0.101742,0.033516,0.068226,849,44,0,0,3,1,3,2,2,3,0,0,0,14,4,0,Normal,0,1
70926,39.015099,tcp,-,FIN,46,16,39052,708,1.563497,254,252,7833.685059,136.15242,29,1,866.519645,2598.77225,178223.7291,9424.836,255,552045810,1890428380,255,0.101742,0.033516,0.068226,849,44,0,0,3,1,1,1,1,3,0,0,0,7,3,0,Normal,0,1
71001,1.1239,tcp,ftp,FIN,14,12,738,682,22.243971,254,252,4882.996582,4455.912109,4,4,86.383767,95.995453,5399.147808,140.563016,255,1323216331,3990929091,255,0.131118,0.067944,0.063174,53,57,0,0,1,1,1,1,1,1,1,1,0,26,1,0,Normal,0,1
71002,1.703826,tcp,ftp,FIN,14,12,738,682,14.67286,254,252,3220.986328,2939.267334,4,4,131.063538,147.564906,8578.587029,262.978375,255,1914326311,1894858648,255,0.186462,0.079588,0.106874,53,57,0,0,1,1,1,1,1,1,1,1,0,17,1,0,Normal,0,1
71004,1.216223,tcp,ftp,FIN,14,14,738,768,22.199876,254,252,4512.330566,4696.507324,4,4,93.475459,89.138922,5739.957018,114.169102,255,3743517073,1167314225,255,0.100097,0.057412,0.042685,53,55,0,0,1,1,1,1,1,1,1,1,0,22,1,0,Normal,0,1
71008,1.872347,tcp,ftp,FIN,16,12,860,682,14.420404,254,252,3448.078857,2674.717773,4,4,119.935801,152.681906,6207.613791,185.321641,255,3474507253,500700355,255,0.285994,0.192836,0.093158,54,57,0,0,1,1,1,1,1,2,1,1,0,19,1,0,Normal,0,1
71011,1.115987,tcp,ftp,FIN,14,12,774,682,22.401696,254,252,5154.182129,4487.507812,4,4,84.226767,97.252273,4576.597462,134.250953,255,31797160,967562255,255,0.123986,0.046206,0.07778,55,57,0,0,2,1,1,1,1,2,1,1,0,26,2,0,Normal,0,1
71018,1.434999,tcp,ftp,FIN,14,14,798,768,18.815344,254,252,4131.013184,3980.490723,4,4,106.694536,97.539461,5945.407892,136.932453,255,3331567764,3396135045,255,0.266594,0.166976,0.099618,57,55,0,0,3,1,1,1,1,3,1,1,0,17,3,0,Normal,0,1
71020,0.0,arp,-,INT,1,0,46,0,0.0,0,0,0.0,0.0,0,0,60000.784,0.0,0.0,0.0,0,0,0,0,0.0,0.0,0.0,46,0,0,0,1,2,1,1,1,1,0,0,0,1,1,1,Normal,0,1
71021,0.0,arp,-,INT,1,0,46,0,0.0,0,0,0.0,0.0,0,0,60000.792,0.0,0.0,0.0,0,0,0,0,0.0,0.0,0.0,46,0,0,0,1,2,1,1,1,1,0,0,0,1,1,1,Normal,0,1
71079,0.0,arp,-,INT,1,0,46,0,0.0,0,0,0.0,0.0,0,0,60000.656,0.0,15.492019,0.0,0,0,0,0,0.0,0.0,0.0,46,0,0,0,1,2,1,1,1,1,0,0,0,1,1,1,Normal,0,1
71080,0.0,arp,-,INT,1,0,46,0,0.0,0,0,0.0,0.0,0,0,60000.652,0.0,0.0,0.0,0,0,0,0,0.0,0.0,0.0,46,0,0,0,1,2,1,1,1,1,0,0,0,1,1,1,Normal,0,1
71158,0.0,arp,-,INT,1,0,46,0,0.0,0,0,0.0,0.0,0,0,60000.72,0.0,15.492026,0.0,0,0,0,0,0.0,0.0,0.0,46,0,0,0,1,2,1,1,1,1,0,0,0,1,1,1,Normal,0,1
71163,0.586425,tcp,-,FIN,10,6,534,268,25.578718,254,252,6561.793945,3055.804199,1,0,11702.9445,19500.61,1164526.896,43380.892,255,3915782062,725014002,255,0.132596,0.067743,0.064853,53,45,0,0,4,1,3,3,2,4,0,0,0,3,4,0,Normal,0,1
71165,0.586425,tcp,-,FIN,10,6,534,268,25.578718,254,252,6561.793945,3055.804199,1,0,11702.9445,19500.61,1164526.896,43380.892,255,3915782062,725014002,255,0.132596,0.067743,0.064853,53,45,0,0,4,1,3,3,2,4,0,0,0,3,4,0,Normal,0,1
71219,0.0,arp,-,INT,1,0,46,0,0.0,0,0,0.0,0.0,0,0,60000.7,0.0,0.0,0.0,0,0,0,0,0.0,0.0,0.0,46,0,0,0,1,2,1,1,1,1,0,0,0,1,1,1,Normal,0,1
71220,0.0,arp,-,INT,1,0,46,0,0.0,0,0,0.0,0.0,0,0,60000.704,0.0,0.0,0.0,0,0,0,0,0.0,0.0,0.0,46,0,0,0,1,2,1,1,1,1,0,0,0,1,1,1,Normal,0,1
71251,49.122772,tcp,-,FIN,20,14,1176,622,0.671786,254,252,182.074417,94.131493,4,1,2584.528421,3773.9335,345143.8626,12666.939,255,4099283034,697893381,255,0.12704,0.06163,0.06541,59,44,0,0,3,1,2,2,2,3,0,0,0,2,3,0,Normal,0,1
71252,49.122772,tcp,-,FIN,20,14,1176,622,0.671786,254,252,182.074417,94.131493,4,1,2584.528421,3773.9335,345143.8626,12666.939,255,4099283034,697893381,255,0.12704,0.06163,0.06541,59,44,0,0,3,1,2,2,2,3,0,0,0,2,3,0,Normal,0,1
71253,54.269405,tcp,-,FIN,20,14,1176,622,0.608077,254,252,164.807404,85.204544,4,1,2853.626947,4170.79075,383743.6774,14100.674,255,821143869,3661906885,255,0.165948,0.049118,0.11683,59,44,0,0,1,1,1,1,1,1,0,0,0,1,1,0,Normal,0,1
71255,54.269405,tcp,-,FIN,20,14,1176,622,0.608077,254,252,164.807404,85.204544,4,1,2853.626947,4170.79075,383743.6774,14100.674,255,821143869,3661906885,255,0.165948,0.049118,0.11683,59,44,0,0,3,1,1,1,1,3,0,0,0,1,3,0,Normal,0,1
71284,0.640845,tcp,-,FIN,10,6,534,268,23.406596,254,252,6004.572266,2796.308105,1,0,11437.9074,19068.442,1137893.683,42404.536,255,156414290,3041484541,255,0.137331,0.081305,0.056026,53,45,0,0,5,1,2,2,2,5,0,0,0,3,5,0,Normal,0,1
71285,0.640845,tcp,-,FIN,10,6,534,268,23.406596,254,252,6004.572266,2796.308105,1,0,11437.9074,19068.442,1137893.683,42404.536,255,156414290,3041484541,255,0.137331,0.081305,0.056026,53,45,0,0,5,1,2,2,2,5,0,0,0,3,5,0,Normal,0,1
71294,0.0,arp,-,INT,1,0,46,0,0.0,0,0,0.0,0.0,0,0,60000.772,0.0,0.0,0.0,0,0,0,0,0.0,0.0,0.0,46,0,0,0,1,2,1,1,1,1,0,0,0,1,1,1,Normal,0,1
71295,0.0,arp,-,INT,1,0,46,0,0.0,0,0,0.0,0.0,0,0,60000.776,0.0,0.0,0.0,0,0,0,0,0.0,0.0,0.0,46,0,0,0,1,2,1,1,1,1,0,0,0,1,1,1,Normal,0,1
71317,0.746603,tcp,-,FIN,10,6,534,268,20.090999,254,252,5154.010742,2400.20459,1,0,10317.0009,17195.056,1024192.184,38144.884,255,2719518014,734201662,255,0.11446,0.049209,0.065251,53,45,0,0,2,1,2,2,2,2,0,0,0,2,2,0,Normal,0,1
71319,0.746603,tcp,-,FIN,10,6,534,268,20.090999,254,252,5154.010742,2400.20459,1,0,10317.0009,17195.056,1024192.184,38144.884,255,2719518014,734201662,255,0.11446,0.049209,0.065251,53,45,0,0,2,1,2,2,2,2,0,0,0,2,2,0,Normal,0,1
71332,15.618687,tcp,-,FIN,270,48,337320,2226,20.296201,254,252,172137.9063,1116.611206,131,4,58.062035,331.692375,23656.50246,1812.701625,255,2603132544,1919139643,255,0.097523,0.028505,0.069018,1249,46,0,0,1,1,1,1,1,1,0,0,0,1,1,0,Normal,0,1
71357,11.061232,tcp,-,FIN,268,52,337829,2398,28.839465,254,252,243422.4375,1701.076416,130,4,41.583578,214.640875,15012.34892,1100.849,255,2045144999,1577706405,255,0.166591,0.079808,0.086783,1261,46,0,0,1,1,1,1,1,1,0,0,0,1,1,0,Normal,0,1
71362,0.0,arp,-,INT,1,0,46,0,0.0,0,0,0.0,0.0,0,0,60000.636,0.0,10.954509,0.0,0,0,0,0,0.0,0.0,0.0,46,0,0,0,1,2,1,1,1,1,0,0,0,1,1,1,Normal,0,1
71363,0.0,arp,-,INT,1,0,46,0,0.0,0,0,0.0,0.0,0,0,60000.64,0.0,0.0,0.0,0,0,0,0,0.0,0.0,0.0,46,0,0,0,1,2,1,1,1,1,0,0,0,1,1,1,Normal,0,1
71402,0.629307,tcp,-,FIN,10,6,534,268,23.835744,254,252,6114.663086,2847.576904,2,0,7427.7178,12381.356,736843.2436,27427.682,255,2986219453,1899876189,255,0.136314,0.067172,0.069142,53,45,0,0,2,1,2,2,2,2,0,0,0,2,2,0,Normal,0,1
71403,0.629307,tcp,-,FIN,10,6,534,268,23.835744,254,252,6114.663086,2847.576904,2,0,7427.7178,12381.356,736843.2436,27427.682,255,2986219453,1899876189,255,0.136314,0.067172,0.069142,53,45,0,0,2,1,2,2,2,2,0,0,0,2,2,0,Normal,0,1
71411,0.820286,tcp,-,FIN,10,6,534,268,18.286306,254,252,4691.046875,2184.604004,2,0,7408.1911,12347.124,732785.1374,27284.066,255,2446477934,2249281527,255,0.073972,0.017778,0.056194,53,45,0,0,3,1,3,2,2,3,0,0,0,2,3,0,Normal,0,1
71412,0.820286,tcp,-,FIN,10,6,534,268,18.286306,254,252,4691.046875,2184.604004,2,0,7408.1911,12347.124,732785.1374,27284.066,255,2446477934,2249281527,255,0.073972,0.017778,0.056194,53,45,0,0,3,1,3,2,2,3,0,0,0,2,3,0,Normal,0,1
71417,0.0,arp,-,INT,1,0,46,0,0.0,0,0,0.0,0.0,0,0,60000.78,0.0,0.0,0.0,0,0,0,0,0.0,0.0,0.0,46,0,0,0,1,2,1,1,1,1,0,0,0,1,1,1,Normal,0,1
71418,0.0,arp,-,INT,1,0,46,0,0.0,0,0,0.0,0.0,0,0,60000.784,0.0,0.0,0.0,0,0,0,0,0.0,0.0,0.0,46,0,0,0,1,2,1,1,1,1,0,0,0,1,1,1,Normal,0,1
71459,0.0,arp,-,INT,1,0,46,0,0.0,0,0,0.0,0.0,0,0,60000.644,0.0,0.0,0.0,0,0,0,0,0.0,0.0,0.0,46,0,0,0,1,2,1,1,1,1,0,0,0,1,1,1,Normal,0,1
71461,0.0,arp,-,INT,1,0,46,0,0.0,0,0,0.0,0.0,0,0,60000.64,0.0,10.95451,0.0,0,0,0,0,0.0,0.0,0.0,46,0,0,0,1,2,1,1,1,1,0,0,0,1,1,1,Normal,0,1
71497,1.12953,tcp,-,FIN,16,10,3414,556,22.133101,254,252,22671.37695,3548.378662,4,4,7452.283564,11930.062,934209.4078,35441.156,255,122085130,3278726284,255,0.226533,0.140581,0.085952,213,56,0,0,5,1,2,2,2,5,0,0,0,3,5,0,Normal,0,1
71498,1.12953,tcp,-,FIN,16,10,3414,556,22.133101,254,252,22671.37695,3548.378662,4,4,7452.283564,11930.062,934209.4078,35441.156,255,122085130,3278726284,255,0.226533,0.140581,0.085952,213,56,0,0,5,1,2,2,2,5,0,0,0,3,5,0,Normal,0,1
71510,0.929427,tcp,-,FIN,14,12,3352,678,26.898292,254,252,26795.00391,5353.835938,6,6,7861.977712,9173.785,922365.3403,30161.476,255,3677167589,4191600505,255,0.147946,0.063378,0.084568,239,57,0,0,6,1,2,2,2,4,0,0,0,3,4,0,Normal,0,1
71511,0.929427,tcp,-,FIN,14,12,3352,678,26.898292,254,252,26795.00391,5353.835938,6,6,7861.977712,9173.785,922365.3403,30161.476,255,3677167589,4191600505,255,0.147946,0.063378,0.084568,239,57,0,0,6,1,2,2,2,4,0,0,0,3,4,0,Normal,0,1
71516,59.990108,arp,-,INT,2,0,92,0,0.016669,0,0,6.134345,0.0,0,0,60000.736,0.0,0.0,0.0,0,0,0,0,0.0,0.0,0.0,46,0,0,0,1,2,1,1,1,1,0,0,0,1,1,1,Normal,0,1
71517,59.990108,arp,-,INT,2,0,92,0,0.016669,0,0,6.134345,0.0,0,0,60000.736,0.0,7.274735,0.0,0,0,0,0,0.0,0.0,0.0,46,0,0,0,1,2,1,1,1,1,0,0,0,1,1,1,Normal,0,1
71545,1.430669,tcp,-,FIN,16,12,1208,642,18.87229,254,252,6335.498047,3293.564209,4,4,4790.569126,6390.6815,594832.6092,20790.126,255,2376694241,3958215745,255,0.200233,0.11857,0.081663,76,54,0,0,3,1,2,2,2,3,0,0,0,2,3,0,Normal,0,1
71546,1.430669,tcp,-,FIN,16,12,1208,642,18.87229,254,252,6335.498047,3293.564209,4,4,4790.569126,6390.6815,594832.6092,20790.126,255,2376694241,3958215745,255,0.200233,0.11857,0.081663,76,54,0,0,3,1,2,2,2,3,0,0,0,2,3,0,Normal,0,1
71562,0.752569,tcp,-,FIN,14,12,940,678,33.219544,254,252,9280.211914,6612.018066,6,6,7333.239427,8555.447,861293.2775,28169.27,255,3405857914,2916630277,255,0.132299,0.075138,0.057161,67,57,0,0,6,1,2,2,2,5,0,0,0,2,5,0,Normal,0,1
71563,0.752569,tcp,-,FIN,14,12,940,678,33.219544,254,252,9280.211914,6612.018066,6,6,7333.239427,8555.447,861293.2775,28169.27,255,3405857914,2916630277,255,0.132299,0.075138,0.057161,67,57,0,0,6,1,2,2,2,5,0,0,0,2,5,0,Normal,0,1
71615,53.117905,tcp,-,FIN,28,24,1642,1356,0.960128,254,252,238.563629,195.790863,10,10,1967.326076,2304.7975,310773.4799,10408.376,255,189876001,1271203873,255,0.164323,0.107565,0.056758,59,57,0,0,5,1,2,2,2,5,0,0,0,2,5,0,Normal,0,1
71616,53.117905,tcp,-,FIN,28,24,1642,1356,0.960128,254,252,238.563629,195.790863,10,10,1967.326076,2304.7975,310773.4799,10408.376,255,189876001,1271203873,255,0.164323,0.107565,0.056758,59,57,0,0,5,1,2,2,2,5,0,0,0,2,5,0,Normal,0,1
71621,0.0,arp,-,INT,1,0,46,0,0.0,0,0,0.0,0.0,0,0,60000.672,0.0,0.0,0.0,0,0,0,0,0.0,0.0,0.0,46,0,0,0,1,2,1,1,1,1,0,0,0,1,1,1,Normal,0,1
71622,0.0,arp,-,INT,1,0,46,0,0.0,0,0,0.0,0.0,0,0,60000.672,0.0,0.0,0.0,0,0,0,0,0.0,0.0,0.0,46,0,0,0,1,2,1,1,1,1,0,0,0,1,1,1,Normal,0,1
71671,1.744937,tcp,ftp,FIN,64,20,68216,1026,47.566189,254,252,307866.7188,4470.075684,29,4,27.371302,86.353898,2675.164823,123.920133,255,335198304,1129470132,255,0.193716,0.104205,0.089511,1066,51,0,0,2,1,2,1,1,3,1,1,0,1,2,0,Normal,0,1
71675,1.992925,tcp,ftp,FIN,64,20,68216,1026,41.647326,254,252,269557.5625,3913.845215,29,4,31.617366,99.749687,2818.129775,114.135336,255,700709341,1159454009,255,0.140767,0.097673,0.043094,1066,51,0,0,2,1,2,1,1,2,1,1,0,1,2,0,Normal,0,1
71678,0.0,arp,-,INT,1,0,46,0,0.0,0,0,0.0,0.0,0,0,60000.752,0.0,0.0,0.0,0,0,0,0,0.0,0.0,0.0,46,0,0,0,1,2,1,1,1,1,0,0,0,1,1,1,Normal,0,1
71679,0.0,arp,-,INT,1,0,46,0,0.0,0,0,0.0,0.0,0,0,60000.752,0.0,15.49203,0.0,0,0,0,0,0.0,0.0,0.0,46,0,0,0,1,2,1,1,1,1,0,0,0,1,1,1,Normal,0,1
71680,1.361755,tcp,ftp,FIN,64,20,68216,1026,60.950758,254,252,394496.8125,5727.902344,29,4,21.246239,68.028633,1908.469075,81.703742,255,2068641992,394028574,255,0.132269,0.069204,0.063065,1066,51,0,0,2,1,1,1,1,2,1,1,0,1,2,0,Normal,0,1
71684,1.355084,tcp,ftp,FIN,64,20,68216,1026,61.250818,254,252,396438.9063,5756.101074,29,4,20.954127,69.980523,1894.545596,78.285461,255,1598657215,2663848029,255,0.087013,0.025445,0.061568,1066,51,0,0,4,1,2,1,1,4,1,1,0,1,4,0,Normal,0,1
71685,1.643373,tcp,ftp,FIN,64,20,68216,1026,50.50588,254,252,326893.5313,4746.335938,29,4,26.085286,83.041,3029.30941,159.029266,255,2162572795,2163912139,255,0.151799,0.054077,0.097722,1066,51,0,0,4,1,3,1,1,4,1,1,0,1,4,0,Normal,0,1
71723,0.0,arp,-,INT,1,0,46,0,0.0,0,0,0.0,0.0,0,0,60000.632,0.0,0.0,0.0,0,0,0,0,0.0,0.0,0.0,46,0,0,0,1,2,1,1,1,1,0,0,0,1,1,1,Normal,0,1
71724,0.0,arp,-,INT,1,0,46,0,0.0,0,0,0.0,0.0,0,0,60000.604,0.0,10.954506,0.0,0,0,0,0,0.0,0.0,0.0,46,0,0,0,1,2,1,1,1,1,0,0,0,1,1,1,Normal,0,1
71729,0.0,arp,-,INT,1,0,46,0,0.0,0,0,0.0,0.0,0,0,60000.68,0.0,15.492021,0.0,0,0,0,0,0.0,0.0,0.0,46,0,0,0,1,2,1,1,1,1,0,0,0,1,1,1,Normal,0,1
71730,0.0,arp,-,INT,1,0,46,0,0.0,0,0,0.0,0.0,0,0,60000.704,0.0,0.0,0.0,0,0,0,0,0.0,0.0,0.0,46,0,0,0,1,2,1,1,1,1,0,0,0,1,1,1,Normal,0,1
71759,0.0,arp,-,INT,1,0,46,0,0.0,0,0,0.0,0.0,0,0,60000.748,0.0,10.95452,0.0,0,0,0,0,0.0,0.0,0.0,46,0,0,0,1,2,1,1,1,1,0,0,0,1,1,1,Normal,0,1
71760,0.0,arp,-,INT,1,0,46,0,0.0,0,0,0.0,0.0,0,0,60000.752,0.0,0.0,0.0,0,0,0,0,0.0,0.0,0.0,46,0,0,0,1,2,1,1,1,1,0,0,0,1,1,1,Normal,0,1
71761,0.0,arp,-,INT,1,0,46,0,0.0,0,0,0.0,0.0,0,0,60000.736,0.0,0.0,0.0,0,0,0,0,0.0,0.0,0.0,46,0,0,0,1,2,1,1,1,1,0,0,0,1,1,1,Normal,0,1
71762,0.0,arp,-,INT,1,0,46,0,0.0,0,0,0.0,0.0,0,0,60000.736,0.0,0.0,0.0,0,0,0,0,0.0,0.0,0.0,46,0,0,0,1,2,1,1,1,1,0,0,0,1,1,1,Normal,0,1
71827,15.813631,udp,-,INT,4,0,2130,0,0.18971,254,0,808.416504,0.0,0,0,5271.2105,0.0,7454.607,0.0,0,0,0,0,0.0,0.0,0.0,533,0,0,0,32,2,11,11,1,31,0,0,0,12,31,0,Normal,0,1
71955,0.0,arp,-,INT,1,0,46,0,0.0,0,0,0.0,0.0,0,0,60000.7,0.0,0.0,0.0,0,0,0,0,0.0,0.0,0.0,46,0,0,0,1,2,1,1,1,1,0,0,0,1,1,1,Normal,0,1
71956,0.0,arp,-,INT,1,0,46,0,0.0,0,0,0.0,0.0,0,0,60000.7,0.0,0.0,0.0,0,0,0,0,0.0,0.0,0.0,46,0,0,0,1,2,1,1,1,1,0,0,0,1,1,1,Normal,0,1
71957,0.0,arp,-,INT,1,0,46,0,0.0,0,0,0.0,0.0,0,0,60000.704,0.0,15.492024,0.0,0,0,0,0,0.0,0.0,0.0,46,0,0,0,1,2,1,1,1,1,0,0,0,1,1,1,Normal,0,1
71958,0.0,arp,-,INT,1,0,46,0,0.0,0,0,0.0,0.0,0,0,60000.704,0.0,10.954516,0.0,0,0,0,0,0.0,0.0,0.0,46,0,0,0,1,2,1,1,1,1,0,0,0,1,1,1,Normal,0,1
71980,0.0,arp,-,INT,1,0,46,0,0.0,0,0,0.0,0.0,0,0,60000.716,0.0,0.0,0.0,0,0,0,0,0.0,0.0,0.0,46,0,0,0,1,2,1,1,1,1,0,0,0,1,1,1,Normal,0,1
71981,0.0,arp,-,INT,1,0,46,0,0.0,0,0,0.0,0.0,0,0,60000.716,0.0,0.0,0.0,0,0,0,0,0.0,0.0,0.0,46,0,0,0,1,2,1,1,1,1,0,0,0,1,1,1,Normal,0,1
72037,0.0,arp,-,INT,1,0,46,0,0.0,0,0,0.0,0.0,0,0,60000.704,0.0,15.492024,0.0,0,0,0,0,0.0,0.0,0.0,46,0,0,0,1,2,1,1,1,1,0,0,0,1,1,1,Normal,0,1
72038,0.0,arp,-,INT,1,0,46,0,0.0,0,0,0.0,0.0,0,0,60000.704,0.0,15.492024,0.0,0,0,0,0,0.0,0.0,0.0,46,0,0,0,1,2,1,1,1,1,0,0,0,1,1,1,Normal,0,1
72039,0.0,arp,-,INT,1,0,46,0,0.0,0,0,0.0,0.0,0,0,60000.768,0.0,0.0,0.0,0,0,0,0,0.0,0.0,0.0,46,0,0,0,1,2,1,1,1,1,0,0,0,1,1,1,Normal,0,1
72040,0.0,arp,-,INT,1,0,46,0,0.0,0,0,0.0,0.0,0,0,60000.768,0.0,0.0,0.0,0,0,0,0,0.0,0.0,0.0,46,0,0,0,1,2,1,1,1,1,0,0,0,1,1,1,Normal,0,1
72046,47.306137,tcp,-,FIN,20,12,3224,536,0.655306,254,252,517.987732,83.202736,4,1,2488.815158,4298.923,339577.2984,13459.801,255,2515380713,2487835945,255,0.03803,0.017983,0.020047,161,45,0,0,7,1,2,2,2,6,0,0,0,2,6,0,Normal,0,1
72047,47.306137,tcp,-,FIN,20,12,3224,536,0.655306,254,252,517.987732,83.202736,4,1,2488.815158,4298.923,339577.2984,13459.801,255,2515380713,2487835945,255,0.03803,0.017983,0.020047,161,45,0,0,7,1,2,2,2,6,0,0,0,2,6,0,Normal,0,1
72083,0.0,arp,-,INT,1,0,46,0,0.0,0,0,0.0,0.0,0,0,60000.672,0.0,0.0,0.0,0,0,0,0,0.0,0.0,0.0,46,0,0,0,1,2,1,1,1,1,0,0,0,1,1,1,Normal,0,1
72084,0.0,arp,-,INT,1,0,46,0,0.0,0,0,0.0,0.0,0,0,60000.672,0.0,0.0,0.0,0,0,0,0,0.0,0.0,0.0,46,0,0,0,1,2,1,1,1,1,0,0,0,1,1,1,Normal,0,1
72090,0.0,arp,-,INT,1,0,46,0,0.0,0,0,0.0,0.0,0,0,60009.992,0.0,0.0,0.0,0,0,0,0,0.0,0.0,0.0,46,0,0,0,1,2,1,1,1,1,0,0,0,1,2,1,Normal,0,1
72091,0.0,arp,-,INT,1,0,46,0,0.0,0,0,0.0,0.0,0,0,60009.992,0.0,0.0,0.0,0,0,0,0,0.0,0.0,0.0,46,0,0,0,1,2,1,1,1,1,0,0,0,1,1,1,Normal,0,1
72144,0.0,arp,-,INT,1,0,46,0,0.0,0,0,0.0,0.0,0,0,60000.704,0.0,0.0,0.0,0,0,0,0,0.0,0.0,0.0,46,0,0,0,1,2,1,1,1,1,0,0,0,1,1,1,Normal,0,1
72145,0.0,arp,-,INT,1,0,46,0,0.0,0,0,0.0,0.0,0,0,60000.704,0.0,0.0,0.0,0,0,0,0,0.0,0.0,0.0,46,0,0,0,1,2,1,1,1,1,0,0,0,1,1,1,Normal,0,1
72146,0.0,arp,-,INT,1,0,46,0,0.0,0,0,0.0,0.0,0,0,60000.7,0.0,10.954515,0.0,0,0,0,0,0.0,0.0,0.0,46,0,0,0,1,2,1,1,1,1,0,0,0,1,1,1,Normal,0,1
72147,0.0,arp,-,INT,1,0,46,0,0.0,0,0,0.0,0.0,0,0,60000.696,0.0,15.492023,0.0,0,0,0,0,0.0,0.0,0.0,46,0,0,0,1,2,1,1,1,1,0,0,0,1,1,1,Normal,0,1
72148,0.0,arp,-,INT,1,0,46,0,0.0,0,0,0.0,0.0,0,0,60000.8,0.0,0.0,0.0,0,0,0,0,0.0,0.0,0.0,46,0,0,0,1,2,1,1,1,1,0,0,0,1,1,1,Normal,0,1
72149,0.0,arp,-,INT,1,0,46,0,0.0,0,0,0.0,0.0,0,0,60000.812,0.0,0.0,0.0,0,0,0,0,0.0,0.0,0.0,46,0,0,0,1,2,1,1,1,1,0,0,0,1,1,1,Normal,0,1
72151,0.0,arp,-,INT,1,0,46,0,0.0,0,0,0.0,0.0,0,0,60000.664,0.0,0.0,0.0,0,0,0,0,0.0,0.0,0.0,46,0,0,0,1,2,1,1,1,1,0,0,0,1,1,1,Normal,0,1
72152,0.0,arp,-,INT,1,0,46,0,0.0,0,0,0.0,0.0,0,0,60000.656,0.0,10.954511,0.0,0,0,0,0,0.0,0.0,0.0,46,0,0,0,1,2,1,1,1,1,0,0,0,1,1,1,Normal,0,1
72160,0.0,arp,-,INT,1,0,46,0,0.0,0,0,0.0,0.0,0,0,60000.728,0.0,15.492027,0.0,0,0,0,0,0.0,0.0,0.0,46,0,0,0,1,2,1,1,1,1,0,0,0,1,1,1,Normal,0,1
72194,0.0,arp,-,INT,1,0,46,0,0.0,0,0,0.0,0.0,0,0,60000.68,0.0,0.0,0.0,0,0,0,0,0.0,0.0,0.0,46,0,0,0,1,2,1,1,1,1,0,0,0,1,1,1,Normal,0,1
72195,0.0,arp,-,INT,1,0,46,0,0.0,0,0,0.0,0.0,0,0,60000.516,0.0,0.0,0.0,0,0,0,0,0.0,0.0,0.0,46,0,0,0,1,2,1,1,1,1,0,0,0,1,1,1,Normal,0,1
72197,0.0,arp,-,INT,1,0,46,0,0.0,0,0,0.0,0.0,0,0,60000.892,0.0,0.0,0.0,0,0,0,0,0.0,0.0,0.0,46,0,0,0,1,2,1,1,1,1,0,0,0,1,1,1,Normal,0,1
72203,0.0,arp,-,INT,1,0,46,0,0.0,0,0,0.0,0.0,0,0,60000.76,0.0,15.492031,0.0,0,0,0,0,0.0,0.0,0.0,46,0,0,0,1,2,1,1,1,1,0,0,0,1,1,1,Normal,0,1
72204,0.0,arp,-,INT,1,0,46,0,0.0,0,0,0.0,0.0,0,0,60000.768,0.0,0.0,0.0,0,0,0,0,0.0,0.0,0.0,46,0,0,0,1,2,1,1,1,1,0,0,0,1,1,1,Normal,0,1
72222,0.58415,tcp,-,FIN,10,8,640,354,29.102113,254,252,7888.384766,4245.484863,2,0,8799.0904,10986.235,874178.533,28869.266,255,552067275,2111400163,255,0.13761,0.09858,0.03903,64,44,0,0,9,1,3,3,2,9,0,0,0,3,9,0,Normal,0,1
72223,0.58415,tcp,-,FIN,10,8,640,354,29.102113,254,252,7888.384766,4245.484863,2,0,8799.0904,10986.235,874178.533,28869.266,255,552067275,2111400163,255,0.13761,0.09858,0.03903,64,44,0,0,9,1,3,3,2,9,0,0,0,3,9,0,Normal,0,1
72272,0.683291,tcp,-,FIN,10,6,582,268,21.952579,254,252,6135.01416,2622.601318,2,0,7922.7143,13200.136,785416.5269,29274.78,255,2817885728,4014127149,255,0.189052,0.078898,0.110154,58,45,0,0,8,1,3,3,3,8,0,0,0,3,8,0,Normal,0,1
72273,0.683291,tcp,-,FIN,10,6,582,268,21.952579,254,252,6135.01416,2622.601318,2,0,7922.7143,13200.136,785416.5269,29274.78,255,2817885728,4014127149,255,0.189052,0.078898,0.110154,58,45,0,0,8,1,3,3,3,8,0,0,0,3,8,0,Normal,0,1
72276,0.683291,tcp,-,FIN,10,6,582,268,21.952579,254,252,6135.01416,2622.601318,2,0,7922.7143,13200.136,785416.5269,29274.78,255,2817885728,4014127149,255,0.189052,0.078898,0.110154,58,45,0,0,8,1,3,3,3,8,0,0,0,3,8,0,Normal,0,1
72305,0.328171,tcp,-,FIN,10,6,608,268,45.707876,254,252,13358.88867,5460.567383,1,0,7622.553,12693.843,758937.1336,28271.894,255,780730758,3994019061,255,0.135593,0.064146,0.071447,61,45,0,0,6,1,3,3,2,5,0,0,0,3,5,0,Normal,0,1
72307,0.328171,tcp,-,FIN,10,6,608,268,45.707876,254,252,13358.88867,5460.567383,1,0,7622.553,12693.843,758937.1336,28271.894,255,780730758,3994019061,255,0.135593,0.064146,0.071447,61,45,0,0,6,1,3,3,2,5,0,0,0,3,5,0,Normal,0,1
72317,0.508629,tcp,-,FIN,10,6,624,268,29.491042,254,252,8839.448242,3523.196533,2,0,7553.9985,12586.047,750687.9941,27936.238,255,4247903078,392690452,255,0.157816,0.078028,0.079788,62,45,0,0,9,1,4,4,3,9,0,0,0,4,9,0,Normal,0,1
72321,0.508629,tcp,-,FIN,10,6,624,268,29.491042,254,252,8839.448242,3523.196533,2,0,7553.9985,12586.047,750687.9941,27936.238,255,4247903078,392690452,255,0.157816,0.078028,0.079788,62,45,0,0,9,1,4,4,3,9,0,0,0,4,9,0,Normal,0,1
72322,0.508629,tcp,-,FIN,10,6,624,268,29.491042,254,252,8839.448242,3523.196533,2,0,7553.9985,12586.047,750687.9941,27936.238,255,4247903078,392690452,255,0.157816,0.078028,0.079788,62,45,0,0,9,1,4,4,3,9,0,0,0,4,9,0,Normal,0,1
72333,0.0,arp,-,INT,1,0,46,0,0.0,0,0,0.0,0.0,0,0,60000.624,0.0,15.492014,0.0,0,0,0,0,0.0,0.0,0.0,46,0,0,0,1,2,1,1,1,1,0,0,0,1,1,1,Normal,0,1
72334,0.0,arp,-,INT,1,0,46,0,0.0,0,0,0.0,0.0,0,0,60000.624,0.0,10.954508,0.0,0,0,0,0,0.0,0.0,0.0,46,0,0,0,1,2,1,1,1,1,0,0,0,1,1,1,Normal,0,1
72370,0.577923,tcp,-,FIN,10,6,666,268,25.955015,254,252,8305.604492,3100.759033,1,0,7282.4767,12139.425,722814.7015,26975.486,255,1988167842,4076401875,255,0.131763,0.057753,0.07401,67,45,0,0,5,1,1,1,1,5,0,0,0,1,5,0,Normal,0,1
72372,0.577923,tcp,-,FIN,10,6,666,268,25.955015,254,252,8305.604492,3100.759033,1,0,7282.4767,12139.425,722814.7015,26975.486,255,1988167842,4076401875,255,0.131763,0.057753,0.07401,67,45,0,0,8,1,1,1,1,6,0,0,0,1,6,0,Normal,0,1
72518,0.762734,tcp,-,FIN,10,6,598,268,19.666096,254,252,5653.347168,2349.442871,2,0,7960.2188,13265.48,788638.264,29366.316,255,2817885728,4014127149,255,0.189052,0.078898,0.110154,60,45,0,0,6,1,5,5,3,6,0,0,0,5,7,0,Normal,0,1
72519,0.762734,tcp,-,FIN,10,6,598,268,19.666096,254,252,5653.347168,2349.442871,2,0,7960.2188,13265.48,788638.264,29366.316,255,2817885728,4014127149,255,0.189052,0.078898,0.110154,60,45,0,0,6,1,5,5,3,6,0,0,0,5,7,0,Normal,0,1
72523,0.762734,tcp,-,FIN,10,6,598,268,19.666096,254,252,5653.347168,2349.442871,2,0,7960.2188,13265.48,788638.264,29366.316,255,2817885728,4014127149,255,0.189052,0.078898,0.110154,60,45,0,0,6,1,5,5,3,6,0,0,0,5,7,0,Normal,0,1
72525,0.0,arp,-,INT,1,0,46,0,0.0,0,0,0.0,0.0,0,0,60000.744,0.0,0.0,0.0,0,0,0,0,0.0,0.0,0.0,46,0,0,0,1,2,1,1,1,1,0,0,0,1,1,1,Normal,0,1
72526,0.0,arp,-,INT,1,0,46,0,0.0,0,0,0.0,0.0,0,0,60000.744,0.0,0.0,0.0,0,0,0,0,0.0,0.0,0.0,46,0,0,0,1,2,1,1,1,1,0,0,0,1,1,1,Normal,0,1
72556,0.615025,tcp,-,FIN,10,6,634,268,24.389253,254,252,7427.340332,2913.702881,2,0,8286.4099,13832.288,823099.5387,30677.242,255,4247903078,392690452,255,0.157816,0.078028,0.079788,63,45,0,0,6,1,3,3,3,6,0,0,0,3,6,0,Normal,0,1
72557,0.615025,tcp,-,FIN,10,6,634,268,24.389253,254,252,7427.340332,2913.702881,2,0,8286.4099,13832.288,823099.5387,30677.242,255,4247903078,392690452,255,0.157816,0.078028,0.079788,63,45,0,0,6,1,3,3,3,6,0,0,0,3,6,0,Normal,0,1
72558,0.615025,tcp,-,FIN,10,6,634,268,24.389253,254,252,7427.340332,2913.702881,2,0,8286.4099,13832.288,823099.5387,30677.242,255,4247903078,392690452,255,0.157816,0.078028,0.079788,63,45,0,0,6,1,3,3,3,6,0,0,0,3,6,0,Normal,0,1
72585,0.708759,tcp,-,FIN,10,8,570,354,23.985586,254,252,5790.402344,3499.07373,1,0,11005.7682,13753.318,1093450.606,36135.82,255,24887117,1246225450,255,0.121329,0.062131,0.059198,57,44,0,0,3,1,2,2,2,4,0,0,0,2,3,0,Normal,0,1
72586,0.708759,tcp,-,FIN,10,8,570,354,23.985586,254,252,5790.402344,3499.07373,1,0,11005.7682,13753.318,1093450.606,36135.82,255,24887117,1246225450,255,0.121329,0.062131,0.059198,57,44,0,0,3,1,2,2,2,4,0,0,0,2,3,0,Normal,0,1
72600,1.658833,tcp,-,FIN,112,22,135649,956,80.176846,254,252,648349.75,4403.095215,53,1,14.943612,74.491523,1531.841701,97.70568,255,1935995992,3618541406,255,0.224318,0.094503,0.129815,1211,43,0,0,2,1,1,1,1,2,0,0,0,1,2,0,Normal,0,1
72612,2.071209,tcp,-,FIN,112,24,135649,1042,65.179324,254,252,519263.875,3858.615967,53,1,18.410225,86.088477,1935.292242,113.912953,255,727063922,3408679681,255,0.182929,0.091169,0.09176,1211,43,0,0,1,1,1,1,1,1,0,0,0,1,1,0,Normal,0,1
72613,1.496404,tcp,-,FIN,112,20,135649,870,87.543201,254,252,718725.6875,4421.265625,53,1,13.232558,72.337477,1370.569923,88.397359,255,4257335740,1347471513,255,0.217092,0.121983,0.095109,1211,44,0,0,4,1,1,1,1,1,0,0,0,4,1,0,Normal,0,1
72616,2.380527,tcp,-,FIN,112,22,135649,956,55.869981,254,252,451792.4063,3068.228027,53,1,21.446189,108.445766,2391.335656,185.966578,255,1884933855,3908792914,255,0.300459,0.084431,0.216028,1211,43,0,0,2,1,2,1,1,1,0,0,0,1,1,0,Normal,0,1
72617,1.313803,tcp,-,FIN,10,8,618,354,12.939535,254,252,3391.680664,1887.649902,1,0,10133.75633,11406.426,948003.9686,29764.788,255,32945086,84706495,255,0.153751,0.066837,0.086914,62,44,0,0,3,1,3,2,2,2,0,0,0,2,2,0,Normal,0,1
72618,1.313803,tcp,-,FIN,10,8,618,354,12.939535,254,252,3391.680664,1887.649902,1,0,10133.75633,11406.426,948003.9686,29764.788,255,32945086,84706495,255,0.153751,0.066837,0.086914,62,44,0,0,3,1,3,2,2,2,0,0,0,2,2,0,Normal,0,1
72621,1.589448,tcp,-,FIN,112,22,135649,956,83.67685,254,252,676652.5625,4595.306152,53,1,14.449527,72.077953,1493.559052,104.348148,255,3455251906,893138860,255,0.119226,0.075127,0.044099,1211,43,0,0,1,1,1,1,1,1,0,0,0,1,1,0,Normal,0,1
72628,1.888208,tcp,-,FIN,112,20,135649,870,69.377949,254,252,569589.8125,3503.851318,53,1,16.793482,94.990844,1806.916865,128.462609,255,1899281481,24346571,255,0.153533,0.083381,0.070152,1211,44,0,0,2,1,2,1,1,1,0,0,0,2,2,0,Normal,0,1
72633,0.0,arp,-,INT,1,0,46,0,0.0,0,0,0.0,0.0,0,0,60000.756,0.0,0.0,0.0,0,0,0,0,0.0,0.0,0.0,46,0,0,0,1,2,1,1,1,1,0,0,0,1,1,1,Normal,0,1
72634,0.0,arp,-,INT,1,0,46,0,0.0,0,0,0.0,0.0,0,0,60000.756,0.0,0.0,0.0,0,0,0,0,0.0,0.0,0.0,46,0,0,0,1,2,1,1,1,1,0,0,0,1,1,1,Normal,0,1
72644,2.441025,tcp,-,FIN,108,24,135479,1042,53.66598,254,252,439897.1563,3274.034424,51,1,22.779196,102.319828,2245.342291,124.465047,255,1878602104,3270144374,255,0.141913,0.087668,0.054245,1254,43,0,0,2,1,1,1,1,2,0,0,0,1,2,0,Normal,0,1
72647,1.715826,tcp,-,FIN,96,18,118696,784,65.857492,254,252,547654.5625,3454.895752,45,1,17.356863,96.279766,2073.627706,150.055922,255,3326462605,3731653068,255,0.14182,0.079067,0.062753,1236,44,0,0,7,1,1,1,1,1,0,0,0,1,1,0,Normal,0,1
72657,1.777693,tcp,-,FIN,112,20,135649,870,73.691013,254,252,604999.8125,3721.67749,53,1,15.854137,89.273633,1951.260613,148.568625,255,4251534534,2092217474,255,0.172033,0.081486,0.090547,1211,44,0,0,1,1,1,1,1,1,0,0,0,1,1,0,Normal,0,1
72668,1.794978,tcp,-,FIN,112,20,135649,870,72.981395,254,252,599173.9375,3685.839111,53,1,15.869694,86.776789,1865.640492,131.94225,255,726950651,639750903,255,0.21821,0.146214,0.071996,1211,44,0,0,4,1,1,1,1,2,0,0,0,1,2,0,Normal,0,1
72710,1.744443,tcp,-,FIN,58,14,67943,612,40.700669,254,252,306215.7813,2609.428711,26,1,30.176228,121.357766,3549.71038,237.990406,255,69066051,35829879,255,0.241199,0.166785,0.074414,1171,44,0,0,1,1,1,1,1,1,0,0,0,1,1,0,Normal,0,1
72775,0.0,arp,-,INT,1,0,46,0,0.0,0,0,0.0,0.0,0,0,60000.712,0.0,10.954517,0.0,0,0,0,0,0.0,0.0,0.0,46,0,0,0,1,2,1,1,1,1,0,0,0,1,1,1,Normal,0,1
72776,0.0,arp,-,INT,1,0,46,0,0.0,0,0,0.0,0.0,0,0,60000.716,0.0,0.0,0.0,0,0,0,0,0.0,0.0,0.0,46,0,0,0,1,2,1,1,1,1,0,0,0,1,1,1,Normal,0,1
72859,0.0,arp,-,INT,1,0,46,0,0.0,0,0,0.0,0.0,0,0,60000.684,0.0,0.0,0.0,0,0,0,0,0.0,0.0,0.0,46,0,0,0,1,2,1,1,1,1,0,0,0,1,1,1,Normal,0,1
72860,0.0,arp,-,INT,1,0,46,0,0.0,0,0,0.0,0.0,0,0,60000.68,0.0,0.0,0.0,0,0,0,0,0.0,0.0,0.0,46,0,0,0,1,2,1,1,1,1,0,0,0,1,1,1,Normal,0,1
72920,3.752349,tcp,-,FIN,214,40,285080,1730,67.424434,254,252,604950.125,3596.68042,104,1,17.611667,94.432156,1854.550972,115.14518,255,354684998,551893690,255,0.160588,0.069492,0.091096,1332,43,0,0,2,1,1,1,1,2,0,0,0,1,2,0,Normal,0,1
72938,4.379047,tcp,-,FIN,210,40,276157,1730,56.861688,254,252,502103.7813,3081.949219,102,1,20.95177,110.06982,2402.133741,126.508695,255,1698484161,1923052896,255,0.149292,0.086319,0.062973,1315,43,0,0,3,1,1,1,1,1,0,0,0,1,3,0,Normal,0,1
72943,0.0,arp,-,INT,1,0,46,0,0.0,0,0,0.0,0.0,0,0,60000.576,0.0,10.954504,0.0,0,0,0,0,0.0,0.0,0.0,46,0,0,0,1,2,1,1,1,1,0,0,0,1,1,1,Normal,0,1
72944,0.0,arp,-,INT,1,0,46,0,0.0,0,0,0.0,0.0,0,0,60000.768,0.0,10.954521,0.0,0,0,0,0,0.0,0.0,0.0,46,0,0,0,1,2,1,1,1,1,0,0,0,1,1,1,Normal,0,1
72949,3.289779,tcp,-,FIN,214,38,271948,1644,76.29692,254,252,658227.8125,3893.270752,104,1,15.227052,86.66243,1659.049196,98.798867,255,2208828347,341287438,255,0.187415,0.083261,0.104154,1271,43,0,0,2,1,2,1,1,2,0,0,0,2,2,0,Normal,0,1
72961,3.293747,tcp,-,FIN,206,36,262860,1558,73.168948,254,252,635346.9375,3679.699707,100,1,15.723722,90.430516,1732.785685,100.464672,255,3695503460,982232004,255,0.245316,0.128674,0.116642,1276,43,0,0,2,1,1,1,1,1,0,0,0,1,4,0,Normal,0,1
72971,3.351098,tcp,-,FIN,190,38,253432,1644,67.738991,254,252,601830.1875,3822.030762,92,1,17.725302,87.138891,1893.089408,104.835266,255,3176706733,1361513127,255,0.213799,0.126954,0.086845,1334,43,0,0,2,1,1,1,1,1,0,0,0,1,3,0,Normal,0,1
72978,2.997657,tcp,-,FIN,192,34,249138,1472,75.058619,254,252,661425.875,3813.64502,93,1,15.689419,88.208852,1751.095574,106.671219,255,4023533333,4130791099,255,0.171536,0.086764,0.084772,1298,43,0,0,2,1,1,1,1,1,0,0,0,2,1,0,Normal,0,1
72983,3.2204,tcp,-,FIN,186,34,244509,1472,68.003973,254,252,604136.125,3549.869385,90,1,17.402233,95.558063,1889.153985,115.091188,255,386715733,2857923935,255,0.151269,0.066975,0.084294,1315,43,0,0,3,1,1,1,1,1,0,0,0,2,2,0,Normal,0,1
72989,2.438434,tcp,-,FIN,190,32,240300,1386,90.631943,254,252,784227.9375,4406.106934,92,1,12.585704,75.354938,1408.206197,84.459414,255,1305017905,3441034688,255,0.183887,0.10243,0.081457,1265,43,0,0,2,1,1,1,1,1,0,0,0,1,1,0,Normal,0,1
72992,40.355473,tcp,-,FIN,24,14,8500,622,0.916852,254,252,1614.849121,114.581734,6,1,1752.127608,3098.71025,252191.6183,10158.34,255,723029180,1029899724,255,0.173647,0.072235,0.101412,354,44,0,0,3,1,2,2,2,2,0,0,0,3,2,0,Normal,0,1
72993,40.355473,tcp,-,FIN,24,14,8500,622,0.916852,254,252,1614.849121,114.581734,6,1,1752.127608,3098.71025,252191.6183,10158.34,255,723029180,1029899724,255,0.173647,0.072235,0.101412,354,44,0,0,3,1,2,2,2,2,0,0,0,3,2,0,Normal,0,1
72996,2.811608,tcp,-,FIN,184,36,235671,1558,77.891368,254,252,666923.6875,4310.700195,89,1,15.358787,77.791742,1748.722685,94.023805,255,3482394233,4170367288,255,0.15231,0.088896,0.063414,1281,43,0,0,1,1,2,1,1,2,0,0,0,2,1,0,Normal,0,1
73003,3.857854,tcp,-,FIN,182,32,231207,1386,55.212044,254,252,476818.4688,2784.968018,88,1,21.432521,121.974391,3576.195047,210.871047,255,4147816869,3962720977,255,0.172281,0.076007,0.096274,1270,43,0,0,2,1,1,1,1,1,0,0,0,1,1,0,Normal,0,1
73033,0.0,arp,-,INT,1,0,46,0,0.0,0,0,0.0,0.0,0,0,60000.664,0.0,0.0,0.0,0,0,0,0,0.0,0.0,0.0,46,0,0,0,1,2,1,1,1,1,0,0,0,1,1,1,Normal,0,1
73034,0.0,arp,-,INT,1,0,46,0,0.0,0,0,0.0,0.0,0,0,60000.86,0.0,0.0,0.0,0,0,0,0,0.0,0.0,0.0,46,0,0,0,1,2,1,1,1,1,0,0,0,1,1,1,Normal,0,1
73035,2.768783,tcp,-,FIN,162,30,212856,1300,68.983374,254,252,611223.0625,3631.92041,78,1,17.303557,91.790828,1902.21153,120.561023,255,913066334,662841607,255,0.198219,0.106839,0.09138,1314,43,0,0,3,1,1,1,1,1,0,0,0,1,2,0,Normal,0,1
73113,0.0,arp,-,INT,1,0,46,0,0.0,0,0,0.0,0.0,0,0,60000.684,0.0,10.954514,0.0,0,0,0,0,0.0,0.0,0.0,46,0,0,0,1,2,1,1,1,1,0,0,0,1,1,1,Normal,0,1
73114,0.0,arp,-,INT,1,0,46,0,0.0,0,0,0.0,0.0,0,0,60000.684,0.0,10.954514,0.0,0,0,0,0,0.0,0.0,0.0,46,0,0,0,1,2,1,1,1,1,0,0,0,1,1,1,Normal,0,1
73166,14.727003,tcp,-,FIN,270,54,338219,2484,21.9325,254,252,183047.1563,1324.369873,131,4,54.743443,276.203031,17532.47988,1281.735,255,2114221140,904379670,255,0.14736,0.088235,0.059125,1253,46,0,0,4,1,2,1,1,1,0,0,0,2,1,0,Normal,0,1
73186,15.688656,tcp,-,FIN,266,52,338312,2362,20.205683,254,252,171864.8125,1181.490601,129,3,59.199024,305.392406,18106.02347,1317.61325,255,3069329779,2125267781,255,0.223646,0.113641,0.110005,1272,45,0,0,4,1,1,1,1,2,0,0,0,1,2,0,Normal,0,1
73196,0.0,arp,-,INT,1,0,46,0,0.0,0,0,0.0,0.0,0,0,60000.768,0.0,0.0,0.0,0,0,0,0,0.0,0.0,0.0,46,0,0,0,1,2,1,1,1,1,0,0,0,1,1,1,Normal,0,1
73198,0.0,arp,-,INT,1,0,46,0,0.0,0,0,0.0,0.0,0,0,60000.776,0.0,0.0,0.0,0,0,0,0,0.0,0.0,0.0,46,0,0,0,1,2,1,1,1,1,0,0,0,1,2,1,Normal,0,1
73256,0.0,arp,-,INT,1,0,46,0,0.0,0,0,0.0,0.0,0,0,60000.616,0.0,15.492013,0.0,0,0,0,0,0.0,0.0,0.0,46,0,0,0,1,2,1,1,1,1,0,0,0,1,1,1,Normal,0,1
73257,0.0,arp,-,INT,1,0,46,0,0.0,0,0,0.0,0.0,0,0,60000.624,0.0,15.492014,0.0,0,0,0,0,0.0,0.0,0.0,46,0,0,0,1,2,1,1,1,1,0,0,0,1,1,1,Normal,0,1
73290,3.011194,tcp,-,FIN,60,16,68197,698,24.907064,254,252,178164.5469,1740.173462,27,1,50.480747,194.546266,5651.324863,308.777094,255,1149577207,1165018416,255,0.213568,0.092999,0.120569,1137,44,1,0,3,1,1,1,1,1,0,0,1,1,1,0,Normal,0,1
73300,2.875209,tcp,http,FIN,58,16,68115,698,25.389458,254,252,186257.0625,1822.476196,26,1,49.855158,186.412672,6813.907161,287.302469,255,2850597078,3867256091,255,0.146731,0.079015,0.067716,1174,44,1,0,1,1,1,1,1,1,0,0,1,2,1,0,Normal,0,1
73316,0.0,arp,-,INT,1,0,46,0,0.0,0,0,0.0,0.0,0,0,60000.752,0.0,0.0,0.0,0,0,0,0,0.0,0.0,0.0,46,0,0,0,1,2,1,1,1,1,0,0,0,1,1,1,Normal,0,1
73317,0.0,arp,-,INT,1,0,46,0,0.0,0,0,0.0,0.0,0,0,60000.752,0.0,0.0,0.0,0,0,0,0,0.0,0.0,0.0,46,0,0,0,1,2,1,1,1,1,0,0,0,1,1,1,Normal,0,1
73319,2.029057,tcp,http,FIN,58,16,68115,698,35.977303,254,252,263929.5,2582.480469,26,1,35.59721,123.05307,3406.310745,174.380594,255,737355440,1682554709,255,0.282141,0.183257,0.098884,1174,44,1,0,2,1,1,2,1,2,0,0,1,2,1,0,Normal,0,1
73323,8.225435,tcp,-,FIN,136,134,136780,136732,32.703437,254,252,132053.7969,131992.5313,55,54,60.929149,60.825435,6391.494192,6623.895532,255,3805408369,245205623,255,0.250831,0.135126,0.115705,1006,1020,0,0,2,1,2,1,1,1,0,0,0,1,1,0,Normal,0,1
73327,2.567808,tcp,-,FIN,58,16,68117,698,28.428918,254,252,208560.7656,2040.651123,26,1,43.993369,164.512937,4911.06297,211.103375,255,1469457915,3257064711,255,0.208198,0.100113,0.108085,1174,44,1,0,3,1,2,1,1,2,0,0,1,2,2,0,Normal,0,1
73329,8.036517,tcp,-,FIN,136,134,136814,136694,33.472211,254,252,135191.8906,135057.5156,56,53,59.520491,59.647429,5308.824617,5526.175692,255,1210875763,1445620988,255,0.253336,0.103408,0.149928,1006,1020,0,0,3,1,1,1,1,1,0,0,0,1,1,0,Normal,0,1
73332,6.709305,tcp,http,FIN,58,16,68115,698,10.880412,254,252,79818.70313,781.004883,26,1,113.862627,441.689875,16868.73028,949.38725,255,828902332,781662272,255,0.176093,0.083947,0.092146,1174,44,1,0,1,1,1,1,1,1,0,0,1,1,1,0,Normal,0,1
73338,6.959793,tcp,-,FIN,130,132,136506,136618,37.501115,254,252,155701.1875,155848.3125,53,54,53.951317,52.224107,4855.522718,4952.217985,255,2153655875,3658893210,255,0.388234,0.118433,0.269801,1050,1035,0,0,3,1,1,1,1,1,0,0,0,1,1,0,Normal,0,1
73340,4.394037,tcp,http,FIN,58,16,68115,698,16.613425,254,252,121876.0859,1192.525269,26,1,76.852553,287.736812,11962.84852,591.358687,255,3040149792,476417405,255,0.162659,0.077984,0.084675,1174,44,1,0,2,1,1,1,1,1,0,0,1,4,1,0,Normal,0,1
73345,7.039828,tcp,-,FIN,126,128,136306,136418,35.938379,254,252,153668.5313,153813.9844,52,53,56.444104,53.316102,5232.065678,4851.598116,255,804387334,1240686037,255,0.458767,0.268683,0.190084,1082,1066,0,0,4,1,1,1,1,1,0,0,0,1,1,0,Normal,0,1
73349,3.604383,tcp,http,FIN,60,18,68195,784,21.36288,254,252,148838.7969,1644.664307,27,1,61.087458,205.729531,8628.516896,370.230469,255,3454570100,1619827892,255,0.197695,0.106971,0.090724,1137,44,1,0,2,1,2,2,2,2,0,0,4,2,2,0,Normal,0,1
73350,3.604383,tcp,http,FIN,60,18,68195,784,21.36288,254,252,148838.7969,1644.664307,27,1,61.087458,205.729531,8628.516896,370.230469,255,3454570100,1619827892,255,0.197695,0.106971,0.090724,1137,44,1,0,2,1,2,2,2,2,0,0,4,2,2,0,Normal,0,1
73352,2.893825,tcp,http,FIN,58,16,68115,698,25.226128,254,252,185058.875,1810.752197,26,1,50.766509,187.777859,6094.503363,347.855937,255,579993478,634502667,255,0.149993,0.077148,0.072845,1174,44,1,0,2,1,1,1,1,1,0,0,1,1,1,0,Normal,0,1
73355,5.554585,tcp,-,FIN,130,130,136030,136044,46.628146,254,252,194410.9219,194431.0938,52,55,43.395194,42.273178,3858.906938,3853.407812,255,4238461461,2214974553,255,0.270545,0.100719,0.169826,1046,1046,0,0,4,1,1,1,1,1,0,0,0,4,1,0,Normal,0,1
73356,3.569792,tcp,http,FIN,60,16,68195,698,21.009627,254,252,150281.0156,1467.872681,27,1,61.537379,232.741406,8600.03721,512.078094,255,2494343772,4190843595,255,0.156544,0.078664,0.07788,1137,44,1,0,1,1,1,1,1,1,0,0,1,1,1,0,Normal,0,1
73362,6.1585,tcp,-,FIN,128,126,135432,135378,41.081431,254,252,174554.1875,174463.25,52,52,48.487458,48.126023,4431.755364,4198.056826,255,2984492831,2753699384,255,0.22763,0.142746,0.084884,1058,1074,0,0,5,1,1,1,1,1,0,0,0,5,1,0,Normal,0,1
73363,3.37019,tcp,-,FIN,58,16,68119,698,21.6605,254,252,158910.9219,1554.808472,26,1,58.078526,217.907141,6887.301017,358.661187,255,1729024179,3761924596,255,0.189036,0.101573,0.087463,1174,44,1,0,5,1,1,1,1,1,0,0,1,5,1,0,Normal,0,1
73365,0.0,arp,-,INT,1,0,46,0,0.0,0,0,0.0,0.0,0,0,60000.768,0.0,0.0,0.0,0,0,0,0,0.0,0.0,0.0,46,0,0,0,1,2,1,1,1,1,0,0,0,1,1,1,Normal,0,1
73366,0.0,arp,-,INT,1,0,46,0,0.0,0,0,0.0,0.0,0,0,60000.768,0.0,10.954521,0.0,0,0,0,0,0.0,0.0,0.0,46,0,0,0,1,2,1,1,1,1,0,0,0,1,1,1,Normal,0,1
73369,1.360385,tcp,-,FIN,60,14,68199,612,53.661282,254,252,394376.5938,3346.111816,27,1,22.094729,99.275617,2198.478878,126.839992,255,3268079718,3960038654,255,0.145865,0.069793,0.076072,1137,44,1,0,3,1,1,1,1,1,0,0,1,1,1,0,Normal,0,1
73370,5.51073,tcp,-,FIN,124,116,128134,127762,43.369936,254,252,184514.2188,183875.4688,52,48,44.327187,46.921365,4438.182392,4328.435838,255,559100797,3547525413,255,0.253896,0.114768,0.139128,1033,1101,0,0,1,1,1,1,1,1,0,0,0,1,1,0,Normal,0,1
73372,9.740687,tcp,http,FIN,60,16,68197,698,7.699662,254,252,55077.01563,537.949707,27,1,165.085812,635.453125,29864.21886,1792.25825,255,2191336394,779172315,255,0.321902,0.208886,0.113016,1137,44,1,0,1,1,1,1,1,1,0,0,1,1,1,0,Normal,0,1
73376,9.283676,tcp,-,FIN,114,112,119548,119410,24.236089,254,252,102114.7188,101980.2891,46,46,82.155008,83.305925,13814.34199,12810.21827,255,3142059155,3008452683,255,0.24991,0.120017,0.129893,1049,1066,0,0,1,1,1,1,1,1,0,0,0,1,1,0,Normal,0,1
73387,9.962891,tcp,http,FIN,60,16,68197,698,7.527936,254,252,53848.62891,525.951782,27,1,168.862562,654.578625,26424.11395,1518.367375,255,3797752195,511475303,255,0.24122,0.143534,0.097686,1137,44,1,0,1,1,1,1,1,1,0,0,1,1,1,0,Normal,0,1
73404,6.449595,tcp,http,FIN,60,16,68197,698,11.628637,254,252,83181.65625,812.454102,27,1,109.294952,421.941656,16147.0466,915.290438,255,1832108243,1117703827,255,0.210671,0.120469,0.090202,1137,44,1,0,1,1,1,1,1,1,0,0,1,1,2,0,Normal,0,1
73407,0.0,arp,-,INT,1,0,46,0,0.0,0,0,0.0,0.0,0,0,60000.624,0.0,0.0,0.0,0,0,0,0,0.0,0.0,0.0,46,0,0,0,1,2,1,1,1,1,0,0,0,1,1,1,Normal,0,1
73408,0.0,arp,-,INT,1,0,46,0,0.0,0,0,0.0,0.0,0,0,60000.616,0.0,0.0,0.0,0,0,0,0,0.0,0.0,0.0,46,0,0,0,1,2,1,1,1,1,0,0,0,1,1,1,Normal,0,1
73421,13.066538,tcp,http,FIN,60,16,68197,698,5.739853,254,252,41058.16016,401.024353,27,1,221.457472,859.598062,36532.0247,2069.128125,255,164318917,808057866,255,0.201975,0.172557,0.029418,1137,44,1,0,1,1,1,1,1,1,0,0,1,1,1,0,Normal,0,1
73441,8.798096,tcp,http,FIN,60,16,68197,698,8.524572,254,252,60977.74219,595.583435,27,1,151.674707,579.40925,23589.8539,1318.62675,255,1232678538,1055896836,255,0.183281,0.106956,0.076325,1137,44,1,0,1,1,1,1,1,1,0,0,1,1,1,0,Normal,0,1
73446,0.0,arp,-,INT,1,0,46,0,0.0,0,0,0.0,0.0,0,0,60000.776,0.0,0.0,0.0,0,0,0,0,0.0,0.0,0.0,46,0,0,0,1,2,1,1,1,1,0,0,0,1,1,1,Normal,0,1
73447,0.0,arp,-,INT,1,0,46,0,0.0,0,0,0.0,0.0,0,0,60000.776,0.0,0.0,0.0,0,0,0,0,0.0,0.0,0.0,46,0,0,0,1,2,1,1,1,1,0,0,0,1,1,1,Normal,0,1
73456,6.222006,tcp,-,FIN,60,18,68199,784,12.37543,254,252,86226.85938,952.747437,27,1,107.257431,359.158656,16844.9749,869.251062,255,3771441631,3542707845,255,0.179014,0.116299,0.062715,1137,44,1,0,2,1,1,1,1,1,0,0,1,1,1,0,Normal,0,1
73465,11.238657,tcp,-,FIN,60,16,68199,698,6.673395,254,252,47737.375,466.247894,27,1,190.484055,741.276875,33686.31643,1920.019,255,1574018913,2099993675,255,0.198782,0.1195,0.079282,1137,44,1,0,3,1,1,2,1,2,0,0,1,2,2,0,Normal,0,1
73492,0.0,arp,-,INT,1,0,46,0,0.0,0,0,0.0,0.0,0,0,60000.032,0.0,0.0,0.0,0,0,0,0,0.0,0.0,0.0,46,0,0,0,1,2,1,1,1,1,0,0,0,1,1,1,Normal,0,1
73493,0.0,arp,-,INT,1,0,46,0,0.0,0,0,0.0,0.0,0,0,60000.032,0.0,0.0,0.0,0,0,0,0,0.0,0.0,0.0,46,0,0,0,1,2,1,1,1,1,0,0,0,1,1,1,Normal,0,1
73521,9.567304,tcp,http,FIN,60,16,68197,698,7.839199,254,252,56075.15234,547.69873,27,1,162.142838,632.888875,25405.3449,1465.01575,255,782011589,692104936,255,0.216247,0.07397,0.142277,1137,44,1,0,1,1,1,1,1,1,0,0,1,1,1,0,Normal,0,1
73531,18.343878,tcp,http,FIN,60,16,68197,698,4.088558,254,252,29246.16016,285.6539,27,1,310.896402,1215.317875,51988.09622,3046.017,255,132056089,456294611,255,0.303088,0.114102,0.188986,1137,44,1,0,1,1,1,1,1,1,0,0,1,1,1,0,Normal,0,1
73539,0.0,arp,-,INT,1,0,46,0,0.0,0,0,0.0,0.0,0,0,60001.336,0.0,0.0,0.0,0,0,0,0,0.0,0.0,0.0,46,0,0,0,1,2,1,1,1,1,0,0,0,1,1,1,Normal,0,1
73540,0.0,arp,-,INT,1,0,46,0,0.0,0,0,0.0,0.0,0,0,60001.34,0.0,0.0,0.0,0,0,0,0,0.0,0.0,0.0,46,0,0,0,1,2,1,1,1,1,0,0,0,1,1,1,Normal,0,1
73548,12.240555,tcp,http,FIN,60,16,68197,698,6.127173,254,252,43828.73047,428.085175,27,1,207.449131,804.02,34178.71874,1937.271125,255,342544414,350885455,255,0.275769,0.180252,0.095517,1137,44,1,0,2,1,2,2,2,2,0,0,4,2,2,0,Normal,0,1
73549,12.240555,tcp,http,FIN,60,16,68197,698,6.127173,254,252,43828.73047,428.085175,27,1,207.449131,804.02,34178.71874,1937.271125,255,342544414,350885455,255,0.275769,0.180252,0.095517,1137,44,1,0,2,1,2,2,2,2,0,0,4,2,2,0,Normal,0,1
73566,9.900008,tcp,http,FIN,60,16,68197,698,7.575751,254,252,54190.66406,529.29248,27,1,167.796738,652.714187,25477.62885,1443.828125,255,571281252,2633434038,255,0.239923,0.108485,0.131438,1137,44,1,0,1,1,1,1,1,1,0,0,1,1,1,0,Normal,0,1
73587,8.504415,tcp,-,FIN,56,16,68034,698,8.348605,254,252,62856.76563,616.150574,25,1,154.625729,556.210125,21607.63487,1158.516,255,2047161524,3834929278,255,0.250225,0.138543,0.111682,1215,44,1,0,2,1,1,1,1,1,0,0,1,1,1,0,Normal,0,1
73616,8.533112,tcp,-,FIN,60,16,68199,698,8.789291,254,252,62873.19531,614.07843,27,1,144.626663,561.157312,21851.74026,1273.325875,255,59935570,1069926266,255,0.251064,0.115744,0.13532,1137,44,1,0,1,1,2,1,1,1,0,0,1,1,2,0,Normal,0,1
73645,0.0,arp,-,INT,1,0,46,0,0.0,0,0,0.0,0.0,0,0,60001.124,0.0,0.0,0.0,0,0,0,0,0.0,0.0,0.0,46,0,0,0,1,2,1,1,1,1,0,0,0,1,1,1,Normal,0,1
73646,0.0,arp,-,INT,1,0,46,0,0.0,0,0,0.0,0.0,0,0,60001.12,0.0,0.0,0.0,0,0,0,0,0.0,0.0,0.0,46,0,0,0,1,2,1,1,1,1,0,0,0,1,1,1,Normal,0,1
73652,12.658577,tcp,http,FIN,58,16,68117,698,5.766841,254,252,42306.80859,413.948578,26,1,222.080298,837.908875,35097.41944,1994.96475,255,3486831005,1994954605,255,0.173786,0.089197,0.084589,1174,44,1,0,1,1,1,1,1,1,0,0,1,1,1,0,Normal,0,1
73667,8.610276,tcp,http,FIN,56,16,68032,698,8.245961,254,252,62082.09766,608.575134,25,1,156.550469,567.842688,22740.56302,1225.105125,255,3611341499,3134824999,255,0.219657,0.092058,0.127599,1215,44,1,0,1,1,1,1,1,1,0,0,1,2,1,0,Normal,0,1
73675,0.0,arp,-,INT,1,0,46,0,0.0,0,0,0.0,0.0,0,0,60000.564,0.0,10.954503,0.0,0,0,0,0,0.0,0.0,0.0,46,0,0,0,1,2,1,1,1,1,0,0,0,1,1,1,Normal,0,1
73676,0.0,arp,-,INT,1,0,46,0,0.0,0,0,0.0,0.0,0,0,60000.564,0.0,10.954503,0.0,0,0,0,0,0.0,0.0,0.0,46,0,0,0,1,2,1,1,1,1,0,0,0,1,1,1,Normal,0,1
73677,19.401976,tcp,http,FIN,60,16,68197,698,3.865586,254,252,27651.20508,270.075592,27,1,334.515232,1282.313125,64710.72682,3744.37475,255,375023661,2906044927,255,0.326448,0.16727,0.159178,1137,44,1,0,1,1,1,1,1,1,0,0,1,1,1,0,Normal,0,1
73681,5.744105,tcp,http,FIN,58,16,68117,698,12.708682,254,252,93233.67188,912.239624,26,1,100.756035,376.270125,15242.14532,818.838188,255,2433403939,1555565170,255,0.19251,0.100047,0.092463,1174,44,1,0,1,1,1,1,1,1,0,0,1,2,1,0,Normal,0,1
73682,2.038149,tcp,http,FIN,58,16,68117,698,35.81681,254,252,262759.9688,2570.959961,26,1,35.757,121.568797,3320.337174,151.166891,255,328608584,1160296212,255,0.327062,0.213475,0.113587,1174,44,1,0,1,1,1,1,1,1,0,0,1,1,1,0,Normal,0,1
73690,0.0,arp,-,INT,1,0,46,0,0.0,0,0,0.0,0.0,0,0,60000.8,0.0,15.492037,0.0,0,0,0,0,0.0,0.0,0.0,46,0,0,0,1,2,1,1,1,1,0,0,0,1,1,1,Normal,0,1
73691,0.0,arp,-,INT,1,0,46,0,0.0,0,0,0.0,0.0,0,0,60000.804,0.0,10.954524,0.0,0,0,0,0,0.0,0.0,0.0,46,0,0,0,1,2,1,1,1,1,0,0,0,1,1,1,Normal,0,1
73719,0.0,arp,-,INT,1,0,46,0,0.0,0,0,0.0,0.0,0,0,60000.724,0.0,10.954518,0.0,0,0,0,0,0.0,0.0,0.0,46,0,0,0,1,2,1,1,1,1,0,0,0,1,1,1,Normal,0,1
73754,1.304315,tcp,-,FIN,10,8,514,354,13.033662,254,252,2839.804932,1901.381226,2,0,6784.4468,8479.911,665613.0901,21975.272,255,4066557902,2477452356,255,0.106455,0.065847,0.040608,51,44,0,0,5,1,1,1,1,4,0,0,0,1,4,0,Normal,0,1
73755,1.304315,tcp,-,FIN,10,8,514,354,13.033662,254,252,2839.804932,1901.381226,2,0,6784.4468,8479.911,665613.0901,21975.272,255,4066557902,2477452356,255,0.106455,0.065847,0.040608,51,44,0,0,4,1,1,1,1,2,0,0,0,1,3,0,Normal,0,1
73761,0.644848,tcp,-,FIN,10,8,514,354,26.362802,254,252,5743.989258,3845.867676,1,0,7299.7446,9123.155,723509.1645,23918.876,255,26517788,2265649796,255,0.071447,0.036833,0.034614,51,44,0,0,6,1,3,3,2,5,0,0,0,4,5,0,Normal,0,1
73764,0.644848,tcp,-,FIN,10,8,514,354,26.362802,254,252,5743.989258,3845.867676,1,0,7299.7446,9123.155,723509.1645,23918.876,255,26517788,2265649796,255,0.071447,0.036833,0.034614,51,44,0,0,6,1,3,3,2,5,0,0,0,4,5,0,Normal,0,1
73813,31.953798,tcp,-,FIN,20,14,974,622,1.032741,254,252,231.834717,144.708939,4,1,1677.930263,2456.83225,224539.7936,8260.7145,255,2888703713,1909866149,255,0.028522,0.014974,0.013548,49,44,0,0,3,1,2,2,2,2,0,0,0,3,2,0,Normal,0,1
73815,31.953798,tcp,-,FIN,20,14,974,622,1.032741,254,252,231.834717,144.708939,4,1,1677.930263,2456.83225,224539.7936,8260.7145,255,2888703713,1909866149,255,0.028522,0.014974,0.013548,49,44,0,0,3,1,2,2,2,2,0,0,0,3,2,0,Normal,0,1
73872,0.0,arp,-,INT,1,0,46,0,0.0,0,0,0.0,0.0,0,0,60000.728,0.0,10.954518,0.0,0,0,0,0,0.0,0.0,0.0,46,0,0,0,1,2,1,1,1,1,0,0,0,1,1,1,Normal,0,1
73891,49.873348,tcp,-,FIN,20,14,1092,622,0.661676,254,252,166.501755,92.714851,4,1,2623.079421,3831.8325,352842.9513,12944.904,255,2003916816,1172485645,255,0.121967,0.059522,0.062445,55,44,0,0,6,1,1,1,1,6,0,0,0,1,6,0,Normal,0,1
73892,49.873348,tcp,-,FIN,20,14,1092,622,0.661676,254,252,166.501755,92.714851,4,1,2623.079421,3831.8325,352842.9513,12944.904,255,2003916816,1172485645,255,0.121967,0.059522,0.062445,55,44,0,0,7,1,1,1,1,7,0,0,0,1,7,0,Normal,0,1
73924,0.0,arp,-,INT,1,0,46,0,0.0,0,0,0.0,0.0,0,0,60000.704,0.0,10.954516,0.0,0,0,0,0,0.0,0.0,0.0,46,0,0,0,1,2,1,1,1,1,0,0,0,1,1,1,Normal,0,1
73925,35.083267,tcp,-,FIN,20,14,3140,622,0.940619,254,252,680.210327,131.80072,6,1,1846.487737,2692.616,245529.7219,9005.98,255,4192204344,3706935685,255,0.091456,0.068401,0.023055,157,44,0,0,9,1,2,2,2,7,0,0,0,3,8,0,Normal,0,1
73926,35.083267,tcp,-,FIN,20,14,3140,622,0.940619,254,252,680.210327,131.80072,6,1,1846.487737,2692.616,245529.7219,9005.98,255,4192204344,3706935685,255,0.091456,0.068401,0.023055,157,44,0,0,9,1,2,2,2,7,0,0,0,3,8,0,Normal,0,1
73927,0.0,arp,-,INT,1,0,46,0,0.0,0,0,0.0,0.0,0,0,60000.704,0.0,10.954516,0.0,0,0,0,0,0.0,0.0,0.0,46,0,0,0,1,2,1,1,1,1,0,0,0,1,1,1,Normal,0,1
73946,0.0,arp,-,INT,1,0,46,0,0.0,0,0,0.0,0.0,0,0,60000.74,0.0,0.0,0.0,0,0,0,0,0.0,0.0,0.0,46,0,0,0,1,2,1,1,1,1,0,0,0,1,1,1,Normal,0,1
73947,0.0,arp,-,INT,1,0,46,0,0.0,0,0,0.0,0.0,0,0,60000.744,0.0,0.0,0.0,0,0,0,0,0.0,0.0,0.0,46,0,0,0,1,2,1,1,1,1,0,0,0,1,1,1,Normal,0,1
73948,0.0,arp,-,INT,1,0,46,0,0.0,0,0,0.0,0.0,0,0,60000.688,0.0,0.0,0.0,0,0,0,0,0.0,0.0,0.0,46,0,0,0,1,2,1,1,1,1,0,0,0,1,1,1,Normal,0,1
73949,0.0,arp,-,INT,1,0,46,0,0.0,0,0,0.0,0.0,0,0,60000.684,0.0,0.0,0.0,0,0,0,0,0.0,0.0,0.0,46,0,0,0,1,2,1,1,1,1,0,0,0,1,1,1,Normal,0,1
73950,0.0,arp,-,INT,1,0,46,0,0.0,0,0,0.0,0.0,0,0,60000.712,0.0,0.0,0.0,0,0,0,0,0.0,0.0,0.0,46,0,0,0,1,2,1,1,1,1,0,0,0,1,1,1,Normal,0,1
73951,0.0,arp,-,INT,1,0,46,0,0.0,0,0,0.0,0.0,0,0,60000.712,0.0,0.0,0.0,0,0,0,0,0.0,0.0,0.0,46,0,0,0,1,2,1,1,1,1,0,0,0,1,1,1,Normal,0,1
73952,0.0,arp,-,INT,1,0,46,0,0.0,0,0,0.0,0.0,0,0,60000.788,0.0,0.0,0.0,0,0,0,0,0.0,0.0,0.0,46,0,0,0,1,2,1,1,1,1,0,0,0,1,1,1,Normal,0,1
73953,0.0,arp,-,INT,1,0,46,0,0.0,0,0,0.0,0.0,0,0,60000.768,0.0,0.0,0.0,0,0,0,0,0.0,0.0,0.0,46,0,0,0,1,2,1,1,1,1,0,0,0,1,1,1,Normal,0,1
73954,0.0,arp,-,INT,1,0,46,0,0.0,0,0,0.0,0.0,0,0,60000.7,0.0,10.954515,0.0,0,0,0,0,0.0,0.0,0.0,46,0,0,0,1,2,1,1,1,1,0,0,0,1,1,1,Normal,0,1
73955,0.0,arp,-,INT,1,0,46,0,0.0,0,0,0.0,0.0,0,0,60000.724,0.0,10.954518,0.0,0,0,0,0,0.0,0.0,0.0,46,0,0,0,1,2,1,1,1,1,0,0,0,1,1,1,Normal,0,1
74008,0.0,arp,-,INT,1,0,46,0,0.0,0,0,0.0,0.0,0,0,60000.68,0.0,0.0,0.0,0,0,0,0,0.0,0.0,0.0,46,0,0,0,1,2,1,1,1,1,0,0,0,1,1,1,Normal,0,1
74009,0.0,arp,-,INT,1,0,46,0,0.0,0,0,0.0,0.0,0,0,60000.68,0.0,0.0,0.0,0,0,0,0,0.0,0.0,0.0,46,0,0,0,1,2,1,1,1,1,0,0,0,1,1,1,Normal,0,1
74054,0.0,arp,-,INT,1,0,46,0,0.0,0,0,0.0,0.0,0,0,60000.632,0.0,0.0,0.0,0,0,0,0,0.0,0.0,0.0,46,0,0,0,1,2,1,1,1,1,0,0,0,1,1,1,Normal,0,1
74055,0.0,arp,-,INT,1,0,46,0,0.0,0,0,0.0,0.0,0,0,60000.628,0.0,10.954509,0.0,0,0,0,0,0.0,0.0,0.0,46,0,0,0,1,2,1,1,1,1,0,0,0,1,1,1,Normal,0,1
74056,9.903655,tcp,http,FIN,224,1432,10218,1925422,167.110021,254,252,8217.572266,1554236.625,2,714,44.41101,6.874614,2199.649028,869.659502,255,3620770017,841908518,255,0.111911,0.058258,0.053653,46,1345,1,933770,3,1,1,1,1,2,0,0,1,2,2,0,Normal,0,1
74057,0.0,arp,-,INT,1,0,46,0,0.0,0,0,0.0,0.0,0,0,60000.828,0.0,0.0,0.0,0,0,0,0,0.0,0.0,0.0,46,0,0,0,1,2,1,1,1,1,0,0,0,1,1,1,Normal,0,1
74058,0.0,arp,-,INT,1,0,46,0,0.0,0,0,0.0,0.0,0,0,60000.808,0.0,15.492038,0.0,0,0,0,0,0.0,0.0,0.0,46,0,0,0,1,2,1,1,1,1,0,0,0,1,1,1,Normal,0,1
74065,0.0,arp,-,INT,1,0,46,0,0.0,0,0,0.0,0.0,0,0,60000.688,0.0,15.492022,0.0,0,0,0,0,0.0,0.0,0.0,46,0,0,0,1,2,1,1,1,1,0,0,0,1,1,1,Normal,0,1
74066,0.0,arp,-,INT,1,0,46,0,0.0,0,0,0.0,0.0,0,0,60000.704,0.0,0.0,0.0,0,0,0,0,0.0,0.0,0.0,46,0,0,0,1,2,1,1,1,1,0,0,0,1,1,1,Normal,0,1
74069,0.0,arp,-,INT,1,0,46,0,0.0,0,0,0.0,0.0,0,0,60000.748,0.0,0.0,0.0,0,0,0,0,0.0,0.0,0.0,46,0,0,0,1,2,1,1,1,1,0,0,0,1,1,1,Normal,0,1
74070,0.0,arp,-,INT,1,0,46,0,0.0,0,0,0.0,0.0,0,0,60000.748,0.0,10.95452,0.0,0,0,0,0,0.0,0.0,0.0,46,0,0,0,1,2,1,1,1,1,0,0,0,1,1,1,Normal,0,1
74073,0.0,arp,-,INT,1,0,46,0,0.0,0,0,0.0,0.0,0,0,60000.748,0.0,0.0,0.0,0,0,0,0,0.0,0.0,0.0,46,0,0,0,1,2,1,1,1,1,0,0,0,1,1,1,Normal,0,1
74074,0.0,arp,-,INT,1,0,46,0,0.0,0,0,0.0,0.0,0,0,60000.756,0.0,10.954521,0.0,0,0,0,0,0.0,0.0,0.0,46,0,0,0,1,2,1,1,1,1,0,0,0,1,1,1,Normal,0,1
74108,0.0,arp,-,INT,1,0,46,0,0.0,0,0,0.0,0.0,0,0,60000.732,0.0,10.954518,0.0,0,0,0,0,0.0,0.0,0.0,46,0,0,0,1,2,1,1,1,1,0,0,0,1,1,1,Normal,0,1
74144,0.0,arp,-,INT,1,0,46,0,0.0,0,0,0.0,0.0,0,0,60000.66,0.0,0.0,0.0,0,0,0,0,0.0,0.0,0.0,46,0,0,0,1,2,1,1,1,1,0,0,0,1,1,1,Normal,0,1
74145,0.0,arp,-,INT,1,0,46,0,0.0,0,0,0.0,0.0,0,0,60000.656,0.0,15.492019,0.0,0,0,0,0,0.0,0.0,0.0,46,0,0,0,1,2,1,1,1,1,0,0,0,1,1,1,Normal,0,1
74174,0.0,arp,-,INT,1,0,46,0,0.0,0,0,0.0,0.0,0,0,60000.74,0.0,10.954519,0.0,0,0,0,0,0.0,0.0,0.0,46,0,0,0,1,2,1,1,1,1,0,0,0,1,1,1,Normal,0,1
74175,0.0,arp,-,INT,1,0,46,0,0.0,0,0,0.0,0.0,0,0,60000.744,0.0,15.492029,0.0,0,0,0,0,0.0,0.0,0.0,46,0,0,0,1,2,1,1,1,1,0,0,0,1,1,1,Normal,0,1
74200,0.0,arp,-,INT,1,0,46,0,0.0,0,0,0.0,0.0,0,0,60000.712,0.0,15.492025,0.0,0,0,0,0,0.0,0.0,0.0,46,0,0,0,1,2,1,1,1,1,0,0,0,1,1,1,Normal,0,1
74232,0.0,arp,-,INT,1,0,46,0,0.0,0,0,0.0,0.0,0,0,60000.768,0.0,0.0,0.0,0,0,0,0,0.0,0.0,0.0,46,0,0,0,1,2,1,1,1,1,0,0,0,1,1,1,Normal,0,1
74233,0.0,arp,-,INT,1,0,46,0,0.0,0,0,0.0,0.0,0,0,60000.768,0.0,0.0,0.0,0,0,0,0,0.0,0.0,0.0,46,0,0,0,1,2,1,1,1,1,0,0,0,1,1,1,Normal,0,1
74320,0.0,arp,-,INT,1,0,46,0,0.0,0,0,0.0,0.0,0,0,60000.668,0.0,10.954512,0.0,0,0,0,0,0.0,0.0,0.0,46,0,0,0,1,2,1,1,1,1,0,0,0,1,1,1,Normal,0,1
74321,0.0,arp,-,INT,1,0,46,0,0.0,0,0,0.0,0.0,0,0,60000.664,0.0,10.954512,0.0,0,0,0,0,0.0,0.0,0.0,46,0,0,0,1,2,1,1,1,1,0,0,0,1,1,1,Normal,0,1
74375,0.0,arp,-,INT,1,0,46,0,0.0,0,0,0.0,0.0,0,0,60000.692,0.0,0.0,0.0,0,0,0,0,0.0,0.0,0.0,46,0,0,0,1,2,1,1,1,1,0,0,0,1,1,1,Normal,0,1
74376,0.0,arp,-,INT,1,0,46,0,0.0,0,0,0.0,0.0,0,0,60000.684,0.0,0.0,0.0,0,0,0,0,0.0,0.0,0.0,46,0,0,0,1,2,1,1,1,1,0,0,0,1,1,1,Normal,0,1
74417,0.0,arp,-,INT,1,0,46,0,0.0,0,0,0.0,0.0,0,0,60000.76,0.0,15.492031,0.0,0,0,0,0,0.0,0.0,0.0,46,0,0,0,1,2,1,1,1,1,0,0,0,1,1,1,Normal,0,1
74418,0.0,arp,-,INT,1,0,46,0,0.0,0,0,0.0,0.0,0,0,60000.752,0.0,0.0,0.0,0,0,0,0,0.0,0.0,0.0,46,0,0,0,1,2,1,1,1,1,0,0,0,1,1,1,Normal,0,1
74478,0.0,arp,-,INT,1,0,46,0,0.0,0,0,0.0,0.0,0,0,60000.596,0.0,10.954506,0.0,0,0,0,0,0.0,0.0,0.0,46,0,0,0,1,2,1,1,1,1,0,0,0,1,1,1,Normal,0,1
74479,0.0,arp,-,INT,1,0,46,0,0.0,0,0,0.0,0.0,0,0,60000.6,0.0,15.492011,0.0,0,0,0,0,0.0,0.0,0.0,46,0,0,0,1,2,1,1,1,1,0,0,0,1,1,1,Normal,0,1
74537,0.0,arp,-,INT,1,0,46,0,0.0,0,0,0.0,0.0,0,0,60000.8,0.0,0.0,0.0,0,0,0,0,0.0,0.0,0.0,46,0,0,0,1,2,1,1,1,1,0,0,0,1,1,1,Normal,0,1
74538,0.0,arp,-,INT,1,0,46,0,0.0,0,0,0.0,0.0,0,0,60000.8,0.0,0.0,0.0,0,0,0,0,0.0,0.0,0.0,46,0,0,0,1,2,1,1,1,1,0,0,0,1,1,1,Normal,0,1
74579,0.0,arp,-,INT,1,0,46,0,0.0,0,0,0.0,0.0,0,0,60000.512,0.0,10.954498,0.0,0,0,0,0,0.0,0.0,0.0,46,0,0,0,1,2,1,1,1,1,0,0,0,1,1,1,Normal,0,1
74580,0.0,arp,-,INT,1,0,46,0,0.0,0,0,0.0,0.0,0,0,60000.516,0.0,0.0,0.0,0,0,0,0,0.0,0.0,0.0,46,0,0,0,1,2,1,1,1,1,0,0,0,1,1,1,Normal,0,1
74622,59.991081,arp,-,INT,2,0,92,0,0.016669,0,0,6.134245,0.0,0,0,59995.788,0.0,9.064533,0.0,0,0,0,0,0.0,0.0,0.0,46,0,0,0,1,2,1,1,1,1,0,0,0,1,1,1,Normal,0,1
74623,59.991081,arp,-,INT,2,0,92,0,0.016669,0,0,6.134245,0.0,0,0,59995.784,0.0,16.189835,0.0,0,0,0,0,0.0,0.0,0.0,46,0,0,0,1,2,1,1,1,1,0,0,0,1,1,1,Normal,0,1
74763,0.0,arp,-,INT,1,0,46,0,0.0,0,0,0.0,0.0,0,0,60000.88,0.0,0.0,0.0,0,0,0,0,0.0,0.0,0.0,46,0,0,0,1,2,1,1,1,1,0,0,0,1,1,1,Normal,0,1
74764,0.0,arp,-,INT,1,0,46,0,0.0,0,0,0.0,0.0,0,0,60000.876,0.0,0.0,0.0,0,0,0,0,0.0,0.0,0.0,46,0,0,0,1,2,1,1,1,1,0,0,0,1,1,1,Normal,0,1
74979,0.0,arp,-,INT,1,0,46,0,0.0,0,0,0.0,0.0,0,0,60000.712,0.0,15.492025,0.0,0,0,0,0,0.0,0.0,0.0,46,0,0,0,1,2,1,1,1,1,0,0,0,1,1,1,Normal,0,1
74980,0.0,arp,-,INT,1,0,46,0,0.0,0,0,0.0,0.0,0,0,60000.712,0.0,15.492025,0.0,0,0,0,0,0.0,0.0,0.0,46,0,0,0,1,2,1,1,1,1,0,0,0,1,1,1,Normal,0,1
75112,52.360062,tcp,-,FIN,20,14,5032,622,0.630251,254,252,730.480408,88.311584,4,1,2754.624895,4021.61075,369384.2619,13568.798,255,319508997,2665904603,255,0.184176,0.079116,0.10506,252,44,0,0,9,1,2,2,2,4,0,0,0,5,4,0,Normal,0,1
75115,52.360062,tcp,-,FIN,20,14,5032,622,0.630251,254,252,730.480408,88.311584,4,1,2754.624895,4021.61075,369384.2619,13568.798,255,319508997,2665904603,255,0.184176,0.079116,0.10506,252,44,0,0,9,1,2,2,2,4,0,0,0,5,4,0,Normal,0,1
75150,0.0,arp,-,INT,1,0,46,0,0.0,0,0,0.0,0.0,0,0,60000.544,0.0,15.492004,0.0,0,0,0,0,0.0,0.0,0.0,46,0,0,0,1,2,1,1,1,1,0,0,0,1,1,1,Normal,0,1
75155,0.0,arp,-,INT,1,0,46,0,0.0,0,0,0.0,0.0,0,0,60000.548,0.0,0.0,0.0,0,0,0,0,0.0,0.0,0.0,46,0,0,0,1,2,1,1,1,1,0,0,0,1,1,1,Normal,0,1
75271,1e-06,tcp,-,REQ,2,0,90,0,1000000.003,254,0,360000000.0,0.0,1,0,0.001,0.0,0.0,0.0,255,0,0,0,0.0,0.0,0.0,45,0,0,0,7,6,26,1,1,39,0,0,0,26,5,0,Normal,0,1
75303,0.0,arp,-,INT,1,0,46,0,0.0,0,0,0.0,0.0,0,0,60000.844,0.0,0.0,0.0,0,0,0,0,0.0,0.0,0.0,46,0,0,0,1,2,1,1,1,1,0,0,0,1,1,1,Normal,0,1
75304,0.0,arp,-,INT,1,0,46,0,0.0,0,0,0.0,0.0,0,0,60000.844,0.0,0.0,0.0,0,0,0,0,0.0,0.0,0.0,46,0,0,0,1,2,1,1,1,1,0,0,0,1,1,1,Normal,0,1
75363,0.745242,tcp,http,FIN,10,8,822,1258,22.811382,62,252,7943.728516,11818.97949,2,1,7252.6164,9065.785,717784.9558,23726.044,255,1120359449,583917452,255,0.097708,0.03791,0.059798,82,157,1,137,4,1,2,2,2,3,0,0,4,2,3,0,Normal,0,1
75364,0.745242,tcp,http,FIN,10,8,822,1258,22.811382,62,252,7943.728516,11818.97949,2,1,7252.6164,9065.785,717784.9558,23726.044,255,1120359449,583917452,255,0.097708,0.03791,0.059798,82,157,1,137,4,1,2,2,2,3,0,0,4,2,3,0,Normal,0,1
75367,0.455854,tcp,http,FIN,10,8,808,1334,37.292642,62,252,12776.02051,20497.79102,2,1,6504.7155,8132.7685,645886.2223,21377.162,255,1449502731,549488170,255,0.110302,0.059907,0.050395,81,167,1,162,3,1,3,3,2,3,0,0,4,3,3,0,Normal,0,1
75369,0.455854,tcp,http,FIN,10,8,808,1334,37.292642,62,252,12776.02051,20497.79102,2,1,6504.7155,8132.7685,645886.2223,21377.162,255,1449502731,549488170,255,0.110302,0.059907,0.050395,81,167,1,162,3,1,3,3,2,3,0,0,4,3,3,0,Normal,0,1
75379,0.695555,tcp,http,FIN,12,8,912,1050,27.316317,62,252,9615.34375,10569.97656,1,2,9182.586168,13769.808,999517.6678,36197.796,255,2649885668,3252415999,255,0.110053,0.063368,0.046685,76,131,1,134,4,1,3,3,3,4,0,0,9,4,4,0,Normal,0,1
75380,0.695555,tcp,http,FIN,12,8,912,1050,27.316317,62,252,9615.34375,10569.97656,1,2,9182.586168,13769.808,999517.6678,36197.796,255,2649885668,3252415999,255,0.110053,0.063368,0.046685,76,131,1,134,4,1,3,3,3,4,0,0,9,4,4,0,Normal,0,1
75381,0.695555,tcp,http,FIN,12,8,912,1050,27.316317,62,252,9615.34375,10569.97656,1,2,9182.586168,13769.808,999517.6678,36197.796,255,2649885668,3252415999,255,0.110053,0.063368,0.046685,76,131,1,134,4,1,3,3,3,4,0,0,9,4,4,0,Normal,0,1
75389,0.0,arp,-,INT,1,0,46,0,0.0,0,0,0.0,0.0,0,0,60000.632,0.0,0.0,0.0,0,0,0,0,0.0,0.0,0.0,46,0,0,0,1,2,1,1,1,1,0,0,0,1,1,1,Normal,0,1
75390,0.0,arp,-,INT,1,0,46,0,0.0,0,0,0.0,0.0,0,0,60000.632,0.0,0.0,0.0,0,0,0,0,0.0,0.0,0.0,46,0,0,0,1,2,1,1,1,1,0,0,0,1,1,1,Normal,0,1
75417,0.820822,tcp,http,FIN,10,8,808,1330,20.710946,62,252,7095.326172,11344.72559,1,1,6436.9999,8043.8485,635479.5474,21019.89,255,2155600737,3616130466,255,0.111502,0.058214,0.053288,81,166,1,142,4,1,3,3,3,4,0,0,9,3,4,0,Normal,0,1
75418,0.820822,tcp,http,FIN,10,8,808,1330,20.710946,62,252,7095.326172,11344.72559,1,1,6436.9999,8043.8485,635479.5474,21019.89,255,2155600737,3616130466,255,0.111502,0.058214,0.053288,81,166,1,142,4,1,3,3,3,4,0,0,9,3,4,0,Normal,0,1
75419,0.820822,tcp,http,FIN,10,8,808,1330,20.710946,62,252,7095.326172,11344.72559,1,1,6436.9999,8043.8485,635479.5474,21019.89,255,2155600737,3616130466,255,0.111502,0.058214,0.053288,81,166,1,142,4,1,3,3,3,4,0,0,9,3,4,0,Normal,0,1
75450,0.0,arp,-,INT,1,0,46,0,0.0,0,0,0.0,0.0,0,0,60000.824,0.0,0.0,0.0,0,0,0,0,0.0,0.0,0.0,46,0,0,0,1,2,1,1,1,1,0,0,0,1,1,1,Normal,0,1
75451,0.0,arp,-,INT,1,0,46,0,0.0,0,0,0.0,0.0,0,0,60000.824,0.0,0.0,0.0,0,0,0,0,0.0,0.0,0.0,46,0,0,0,1,2,1,1,1,1,0,0,0,1,1,1,Normal,0,1
75505,1.066952,tcp,-,FIN,14,12,774,642,23.431232,254,252,5391.058105,4416.318848,3,4,5670.152288,6620.142,662476.3243,21660.268,255,598746054,3644949181,255,0.142784,0.056938,0.085846,55,54,0,0,3,1,1,1,1,2,0,0,0,15,2,0,Normal,0,1
75506,1.066952,tcp,-,FIN,14,12,774,642,23.431232,254,252,5391.058105,4416.318848,3,4,5670.152288,6620.142,662476.3243,21660.268,255,598746054,3644949181,255,0.142784,0.056938,0.085846,55,54,0,0,1,1,1,1,1,1,0,0,0,9,1,0,Normal,0,1
75507,0.0,arp,-,INT,1,0,46,0,0.0,0,0,0.0,0.0,0,0,60000.696,0.0,0.0,0.0,0,0,0,0,0.0,0.0,0.0,46,0,0,0,1,2,1,1,1,1,0,0,0,1,1,1,Normal,0,1
75508,0.0,arp,-,INT,1,0,46,0,0.0,0,0,0.0,0.0,0,0,60000.696,0.0,0.0,0.0,0,0,0,0,0.0,0.0,0.0,46,0,0,0,1,2,1,1,1,1,0,0,0,1,1,1,Normal,0,1
75552,0.0,arp,-,INT,1,0,46,0,0.0,0,0,0.0,0.0,0,0,60000.728,0.0,10.954518,0.0,0,0,0,0,0.0,0.0,0.0,46,0,0,0,1,2,1,1,1,1,0,0,0,1,1,1,Normal,0,1
75587,0.0,arp,-,INT,1,0,46,0,0.0,0,0,0.0,0.0,0,0,60001.112,0.0,15.492077,0.0,0,0,0,0,0.0,0.0,0.0,46,0,0,0,1,2,1,1,1,1,0,0,0,1,1,1,Normal,0,1
75588,0.0,arp,-,INT,1,0,46,0,0.0,0,0,0.0,0.0,0,0,60001.116,0.0,0.0,0.0,0,0,0,0,0.0,0.0,0.0,46,0,0,0,1,2,1,1,1,1,0,0,0,1,1,1,Normal,0,1
75589,0.0,arp,-,INT,1,0,46,0,0.0,0,0,0.0,0.0,0,0,60000.696,0.0,0.0,0.0,0,0,0,0,0.0,0.0,0.0,46,0,0,0,1,2,1,1,1,1,0,0,0,1,1,1,Normal,0,1
75590,0.0,arp,-,INT,1,0,46,0,0.0,0,0,0.0,0.0,0,0,60000.696,0.0,0.0,0.0,0,0,0,0,0.0,0.0,0.0,46,0,0,0,1,2,1,1,1,1,0,0,0,1,1,1,Normal,0,1
75604,0.0,arp,-,INT,1,0,46,0,0.0,0,0,0.0,0.0,0,0,60000.752,0.0,0.0,0.0,0,0,0,0,0.0,0.0,0.0,46,0,0,0,1,2,1,1,1,1,0,0,0,1,1,1,Normal,0,1
75605,0.0,arp,-,INT,1,0,46,0,0.0,0,0,0.0,0.0,0,0,60000.752,0.0,15.49203,0.0,0,0,0,0,0.0,0.0,0.0,46,0,0,0,1,2,1,1,1,1,0,0,0,1,1,1,Normal,0,1
75606,0.0,arp,-,INT,1,0,46,0,0.0,0,0,0.0,0.0,0,0,60000.648,0.0,0.0,0.0,0,0,0,0,0.0,0.0,0.0,46,0,0,0,1,2,1,1,1,1,0,0,0,1,1,1,Normal,0,1
75607,0.0,arp,-,INT,1,0,46,0,0.0,0,0,0.0,0.0,0,0,60000.648,0.0,15.492018,0.0,0,0,0,0,0.0,0.0,0.0,46,0,0,0,1,2,1,1,1,1,0,0,0,1,1,1,Normal,0,1
75643,0.0,arp,-,INT,1,0,46,0,0.0,0,0,0.0,0.0,0,0,60000.748,0.0,10.95452,0.0,0,0,0,0,0.0,0.0,0.0,46,0,0,0,1,2,1,1,1,1,0,0,0,1,1,1,Normal,0,1
75644,0.0,arp,-,INT,1,0,46,0,0.0,0,0,0.0,0.0,0,0,60000.744,0.0,15.492029,0.0,0,0,0,0,0.0,0.0,0.0,46,0,0,0,1,2,1,1,1,1,0,0,0,1,1,1,Normal,0,1
75648,0.0,arp,-,INT,1,0,46,0,0.0,0,0,0.0,0.0,0,0,60000.736,0.0,0.0,0.0,0,0,0,0,0.0,0.0,0.0,46,0,0,0,1,2,1,1,1,1,0,0,0,1,1,1,Normal,0,1
75649,0.0,arp,-,INT,1,0,46,0,0.0,0,0,0.0,0.0,0,0,60000.744,0.0,10.95452,0.0,0,0,0,0,0.0,0.0,0.0,46,0,0,0,1,2,1,1,1,1,0,0,0,1,1,1,Normal,0,1
75657,0.0,arp,-,INT,1,0,46,0,0.0,0,0,0.0,0.0,0,0,60000.68,0.0,10.954514,0.0,0,0,0,0,0.0,0.0,0.0,46,0,0,0,1,2,1,1,1,1,0,0,0,1,1,1,Normal,0,1
75658,0.0,arp,-,INT,1,0,46,0,0.0,0,0,0.0,0.0,0,0,60000.676,0.0,0.0,0.0,0,0,0,0,0.0,0.0,0.0,46,0,0,0,1,2,1,1,1,1,0,0,0,1,1,1,Normal,0,1
75679,59.991436,arp,-,INT,2,0,92,0,0.016669,0,0,6.134209,0.0,0,0,59996.08,0.0,9.031984,0.0,0,0,0,0,0.0,0.0,0.0,46,0,0,0,1,2,1,1,1,1,0,0,0,1,1,1,Normal,0,1
75680,59.991436,arp,-,INT,2,0,92,0,0.016669,0,0,6.134209,0.0,0,0,59996.08,0.0,0.0,0.0,0,0,0,0,0.0,0.0,0.0,46,0,0,0,1,2,1,1,1,1,0,0,0,1,1,1,Normal,0,1
75681,0.867266,tcp,http,FIN,60,14,68195,612,84.172561,254,252,618578.375,5248.678223,27,1,14.297678,63.14723,1498.142219,78.848313,255,3946553556,4215514933,255,0.10748,0.046349,0.061131,1137,44,1,0,1,1,1,1,1,2,0,0,1,1,1,0,Normal,0,1
75683,1.078302,tcp,http,FIN,60,16,68195,698,69.553797,254,252,497515.5313,4859.491699,27,1,18.276305,68.334867,1865.198066,97.001047,255,3887641619,633869317,255,0.111036,0.052503,0.058533,1137,44,1,0,3,1,14,1,1,3,0,0,1,3,3,0,Normal,0,1
75684,0.983904,tcp,http,FIN,60,14,68195,612,74.19423,254,252,545248.3125,4626.467773,27,1,16.676339,63.894848,1616.445266,96.135711,255,1120367596,763869904,255,0.178089,0.095286,0.082803,1137,44,1,0,3,1,18,1,1,3,0,0,1,1,3,0,Normal,0,1
75686,1.031341,tcp,http,FIN,60,14,68195,612,70.781636,254,252,520169.4063,4413.671387,27,1,17.009916,73.674461,1722.576868,103.28282,255,252617272,2848642458,255,0.13811,0.073564,0.064546,1137,44,1,0,2,1,1,1,1,1,0,0,1,1,1,0,Normal,0,1
75687,0.810339,tcp,-,FIN,60,14,68199,612,90.085757,254,252,662073.5625,5617.402344,27,1,13.282271,59.662617,1371.996856,70.871242,255,2881451781,2226727164,255,0.093649,0.034716,0.058933,1137,44,1,0,2,1,23,1,1,2,0,0,1,1,2,0,Normal,0,1
75688,1.015826,tcp,http,FIN,60,14,68197,612,71.862702,254,252,528129.8125,4481.08252,27,1,17.21739,70.299156,1806.559838,97.444977,255,153788597,3373857965,255,0.101313,0.052846,0.048467,1137,44,1,0,3,1,16,1,1,2,0,0,1,1,2,0,Normal,0,1
75689,1.172525,tcp,http,FIN,60,14,68197,612,62.258798,254,252,457549.2813,3882.219727,27,1,19.856373,80.175695,1851.430439,99.754984,255,1315048307,4235969232,255,0.182232,0.13024,0.051992,1137,44,1,0,3,1,1,1,1,2,0,0,1,2,2,0,Normal,0,1
75690,0.901552,tcp,http,FIN,60,14,68197,612,80.971478,254,252,595071.625,5049.070801,27,1,15.336276,62.096152,1508.208671,83.179563,255,1451683626,1177897825,255,0.194429,0.094299,0.10013,1137,44,1,0,2,1,1,1,1,2,0,0,1,1,2,0,Normal,0,1
75691,0.921207,tcp,http,FIN,60,14,68197,612,79.243861,254,252,582375.0625,4941.343262,27,1,15.406779,65.521309,1536.021808,89.479664,255,2119360236,2130028698,255,0.148168,0.069426,0.078742,1137,44,1,0,2,1,22,1,1,2,0,0,1,1,2,0,Normal,0,1
75692,0.874619,tcp,http,FIN,60,14,68197,612,83.464914,254,252,613396.25,5204.551758,27,1,14.360746,60.549691,1458.623102,71.708344,255,1271091302,3714524532,255,0.130556,0.087463,0.043093,1137,44,1,0,1,1,18,1,1,2,0,0,1,1,1,0,Normal,0,1
75693,0.985294,tcp,-,FIN,60,14,68199,612,74.089562,254,252,544511.625,4619.940918,27,1,16.340322,72.266383,1624.123869,88.773969,255,1665439985,403927331,255,0.098055,0.045826,0.052229,1137,44,1,0,1,1,1,1,1,1,0,0,1,1,1,0,Normal,0,1
75694,0.767537,tcp,-,FIN,60,14,68201,612,95.109422,254,252,699015.1875,5930.658691,27,1,12.751864,54.911539,1298.041197,66.788227,255,2634679063,1468892936,255,0.116112,0.053678,0.062434,1137,44,1,0,1,1,1,1,1,2,0,0,1,1,1,0,Normal,0,1
75695,0.752298,tcp,http,FIN,60,14,68197,612,97.036015,254,252,713132.3125,6050.793945,27,1,12.453362,52.506152,1290.941871,67.301695,255,3472151696,3406944424,255,0.117925,0.069709,0.048216,1137,44,1,0,4,1,3,2,1,4,0,0,1,2,4,0,Normal,0,1
75696,0.833122,tcp,http,FIN,60,14,68197,612,87.622219,254,252,643948.875,5463.785645,27,1,13.725931,59.599461,1399.27677,78.385133,255,191212058,2925125173,255,0.096362,0.05832,0.038042,1137,44,1,0,4,1,3,2,1,4,0,0,1,2,4,0,Normal,0,1
75697,0.73687,tcp,http,FIN,60,14,68197,612,99.067679,254,252,728063.3125,6177.480469,27,1,11.800644,51.745309,1260.496903,69.686719,255,1138092030,973319955,255,0.139151,0.064172,0.074979,1137,44,1,0,4,1,1,1,1,4,0,0,1,1,4,0,Normal,0,1
75698,0.758307,tcp,-,FIN,60,14,68201,612,96.267082,254,252,707523.5,6002.846191,27,1,12.517559,54.928383,1270.268226,70.939016,255,2001280659,781729494,255,0.102399,0.044229,0.05817,1137,44,1,0,2,1,23,2,1,2,0,0,1,2,2,0,Normal,0,1
75699,0.786028,tcp,-,FIN,60,14,68201,612,92.872006,254,252,682571.0625,5791.14209,27,1,12.962224,55.488691,1346.538914,68.208664,255,3621892041,3305353258,255,0.100548,0.064672,0.035876,1137,44,1,0,2,1,1,1,1,2,0,0,1,1,2,0,Normal,0,1
75700,0.830627,tcp,http,FIN,60,14,68199,612,87.885414,254,252,645902.4375,5480.197266,27,1,12.352119,60.574848,1327.810577,74.286977,255,430115350,2229331107,255,0.121166,0.043145,0.078021,1137,44,1,0,2,1,1,1,1,3,0,0,1,1,2,0,Normal,0,1
75701,0.819803,tcp,http,FIN,60,14,68199,612,89.045783,254,252,654430.375,5552.553711,27,1,14.117776,57.728309,1397.261498,79.597695,255,3384952935,3061837114,255,0.127969,0.069326,0.058643,1137,44,1,0,3,1,13,2,1,2,0,0,1,2,2,0,Normal,0,1
75702,0.714299,tcp,http,FIN,60,14,68199,612,102.198096,254,252,751091.625,6372.681152,27,1,12.106762,48.958848,1261.193122,63.459449,255,4141044636,108013745,255,0.150779,0.077247,0.073532,1137,44,1,0,3,1,1,1,1,2,0,0,1,1,2,0,Normal,0,1
75703,0.962001,tcp,http,FIN,60,14,68199,612,75.883495,254,252,557695.875,4731.803711,27,1,15.990086,70.285844,1779.500579,117.473273,255,521034719,3052908323,255,0.104436,0.048277,0.056159,1137,44,1,0,2,1,16,1,1,2,0,0,1,1,1,0,Normal,0,1
75704,0.724514,tcp,-,FIN,60,14,68201,612,100.757196,254,252,740524.0,6282.83252,27,1,11.716,51.18877,1214.795108,62.407141,255,1169929399,550356954,255,0.090401,0.059055,0.031346,1137,44,1,0,1,1,12,1,1,3,0,0,1,1,1,0,Normal,0,1
75705,0.625472,tcp,http,FIN,60,14,68199,612,116.711857,254,252,857758.625,7277.703613,27,1,10.355407,45.890539,1131.725263,67.114609,255,2308680454,1365423938,255,0.088702,0.028887,0.059815,1137,44,1,0,3,1,2,3,1,3,0,0,1,3,2,0,Normal,0,1
75706,0.617895,tcp,http,FIN,60,14,68199,612,118.143049,254,252,868276.9375,7366.947266,27,1,10.20783,42.503,1126.524639,63.48334,255,4240602987,3400875863,255,0.121483,0.065348,0.056135,1137,44,1,0,3,1,2,3,1,3,0,0,1,3,2,0,Normal,0,1
75707,0.758444,tcp,http,FIN,60,14,68199,612,96.249689,254,252,707374.5625,6001.76123,27,1,12.516119,53.59723,1303.857266,78.916172,255,4163097443,2357232561,255,0.124565,0.061672,0.062893,1137,44,1,0,2,1,10,1,1,3,0,0,1,1,2,0,Normal,0,1
75708,0.77329,tcp,http,FIN,60,14,68199,612,94.401844,254,252,693794.0625,5886.537109,27,1,12.961431,54.421848,1359.657429,84.861414,255,427033327,3312620599,255,0.123368,0.065798,0.05757,1137,44,1,0,2,1,1,1,1,3,0,0,1,1,2,0,Normal,0,1
75709,0.64965,tcp,-,FIN,60,14,68201,612,112.368202,254,252,825860.125,7006.850098,27,1,10.751966,47.266539,1124.818998,65.76307,255,2463862942,2486329880,255,0.058039,0.035177,0.022862,1137,44,1,0,1,1,8,1,1,3,0,0,1,1,1,0,Normal,0,1
75710,0.704137,tcp,http,FIN,60,14,68199,612,103.673003,254,252,761931.25,6464.650879,27,1,11.61578,49.661152,1210.445839,71.246328,255,3789028760,1235070384,255,0.125512,0.058533,0.066979,1137,44,1,0,1,1,12,1,1,2,0,0,1,1,1,0,Normal,0,1
75711,0.657473,tcp,http,FIN,60,14,68199,612,111.031171,254,252,816009.125,6923.478027,27,1,10.846848,51.35,1155.219026,66.722898,255,3835355355,3945170234,255,0.063855,0.041263,0.022592,1137,44,1,0,1,1,1,1,1,1,0,0,1,1,1,0,Normal,0,1
75712,0.613716,tcp,http,FIN,60,14,68199,612,118.947525,254,252,874189.375,7417.111328,27,1,10.300779,45.583,1142.330092,69.845461,255,1712607680,3929804469,255,0.054212,0.021127,0.033085,1137,44,1,0,2,1,17,1,1,2,0,0,1,1,2,0,Normal,0,1
75713,0.0,arp,-,INT,1,0,46,0,0.0,0,0,0.0,0.0,0,0,60000.704,0.0,0.0,0.0,0,0,0,0,0.0,0.0,0.0,46,0,0,0,1,2,1,1,1,1,0,0,0,1,1,1,Normal,0,1
75714,0.0,arp,-,INT,1,0,46,0,0.0,0,0,0.0,0.0,0,0,60000.696,0.0,10.954515,0.0,0,0,0,0,0.0,0.0,0.0,46,0,0,0,1,2,1,1,1,1,0,0,0,1,1,1,Normal,0,1
75768,7.684998,tcp,-,CON,12,4,1956,172,1.951855,62,252,1866.493652,134.287613,6,3,698.636159,2437.38525,64164.51832,3446.975,255,1044234213,1482217844,255,0.416995,0.256732,0.160263,163,43,0,0,9,3,4,4,2,8,0,0,0,4,8,0,Normal,0,1
75769,7.684998,tcp,-,CON,12,4,1956,172,1.951855,62,252,1866.493652,134.287613,6,3,698.636159,2437.38525,64164.51832,3446.975,255,1044234213,1482217844,255,0.416995,0.256732,0.160263,163,43,0,0,9,3,4,4,2,8,0,0,0,4,8,0,Normal,0,1
75778,0.0,arp,-,INT,1,0,46,0,0.0,0,0,0.0,0.0,0,0,60000.74,0.0,0.0,0.0,0,0,0,0,0.0,0.0,0.0,46,0,0,0,1,2,1,1,1,1,0,0,0,1,1,1,Normal,0,1
75779,0.0,arp,-,INT,1,0,46,0,0.0,0,0,0.0,0.0,0,0,60000.744,0.0,0.0,0.0,0,0,0,0,0.0,0.0,0.0,46,0,0,0,1,2,1,1,1,1,0,0,0,1,1,1,Normal,0,1
75794,0.831412,tcp,-,CON,6,2,978,86,8.419412,62,252,7842.080566,413.753937,4,2,19295.99467,57739.24,1483830.917,57739.232,255,661225123,2229789062,255,0.120414,0.056686,0.063728,163,43,0,0,6,3,2,2,2,4,0,0,0,3,4,0,Normal,0,1
75795,0.831412,tcp,-,CON,6,2,978,86,8.419412,62,252,7842.080566,413.753937,4,2,19295.99467,57739.24,1483830.917,57739.232,255,661225123,2229789062,255,0.120414,0.056686,0.063728,163,43,0,0,6,3,2,2,2,4,0,0,0,3,4,0,Normal,0,1
75837,0.521458,tcp,-,CON,6,2,978,86,13.423899,62,252,12503.40332,659.688782,4,2,14960.16683,44828.708,1151995.22,44828.7,255,4162002672,3798311652,255,0.097437,0.032845,0.064592,163,43,0,0,6,3,3,3,2,5,0,0,0,3,5,0,Normal,0,1
75838,0.521458,tcp,-,CON,6,2,978,86,13.423899,62,252,12503.40332,659.688782,4,2,14960.16683,44828.708,1151995.22,44828.7,255,4162002672,3798311652,255,0.097437,0.032845,0.064592,163,43,0,0,6,3,3,3,2,5,0,0,0,3,5,0,Normal,0,1
75843,0.719081,tcp,-,CON,6,2,978,86,9.734648,62,252,9067.128906,478.388397,4,2,12455.28433,37370.404,955455.4902,37370.392,255,2055775688,3423921564,255,0.169535,0.077289,0.092246,163,43,0,0,9,3,2,2,2,5,0,0,0,4,5,0,Normal,0,1
75844,0.719081,tcp,-,CON,6,2,978,86,9.734648,62,252,9067.128906,478.388397,4,2,12455.28433,37370.404,955455.4902,37370.392,255,2055775688,3423921564,255,0.169535,0.077289,0.092246,163,43,0,0,9,3,2,2,2,5,0,0,0,4,5,0,Normal,0,1
75874,0.0,arp,-,INT,1,0,46,0,0.0,0,0,0.0,0.0,0,0,60000.688,0.0,10.954514,0.0,0,0,0,0,0.0,0.0,0.0,46,0,0,0,1,2,1,1,1,1,0,0,0,1,1,1,Normal,0,1
75875,0.0,arp,-,INT,1,0,46,0,0.0,0,0,0.0,0.0,0,0,60000.688,0.0,0.0,0.0,0,0,0,0,0.0,0.0,0.0,46,0,0,0,1,2,1,1,1,1,0,0,0,1,1,1,Normal,0,1
75932,8.732354,tcp,-,CON,12,4,1956,172,1.71775,62,252,1642.626953,118.18119,6,3,793.850341,2853.11275,79475.9349,4034.90425,255,2674109810,183287245,255,0.179453,0.091722,0.087731,163,43,0,0,11,3,6,6,2,11,0,0,0,6,12,0,Normal,0,1
75934,8.732354,tcp,-,CON,12,4,1956,172,1.71775,62,252,1642.626953,118.18119,6,3,793.850341,2853.11275,79475.9349,4034.90425,255,2674109810,183287245,255,0.179453,0.091722,0.087731,163,43,0,0,11,3,6,6,2,11,0,0,0,6,12,0,Normal,0,1
76012,16.324211,tcp,-,CON,12,4,1956,172,0.918881,62,252,878.694824,63.218983,6,3,1484.019182,5395.048,152932.6443,7629.7445,255,3328712159,2755120658,255,0.077728,0.049664,0.028064,163,43,0,0,4,3,2,2,1,4,0,0,0,2,4,0,Normal,0,1
76016,16.324211,tcp,-,CON,12,4,1956,172,0.918881,62,252,878.694824,63.218983,6,3,1484.019182,5395.048,152932.6443,7629.7445,255,3328712159,2755120658,255,0.077728,0.049664,0.028064,163,43,0,0,5,3,3,3,1,5,0,0,0,4,5,0,Normal,0,1
76064,0.0,arp,-,INT,1,0,46,0,0.0,0,0,0.0,0.0,0,0,60000.74,0.0,10.954519,0.0,0,0,0,0,0.0,0.0,0.0,46,0,0,0,1,2,1,1,1,1,0,0,0,1,1,1,Normal,0,1
76065,0.0,arp,-,INT,1,0,46,0,0.0,0,0,0.0,0.0,0,0,60000.74,0.0,0.0,0.0,0,0,0,0,0.0,0.0,0.0,46,0,0,0,1,2,1,1,1,1,0,0,0,1,1,1,Normal,0,1
76169,0.0,arp,-,INT,1,0,46,0,0.0,0,0,0.0,0.0,0,0,60000.684,0.0,0.0,0.0,0,0,0,0,0.0,0.0,0.0,46,0,0,0,1,2,1,1,1,1,0,0,0,1,1,1,Normal,0,1
76170,0.0,arp,-,INT,1,0,46,0,0.0,0,0,0.0,0.0,0,0,60000.68,0.0,10.954514,0.0,0,0,0,0,0.0,0.0,0.0,46,0,0,0,1,2,1,1,1,1,0,0,0,1,1,1,Normal,0,1
76171,2.022211,tcp,-,FIN,112,22,135669,956,65.769593,254,252,531924.6875,3611.887939,53,1,18.218117,90.334,2440.058997,173.592969,255,1505784514,2137876740,255,0.22472,0.112409,0.112311,1211,43,0,0,4,1,3,3,1,4,0,0,0,3,4,0,Normal,0,1
76172,1.191759,tcp,-,FIN,112,20,135669,870,109.921554,254,252,902585.1875,5551.458008,53,1,10.382613,58.833211,1111.192299,70.415594,255,1433874754,4088963197,255,0.118872,0.07392,0.044952,1211,44,0,0,4,1,1,1,1,4,0,0,0,1,4,0,Normal,0,1
76173,1.195487,tcp,-,FIN,112,20,135669,870,109.578772,254,252,899770.5625,5534.145996,53,1,10.684872,57.022633,1127.697081,73.925422,255,476909009,668496663,255,0.201195,0.112049,0.089146,1211,44,0,0,2,1,1,1,1,2,0,0,0,1,3,0,Normal,0,1
76174,1.372495,tcp,-,FIN,112,20,135669,870,95.44661,254,252,783728.875,4820.417969,53,1,12.149072,69.701422,1294.460596,92.364211,255,3423176353,670972416,255,0.082578,0.048165,0.034413,1211,44,0,0,2,1,1,1,1,2,0,0,0,1,3,0,Normal,0,1
76177,1.437584,tcp,-,FIN,112,20,135669,870,91.125107,254,252,748244.25,4602.165527,53,1,12.838954,70.829313,1352.416281,85.791836,255,2977944737,3276561042,255,0.153183,0.091824,0.061359,1211,44,0,0,3,1,1,1,1,2,0,0,0,2,2,0,Normal,0,1
76221,0.0,arp,-,INT,1,0,46,0,0.0,0,0,0.0,0.0,0,0,60000.744,0.0,0.0,0.0,0,0,0,0,0.0,0.0,0.0,46,0,0,0,1,2,1,1,1,1,0,0,0,1,1,1,Normal,0,1
76222,0.0,arp,-,INT,1,0,46,0,0.0,0,0,0.0,0.0,0,0,60000.744,0.0,10.95452,0.0,0,0,0,0,0.0,0.0,0.0,46,0,0,0,1,2,1,1,1,1,0,0,0,1,1,1,Normal,0,1
76299,0.0,arp,-,INT,1,0,46,0,0.0,0,0,0.0,0.0,0,0,60000.68,0.0,0.0,0.0,0,0,0,0,0.0,0.0,0.0,46,0,0,0,1,2,1,1,1,1,0,0,0,1,1,1,Normal,0,1
76300,0.0,arp,-,INT,1,0,46,0,0.0,0,0,0.0,0.0,0,0,60000.676,0.0,0.0,0.0,0,0,0,0,0.0,0.0,0.0,46,0,0,0,1,2,1,1,1,1,0,0,0,1,1,1,Normal,0,1
76301,1.610991,tcp,-,FIN,10,8,534,354,10.552511,254,252,2388.591797,1539.425171,2,0,9450.5229,11813.201,929241.522,30673.196,255,3013715546,2153571032,255,0.159558,0.124976,0.034582,53,44,0,0,5,1,1,1,1,3,0,0,0,2,3,0,Normal,0,1
76302,1.610991,tcp,-,FIN,10,8,534,354,10.552511,254,252,2388.591797,1539.425171,2,0,9450.5229,11813.201,929241.522,30673.196,255,3013715546,2153571032,255,0.159558,0.124976,0.034582,53,44,0,0,5,1,1,1,1,2,0,0,0,1,3,0,Normal,0,1
76332,0.504283,tcp,-,FIN,10,6,534,268,29.745202,254,252,7630.635742,3553.560059,1,0,6970.1125,11621.684,692238.5903,25799.194,255,1807414597,2670888470,255,0.139367,0.080098,0.059269,53,45,0,0,6,1,3,3,2,5,0,0,0,4,5,0,Normal,0,1
76333,0.504283,tcp,-,FIN,10,6,534,268,29.745202,254,252,7630.635742,3553.560059,1,0,6970.1125,11621.684,692238.5903,25799.194,255,1807414597,2670888470,255,0.139367,0.080098,0.059269,53,45,0,0,6,1,3,3,2,5,0,0,0,4,5,0,Normal,0,1
76338,0.835607,tcp,-,FIN,10,8,534,354,20.344492,254,252,4605.035645,2967.902344,1,0,6928.3142,8657.708,684463.4979,22629.716,255,797464275,2049512093,255,0.196109,0.103849,0.09226,53,44,0,0,4,1,2,1,1,3,0,0,0,1,3,0,Normal,0,1
76339,0.835607,tcp,-,FIN,10,8,534,354,20.344492,254,252,4605.035645,2967.902344,1,0,6928.3142,8657.708,684463.4979,22629.716,255,797464275,2049512093,255,0.196109,0.103849,0.09226,53,44,0,0,5,1,1,1,1,3,0,0,0,1,3,0,Normal,0,1
76343,0.76543,tcp,-,FIN,10,8,534,354,22.209739,254,252,5027.239746,3240.009033,1,0,6745.906,8433.021,667308.5814,22053.822,255,1047007729,3984467302,255,0.22215,0.157913,0.064237,53,44,0,0,6,1,3,3,2,5,0,0,0,4,5,0,Normal,0,1
76345,0.76543,tcp,-,FIN,10,8,534,354,22.209739,254,252,5027.239746,3240.009033,1,0,6745.906,8433.021,667308.5814,22053.822,255,1047007729,3984467302,255,0.22215,0.157913,0.064237,53,44,0,0,6,1,3,3,2,5,0,0,0,4,5,0,Normal,0,1
76434,59.994057,arp,-,INT,2,0,92,0,0.016668,0,0,6.133941,0.0,0,0,60000.704,0.0,14.974354,0.0,0,0,0,0,0.0,0.0,0.0,46,0,0,0,1,2,1,1,1,1,0,0,0,1,1,1,Normal,0,1
76435,59.994061,arp,-,INT,2,0,92,0,0.016668,0,0,6.133941,0.0,0,0,60000.704,0.0,12.812912,0.0,0,0,0,0,0.0,0.0,0.0,46,0,0,0,1,2,1,1,1,1,0,0,0,1,1,1,Normal,0,1
76506,3.366294,tcp,-,FIN,112,22,138237,956,39.509325,254,252,325587.7188,2169.745117,53,1,30.129378,153.118281,4632.904324,287.826062,255,157827848,1424750713,255,0.221003,0.150803,0.0702,1234,43,0,0,3,1,1,1,1,2,0,0,0,1,2,0,Normal,0,1
76597,0.0,arp,-,INT,1,0,46,0,0.0,0,0,0.0,0.0,0,0,60000.56,0.0,0.0,0.0,0,0,0,0,0.0,0.0,0.0,46,0,0,0,1,2,1,1,1,1,0,0,0,1,1,1,Normal,0,1
76598,0.0,arp,-,INT,1,0,46,0,0.0,0,0,0.0,0.0,0,0,60000.556,0.0,0.0,0.0,0,0,0,0,0.0,0.0,0.0,46,0,0,0,1,2,1,1,1,1,0,0,0,1,1,1,Normal,0,1
76650,0.0,arp,-,INT,1,0,46,0,0.0,0,0,0.0,0.0,0,0,60000.896,0.0,10.954533,0.0,0,0,0,0,0.0,0.0,0.0,46,0,0,0,1,2,1,1,1,1,0,0,0,1,1,1,Normal,0,1
76651,0.0,arp,-,INT,1,0,46,0,0.0,0,0,0.0,0.0,0,0,60000.896,0.0,10.954533,0.0,0,0,0,0,0.0,0.0,0.0,46,0,0,0,1,2,1,1,1,1,0,0,0,1,1,1,Normal,0,1
76674,0.0,arp,-,INT,1,0,46,0,0.0,0,0,0.0,0.0,0,0,60000.672,0.0,10.954513,0.0,0,0,0,0,0.0,0.0,0.0,46,0,0,0,1,2,1,1,1,1,0,0,0,1,1,1,Normal,0,1
76675,0.0,arp,-,INT,1,0,46,0,0.0,0,0,0.0,0.0,0,0,60000.676,0.0,0.0,0.0,0,0,0,0,0.0,0.0,0.0,46,0,0,0,1,2,1,1,1,1,0,0,0,1,1,1,Normal,0,1
76676,1.576453,tcp,-,FIN,112,20,137209,870,83.097944,254,252,690075.75,4196.763184,53,1,14.058264,75.917156,1466.068818,86.244078,255,377315127,1655266482,255,0.21831,0.134002,0.084308,1225,44,0,0,1,1,1,1,1,1,0,0,0,1,1,0,Normal,0,1
76705,0.0,arp,-,INT,1,0,46,0,0.0,0,0,0.0,0.0,0,0,60000.752,0.0,0.0,0.0,0,0,0,0,0.0,0.0,0.0,46,0,0,0,1,2,1,1,1,1,0,0,0,1,1,1,Normal,0,1
76706,0.0,arp,-,INT,1,0,46,0,0.0,0,0,0.0,0.0,0,0,60000.752,0.0,0.0,0.0,0,0,0,0,0.0,0.0,0.0,46,0,0,0,1,2,1,1,1,1,0,0,0,1,1,1,Normal,0,1
76717,0.0,arp,-,INT,1,0,46,0,0.0,0,0,0.0,0.0,0,0,60000.68,0.0,0.0,0.0,0,0,0,0,0.0,0.0,0.0,46,0,0,0,1,2,1,1,1,1,0,0,0,1,1,1,Normal,0,1
76718,0.0,arp,-,INT,1,0,46,0,0.0,0,0,0.0,0.0,0,0,60000.676,0.0,0.0,0.0,0,0,0,0,0.0,0.0,0.0,46,0,0,0,1,2,1,1,1,1,0,0,0,1,1,1,Normal,0,1
76744,0.0,arp,-,INT,1,0,46,0,0.0,0,0,0.0,0.0,0,0,60000.724,0.0,10.954518,0.0,0,0,0,0,0.0,0.0,0.0,46,0,0,0,1,2,1,1,1,1,0,0,0,1,1,1,Normal,0,1
76808,0.0,arp,-,INT,1,0,46,0,0.0,0,0,0.0,0.0,0,0,60000.712,0.0,0.0,0.0,0,0,0,0,0.0,0.0,0.0,46,0,0,0,1,2,1,1,1,1,0,0,0,1,1,1,Normal,0,1
76809,0.0,arp,-,INT,1,0,46,0,0.0,0,0,0.0,0.0,0,0,60000.712,0.0,15.492025,0.0,0,0,0,0,0.0,0.0,0.0,46,0,0,0,1,2,1,1,1,1,0,0,0,1,1,1,Normal,0,1
76810,0.0,arp,-,INT,1,0,46,0,0.0,0,0,0.0,0.0,0,0,60000.76,0.0,0.0,0.0,0,0,0,0,0.0,0.0,0.0,46,0,0,0,1,2,1,1,1,1,0,0,0,1,1,1,Normal,0,1
76811,0.0,arp,-,INT,1,0,46,0,0.0,0,0,0.0,0.0,0,0,60000.764,0.0,0.0,0.0,0,0,0,0,0.0,0.0,0.0,46,0,0,0,1,2,1,1,1,1,0,0,0,1,1,1,Normal,0,1
76862,0.427653,tcp,-,FIN,10,6,588,268,35.075165,254,252,9914.580078,4190.312988,1,0,5993.0968,9985.448,595193.6468,22175.764,255,2867498684,1879569776,255,0.140816,0.093061,0.047755,59,45,0,0,3,1,2,2,1,3,0,0,0,2,4,0,Normal,0,1
76864,0.427653,tcp,-,FIN,10,6,588,268,35.075165,254,252,9914.580078,4190.312988,1,0,5993.0968,9985.448,595193.6468,22175.764,255,2867498684,1879569776,255,0.140816,0.093061,0.047755,59,45,0,0,3,1,1,1,1,3,0,0,0,1,3,0,Normal,0,1
76897,0.0,arp,-,INT,1,0,46,0,0.0,0,0,0.0,0.0,0,0,60000.72,0.0,15.492026,0.0,0,0,0,0,0.0,0.0,0.0,46,0,0,0,1,2,1,1,1,1,0,0,0,1,1,1,Normal,0,1
76930,1.408832,tcp,-,FIN,10,8,534,354,12.066734,254,252,2731.340576,1760.323486,1,0,10701.1319,13379.074,1056019.809,34904.528,255,438993027,1528218254,255,0.129539,0.076386,0.053153,53,44,0,0,3,1,2,2,2,3,0,0,0,2,3,0,Normal,0,1
76931,1.408832,tcp,-,FIN,10,8,534,354,12.066734,254,252,2731.340576,1760.323486,1,0,10701.1319,13379.074,1056019.809,34904.528,255,438993027,1528218254,255,0.129539,0.076386,0.053153,53,44,0,0,3,1,2,2,2,3,0,0,0,2,3,0,Normal,0,1
76982,14.434069,tcp,-,FIN,266,48,337370,2226,21.684807,254,252,186282.6094,1208.252563,129,4,54.4645,306.267375,22090.06554,1683.037375,255,627336932,2762637970,255,0.10798,0.039498,0.068482,1268,46,0,0,3,1,1,1,1,18,0,0,0,1,1,0,Normal,0,1
76985,0.0,arp,-,INT,1,0,46,0,0.0,0,0,0.0,0.0,0,0,60000.664,0.0,10.954512,0.0,0,0,0,0,0.0,0.0,0.0,46,0,0,0,1,2,1,1,1,1,0,0,0,1,1,1,Normal,0,1
76986,0.0,arp,-,INT,1,0,46,0,0.0,0,0,0.0,0.0,0,0,60000.66,0.0,0.0,0.0,0,0,0,0,0.0,0.0,0.0,46,0,0,0,1,2,1,1,1,1,0,0,0,1,1,1,Normal,0,1
77005,13.948063,tcp,-,FIN,268,50,337933,2312,22.72717,254,252,193100.9375,1299.678711,130,4,52.436326,282.971313,20018.23456,1495.891625,255,2397240768,2442807973,255,0.081535,0.042729,0.038806,1261,46,0,0,1,1,1,1,1,31,0,0,0,1,1,0,Normal,0,1
77022,2.143895,tcp,-,FIN,30,14,21850,728,20.056953,254,252,78817.29688,2522.511719,11,3,72.775141,158.587609,5259.643475,284.086906,255,4281543623,3742565735,255,0.194254,0.082246,0.112008,728,52,0,0,1,1,18,1,1,25,0,0,0,20,1,0,Normal,0,1
77027,2.960457,tcp,-,FIN,20,14,2366,728,11.146927,254,252,6074.737793,1826.744995,5,3,153.217205,220.531688,9595.154342,361.770875,255,3265217944,589969862,255,0.16117,0.093536,0.067634,118,52,0,0,1,1,18,1,1,29,0,0,0,18,1,0,Normal,0,1
77119,31.300133,tcp,-,FIN,20,12,1068,536,0.990411,254,252,259.423828,125.750267,4,1,1647.369316,2838.4665,220094.3006,8735.675,255,1033442102,1330226172,255,0.138561,0.076991,0.06157,53,45,0,0,7,1,4,3,3,15,0,0,0,4,7,0,Normal,0,1
77120,31.300133,tcp,-,FIN,20,12,1068,536,0.990411,254,252,259.423828,125.750267,4,1,1647.369316,2838.4665,220094.3006,8735.675,255,1033442102,1330226172,255,0.138561,0.076991,0.06157,53,45,0,0,7,1,4,3,3,15,0,0,0,4,7,0,Normal,0,1
77121,31.300133,tcp,-,FIN,20,12,1068,536,0.990411,254,252,259.423828,125.750267,4,1,1647.369316,2838.4665,220094.3006,8735.675,255,1033442102,1330226172,255,0.138561,0.076991,0.06157,53,45,0,0,7,1,4,3,3,15,0,0,0,4,7,0,Normal,0,1
77122,0.0,arp,-,INT,1,0,46,0,0.0,0,0,0.0,0.0,0,0,60000.712,0.0,0.0,0.0,0,0,0,0,0.0,0.0,0.0,46,0,0,0,1,2,1,1,1,1,0,0,0,1,1,1,Normal,0,1
77123,0.0,arp,-,INT,1,0,46,0,0.0,0,0,0.0,0.0,0,0,60000.72,0.0,15.492026,0.0,0,0,0,0,0.0,0.0,0.0,46,0,0,0,1,2,1,1,1,1,0,0,0,1,1,1,Normal,0,1
77158,0.0,arp,-,INT,1,0,46,0,0.0,0,0,0.0,0.0,0,0,60000.692,0.0,10.954515,0.0,0,0,0,0,0.0,0.0,0.0,46,0,0,0,1,2,1,1,1,1,0,0,0,1,1,1,Normal,0,1
77167,0.951388,tcp,-,FIN,18,12,6096,642,30.48178,254,252,48417.67969,4952.763672,10,2,6308.164556,9463.883,839362.9519,31120.242,255,3555177093,2377276234,255,0.181983,0.093662,0.088321,339,54,0,0,5,1,2,2,2,5,0,0,0,2,5,0,Normal,0,1
77168,0.951388,tcp,-,FIN,18,12,6096,642,30.48178,254,252,48417.67969,4952.763672,10,2,6308.164556,9463.883,839362.9519,31120.242,255,3555177093,2377276234,255,0.181983,0.093662,0.088321,339,54,0,0,5,1,2,2,2,5,0,0,0,2,5,0,Normal,0,1
77175,1.169015,tcp,-,FIN,20,10,6154,556,24.807208,254,252,40013.17188,3428.527344,5,2,5455.47415,10911.748,763375.6473,32373.932,255,1844644955,90929790,255,0.151795,0.077914,0.073881,308,56,0,0,6,1,2,2,2,6,0,0,0,3,5,0,Normal,0,1
77176,1.169015,tcp,-,FIN,20,10,6154,556,24.807208,254,252,40013.17188,3428.527344,5,2,5455.47415,10911.748,763375.6473,32373.932,255,1844644955,90929790,255,0.151795,0.077914,0.073881,308,56,0,0,6,1,2,2,2,6,0,0,0,3,5,0,Normal,0,1
77177,1.342746,tcp,-,FIN,18,12,6162,642,21.597532,254,252,34675.21094,3509.226562,5,2,6092.910168,9137.938,807429.9021,29922.546,255,1456152594,827164838,255,0.096583,0.053056,0.043527,342,54,0,0,6,1,2,2,2,6,0,0,0,4,5,0,Normal,0,1
77178,1.342746,tcp,-,FIN,18,12,6162,642,21.597532,254,252,34675.21094,3509.226562,5,2,6092.910168,9137.938,807429.9021,29922.546,255,1456152594,827164838,255,0.096583,0.053056,0.043527,342,54,0,0,6,1,2,2,2,6,0,0,0,4,5,0,Normal,0,1
77183,0.0,arp,-,INT,1,0,46,0,0.0,0,0,0.0,0.0,0,0,60000.04,0.0,0.0,0.0,0,0,0,0,0.0,0.0,0.0,46,0,0,0,1,2,1,1,1,1,0,0,0,1,1,1,Normal,0,1
77184,0.0,arp,-,INT,1,0,46,0,0.0,0,0,0.0,0.0,0,0,60000.04,0.0,0.0,0.0,0,0,0,0,0.0,0.0,0.0,46,0,0,0,1,2,1,1,1,1,0,0,0,1,1,1,Normal,0,1
77200,1.352836,tcp,-,FIN,18,12,3572,642,21.436449,254,252,19952.16016,3483.053467,4,4,5422.920164,8132.0495,717619.7871,26579.746,255,374501838,2212812249,255,0.209701,0.142316,0.067385,198,54,0,0,5,1,2,2,2,4,0,0,0,2,4,0,Normal,0,1
77201,1.352836,tcp,-,FIN,18,12,3572,642,21.436449,254,252,19952.16016,3483.053467,4,4,5422.920164,8132.0495,717619.7871,26579.746,255,374501838,2212812249,255,0.209701,0.142316,0.067385,198,54,0,0,5,1,2,2,2,4,0,0,0,2,4,0,Normal,0,1
77207,0.743328,tcp,-,FIN,14,12,3338,678,33.632529,254,252,33363.46875,6694.21875,3,3,7094.719357,8273.0245,833150.5976,27239.494,255,2314179686,1387411187,255,0.099148,0.04787,0.051278,238,57,0,0,6,1,3,3,2,6,0,0,0,3,6,0,Normal,0,1
77208,0.743328,tcp,-,FIN,14,12,3338,678,33.632529,254,252,33363.46875,6694.21875,3,3,7094.719357,8273.0245,833150.5976,27239.494,255,2314179686,1387411187,255,0.099148,0.04787,0.051278,238,57,0,0,6,1,3,3,2,6,0,0,0,3,6,0,Normal,0,1
77217,0.952113,tcp,-,FIN,14,14,2060,764,28.357979,254,252,16073.72266,5965.678711,6,3,6696.660429,6692.9065,784294.6021,23893.574,255,1337649593,990521440,255,0.145145,0.100934,0.044211,147,55,0,0,6,1,3,2,2,6,0,0,0,2,6,0,Normal,0,1
77218,0.952113,tcp,-,FIN,14,14,2060,764,28.357979,254,252,16073.72266,5965.678711,6,3,6696.660429,6692.9065,784294.6021,23893.574,255,1337649593,990521440,255,0.145145,0.100934,0.044211,147,55,0,0,6,1,3,2,2,6,0,0,0,2,6,0,Normal,0,1
77243,0.0,arp,-,INT,1,0,46,0,0.0,0,0,0.0,0.0,0,0,60001.476,0.0,10.954586,0.0,0,0,0,0,0.0,0.0,0.0,46,0,0,0,1,2,1,1,1,1,0,0,0,1,1,1,Normal,0,1
77244,0.0,arp,-,INT,1,0,46,0,0.0,0,0,0.0,0.0,0,0,60001.468,0.0,0.0,0.0,0,0,0,0,0.0,0.0,0.0,46,0,0,0,1,2,1,1,1,1,0,0,0,1,1,1,Normal,0,1
77248,0.92826,tcp,-,FIN,16,10,1526,556,26.932109,254,252,12332.75098,4317.755859,8,4,4630.522876,7408.9895,578375.4575,21952.036,255,1193200033,3642890138,255,0.180018,0.090309,0.089709,95,56,0,0,6,1,2,2,2,5,0,0,0,3,5,0,Normal,0,1
77249,0.92826,tcp,-,FIN,16,10,1526,556,26.932109,254,252,12332.75098,4317.755859,8,4,4630.522876,7408.9895,578375.4575,21952.036,255,1193200033,3642890138,255,0.180018,0.090309,0.089709,95,56,0,0,6,1,2,2,2,5,0,0,0,3,5,0,Normal,0,1
77252,1.166547,tcp,-,FIN,16,12,1548,642,23.145232,254,252,9957.59375,4039.271729,8,4,7367.057186,9821.045,922776.5065,32243.938,255,3947632964,1112680136,255,0.120631,0.053688,0.066943,97,54,0,0,5,1,2,2,2,4,0,0,0,3,4,0,Normal,0,1
77253,1.166547,tcp,-,FIN,16,12,1548,642,23.145232,254,252,9957.59375,4039.271729,8,4,7367.057186,9821.045,922776.5065,32243.938,255,3947632964,1112680136,255,0.120631,0.053688,0.066943,97,54,0,0,5,1,2,2,2,4,0,0,0,3,4,0,Normal,0,1
77257,0.866497,tcp,-,FIN,16,10,1214,556,28.851803,254,252,10515.90527,4625.520996,4,2,4572.329188,7315.6495,571501.5567,21671.986,255,160164596,728788549,255,0.202462,0.088907,0.113555,76,56,0,0,4,1,1,1,1,4,0,0,0,1,6,0,Normal,0,1
77258,0.866497,tcp,-,FIN,16,10,1214,556,28.851803,254,252,10515.90527,4625.520996,4,2,4572.329188,7315.6495,571501.5567,21671.986,255,160164596,728788549,255,0.202462,0.088907,0.113555,76,56,0,0,8,1,1,1,1,6,0,0,0,1,6,0,Normal,0,1
77259,1.169863,tcp,-,FIN,14,12,1096,678,21.370024,254,252,6961.499023,4253.489746,3,6,5420.679717,6324.9905,631487.3086,20666.75,255,2324405931,2857162221,255,0.111455,0.070225,0.04123,78,57,0,0,8,1,2,2,2,6,0,0,0,3,6,0,Normal,0,1
77260,1.169863,tcp,-,FIN,14,12,1096,678,21.370024,254,252,6961.499023,4253.489746,3,6,5420.679717,6324.9905,631487.3086,20666.75,255,2324405931,2857162221,255,0.111455,0.070225,0.04123,78,57,0,0,8,1,2,2,2,6,0,0,0,3,6,0,Normal,0,1
77266,1.152803,tcp,-,FIN,16,10,1198,556,21.686274,254,252,7800.118652,3476.743408,8,2,4531.080685,7253.3335,564297.1004,21418.68,255,3860345715,15022384,255,0.097564,0.070927,0.026637,75,56,0,0,7,1,2,2,2,6,0,0,0,3,6,0,Normal,0,1
77267,1.152803,tcp,-,FIN,16,10,1198,556,21.686274,254,252,7800.118652,3476.743408,8,2,4531.080685,7253.3335,564297.1004,21418.68,255,3860345715,15022384,255,0.097564,0.070927,0.026637,75,56,0,0,7,1,2,2,2,6,0,0,0,3,6,0,Normal,0,1
77280,0.680032,tcp,-,FIN,14,12,930,678,36.762975,254,252,10164.22754,7317.302734,6,6,6916.62,8070.838,812766.1431,26577.962,255,1889633799,1688259968,255,0.181517,0.093946,0.087571,66,57,0,0,6,1,2,2,2,7,0,0,0,2,6,0,Normal,0,1
77281,0.680032,tcp,-,FIN,14,12,930,678,36.762975,254,252,10164.22754,7317.302734,6,6,6916.62,8070.838,812766.1431,26577.962,255,1889633799,1688259968,255,0.181517,0.093946,0.087571,66,57,0,0,6,1,2,2,2,7,0,0,0,2,6,0,Normal,0,1
77306,0.0,arp,-,INT,1,0,46,0,0.0,0,0,0.0,0.0,0,0,60000.628,0.0,0.0,0.0,0,0,0,0,0.0,0.0,0.0,46,0,0,0,1,2,1,1,1,1,0,0,0,1,1,1,Normal,0,1
77307,0.0,arp,-,INT,1,0,46,0,0.0,0,0,0.0,0.0,0,0,60000.636,0.0,10.954509,0.0,0,0,0,0,0.0,0.0,0.0,46,0,0,0,1,2,1,1,1,1,0,0,0,1,1,1,Normal,0,1
77368,0.0,arp,-,INT,1,0,46,0,0.0,0,0,0.0,0.0,0,0,60000.756,0.0,10.954521,0.0,0,0,0,0,0.0,0.0,0.0,46,0,0,0,1,2,1,1,1,1,0,0,0,1,1,1,Normal,0,1
77369,0.0,arp,-,INT,1,0,46,0,0.0,0,0,0.0,0.0,0,0,60000.76,0.0,0.0,0.0,0,0,0,0,0.0,0.0,0.0,46,0,0,0,1,2,1,1,1,1,0,0,0,1,1,1,Normal,0,1
77383,1.583096,tcp,ftp,FIN,64,20,68216,1026,52.428911,254,252,339340.125,4927.054199,29,4,24.694159,80.161102,2784.939504,128.455242,255,3792809637,2429792555,255,0.12454,0.060025,0.064515,1066,51,0,0,2,1,1,1,1,2,1,1,0,1,2,0,Normal,0,1
77388,1.285898,tcp,ftp,FIN,64,20,68216,1026,64.546334,254,252,417768.75,6065.800293,29,4,19.860985,65.488684,1810.825941,77.145469,255,3934108580,413837629,255,0.08839,0.041604,0.046786,1066,51,0,0,3,1,1,1,1,3,1,1,0,2,3,0,Normal,0,1
77393,1.464483,tcp,ftp,FIN,64,20,68216,1026,56.67529,254,252,366824.3125,5326.111816,29,4,23.245762,72.197211,2270.053882,101.806102,255,1398633505,3753407418,255,0.112345,0.068104,0.044241,1066,51,0,0,3,1,1,1,1,3,1,1,0,2,3,0,Normal,0,1
77394,1.315342,tcp,ftp,FIN,64,20,68216,1026,63.101462,254,252,408417.0,5930.01709,29,4,20.520317,66.425102,2145.903232,107.258023,255,502999783,2809183286,255,0.146058,0.053261,0.092797,1066,51,0,0,3,1,1,1,1,3,1,1,0,1,3,0,Normal,0,1
77402,0.0,arp,-,INT,1,0,46,0,0.0,0,0,0.0,0.0,0,0,60000.696,0.0,0.0,0.0,0,0,0,0,0.0,0.0,0.0,46,0,0,0,1,2,1,1,1,1,0,0,0,1,1,1,Normal,0,1
77403,0.0,arp,-,INT,1,0,46,0,0.0,0,0,0.0,0.0,0,0,60000.696,0.0,0.0,0.0,0,0,0,0,0.0,0.0,0.0,46,0,0,0,1,2,1,1,1,1,0,0,0,1,1,1,Normal,0,1
77406,0.0,arp,-,INT,1,0,46,0,0.0,0,0,0.0,0.0,0,0,60000.748,0.0,10.95452,0.0,0,0,0,0,0.0,0.0,0.0,46,0,0,0,1,2,1,1,1,1,0,0,0,1,1,1,Normal,0,1
77407,0.0,arp,-,INT,1,0,46,0,0.0,0,0,0.0,0.0,0,0,60000.752,0.0,0.0,0.0,0,0,0,0,0.0,0.0,0.0,46,0,0,0,1,2,1,1,1,1,0,0,0,1,1,1,Normal,0,1
77409,0.0,arp,-,INT,1,0,46,0,0.0,0,0,0.0,0.0,0,0,60000.672,0.0,15.492021,0.0,0,0,0,0,0.0,0.0,0.0,46,0,0,0,1,2,1,1,1,1,0,0,0,1,1,1,Normal,0,1
77410,0.0,arp,-,INT,1,0,46,0,0.0,0,0,0.0,0.0,0,0,60000.68,0.0,0.0,0.0,0,0,0,0,0.0,0.0,0.0,46,0,0,0,1,2,1,1,1,1,0,0,0,1,1,1,Normal,0,1
77412,0.0,arp,-,INT,1,0,46,0,0.0,0,0,0.0,0.0,0,0,60000.448,0.0,0.0,0.0,0,0,0,0,0.0,0.0,0.0,46,0,0,0,1,2,1,1,1,1,0,0,0,1,1,1,Normal,0,1
77413,0.0,arp,-,INT,1,0,46,0,0.0,0,0,0.0,0.0,0,0,60000.444,0.0,0.0,0.0,0,0,0,0,0.0,0.0,0.0,46,0,0,0,1,2,1,1,1,1,0,0,0,1,1,1,Normal,0,1
77415,17.556616,udp,-,INT,4,0,2128,0,0.170876,254,0,727.247192,0.0,0,0,5852.2055,0.0,8276.2605,0.0,0,0,0,0,0.0,0.0,0.0,532,0,0,0,39,2,10,10,1,37,0,0,0,11,37,0,Normal,0,1
77420,11.958102,udp,-,INT,4,0,2130,0,0.250876,254,0,1069.065918,0.0,0,0,3986.034,0.0,5637.095,0.0,0,0,0,0,0.0,0.0,0.0,533,0,0,0,39,2,14,14,1,37,0,0,0,15,37,0,Normal,0,1
77422,12.45212,udp,-,INT,4,0,2290,0,0.240923,254,0,1103.747803,0.0,0,0,4150.70675,0.0,5869.9735,0.0,0,0,0,0,0.0,0.0,0.0,573,0,0,0,39,2,14,14,1,37,0,0,0,15,37,0,Normal,0,1
77429,16.528229,udp,-,INT,4,0,2130,0,0.181508,254,0,773.4646,0.0,0,0,5509.4095,0.0,7791.4715,0.0,0,0,0,0,0.0,0.0,0.0,533,0,0,0,39,2,10,10,1,37,0,0,0,10,37,0,Normal,0,1
77479,10.32314,udp,-,INT,4,0,2128,0,0.290609,254,0,1236.833008,0.0,0,0,3441.04675,0.0,4866.3645,0.0,0,0,0,0,0.0,0.0,0.0,532,0,0,0,36,2,12,12,1,35,0,0,0,12,35,0,Normal,0,1
77501,1e-06,udp,-,INT,2,0,1064,0,1000000.003,254,0,4256000000.0,0.0,0,0,0.001,0.0,0.0,0.0,0,0,0,0,0.0,0.0,0.0,532,0,0,0,36,2,3,3,1,35,0,0,0,3,35,0,Normal,0,1
77565,1e-06,udp,-,INT,2,0,1064,0,1000000.003,254,0,4256000000.0,0.0,0,0,0.001,0.0,0.0,0.0,0,0,0,0,0.0,0.0,0.0,532,0,0,0,35,2,12,11,1,35,0,0,0,11,35,0,Normal,0,1
77627,0.0,arp,-,INT,1,0,46,0,0.0,0,0,0.0,0.0,0,0,60001.04,0.0,15.492067,0.0,0,0,0,0,0.0,0.0,0.0,46,0,0,0,1,2,1,1,1,1,0,0,0,1,1,1,Normal,0,1
77628,0.0,arp,-,INT,1,0,46,0,0.0,0,0,0.0,0.0,0,0,60001.048,0.0,0.0,0.0,0,0,0,0,0.0,0.0,0.0,46,0,0,0,1,2,1,1,1,1,0,0,0,1,1,1,Normal,0,1
77629,0.0,arp,-,INT,1,0,46,0,0.0,0,0,0.0,0.0,0,0,60000.712,0.0,0.0,0.0,0,0,0,0,0.0,0.0,0.0,46,0,0,0,1,2,1,1,1,1,0,0,0,1,1,1,Normal,0,1
77630,0.0,arp,-,INT,1,0,46,0,0.0,0,0,0.0,0.0,0,0,60000.712,0.0,0.0,0.0,0,0,0,0,0.0,0.0,0.0,46,0,0,0,1,2,1,1,1,1,0,0,0,1,1,1,Normal,0,1
77631,0.0,arp,-,INT,1,0,46,0,0.0,0,0,0.0,0.0,0,0,60000.652,0.0,0.0,0.0,0,0,0,0,0.0,0.0,0.0,46,0,0,0,1,2,1,1,1,1,0,0,0,1,1,1,Normal,0,1
77632,0.0,arp,-,INT,1,0,46,0,0.0,0,0,0.0,0.0,0,0,60000.648,0.0,0.0,0.0,0,0,0,0,0.0,0.0,0.0,46,0,0,0,1,2,1,1,1,1,0,0,0,1,1,1,Normal,0,1
77645,0.0,arp,-,INT,1,0,46,0,0.0,0,0,0.0,0.0,0,0,60000.76,0.0,0.0,0.0,0,0,0,0,0.0,0.0,0.0,46,0,0,0,1,2,1,1,1,1,0,0,0,1,1,1,Normal,0,1
77646,0.0,arp,-,INT,1,0,46,0,0.0,0,0,0.0,0.0,0,0,60000.736,0.0,15.492028,0.0,0,0,0,0,0.0,0.0,0.0,46,0,0,0,1,2,1,1,1,1,0,0,0,1,1,1,Normal,0,1
77687,0.0,arp,-,INT,1,0,46,0,0.0,0,0,0.0,0.0,0,0,60000.716,0.0,10.954517,0.0,0,0,0,0,0.0,0.0,0.0,46,0,0,0,1,2,1,1,1,1,0,0,0,1,1,1,Normal,0,1
77688,0.0,arp,-,INT,1,0,46,0,0.0,0,0,0.0,0.0,0,0,60000.744,0.0,0.0,0.0,0,0,0,0,0.0,0.0,0.0,46,0,0,0,1,2,1,1,1,1,0,0,0,1,1,1,Normal,0,1
77715,0.0,arp,-,INT,1,0,46,0,0.0,0,0,0.0,0.0,0,0,60000.696,0.0,10.954515,0.0,0,0,0,0,0.0,0.0,0.0,46,0,0,0,1,2,1,1,1,1,0,0,0,1,1,1,Normal,0,1
77716,0.0,arp,-,INT,1,0,46,0,0.0,0,0,0.0,0.0,0,0,60000.692,0.0,10.954515,0.0,0,0,0,0,0.0,0.0,0.0,46,0,0,0,1,2,1,1,1,1,0,0,0,1,1,1,Normal,0,1
77717,0.0,arp,-,INT,1,0,46,0,0.0,0,0,0.0,0.0,0,0,60000.664,0.0,0.0,0.0,0,0,0,0,0.0,0.0,0.0,46,0,0,0,1,2,1,1,1,1,0,0,0,1,1,1,Normal,0,1
77718,0.0,arp,-,INT,1,0,46,0,0.0,0,0,0.0,0.0,0,0,60000.656,0.0,0.0,0.0,0,0,0,0,0.0,0.0,0.0,46,0,0,0,1,2,1,1,1,1,0,0,0,1,1,1,Normal,0,1
77751,0.0,arp,-,INT,1,0,46,0,0.0,0,0,0.0,0.0,0,0,60000.76,0.0,0.0,0.0,0,0,0,0,0.0,0.0,0.0,46,0,0,0,1,2,1,1,1,1,0,0,0,1,1,1,Normal,0,1
77752,0.0,arp,-,INT,1,0,46,0,0.0,0,0,0.0,0.0,0,0,60000.76,0.0,0.0,0.0,0,0,0,0,0.0,0.0,0.0,46,0,0,0,1,2,1,1,1,1,0,0,0,1,1,1,Normal,0,1
77772,0.0,arp,-,INT,1,0,46,0,0.0,0,0,0.0,0.0,0,0,60000.74,0.0,0.0,0.0,0,0,0,0,0.0,0.0,0.0,46,0,0,0,1,2,1,1,1,1,0,0,0,1,1,1,Normal,0,1
77773,32.076466,tcp,-,FIN,30,14,17794,622,1.340547,254,252,4289.999023,144.155533,14,1,1105.28569,2464.6515,185223.9894,8403.852,255,1553936482,4004626129,255,0.068165,0.035988,0.032177,593,44,0,0,5,1,3,2,2,5,0,0,0,3,5,0,Normal,0,1
77774,32.076466,tcp,-,FIN,30,14,17794,622,1.340547,254,252,4289.999023,144.155533,14,1,1105.28569,2464.6515,185223.9894,8403.852,255,1553936482,4004626129,255,0.068165,0.035988,0.032177,593,44,0,0,5,1,3,2,2,5,0,0,0,3,5,0,Normal,0,1
77799,0.0,arp,-,INT,1,0,46,0,0.0,0,0,0.0,0.0,0,0,60000.7,0.0,0.0,0.0,0,0,0,0,0.0,0.0,0.0,46,0,0,0,1,2,1,1,1,1,0,0,0,1,1,1,Normal,0,1
77800,0.0,arp,-,INT,1,0,46,0,0.0,0,0,0.0,0.0,0,0,60000.696,0.0,0.0,0.0,0,0,0,0,0.0,0.0,0.0,46,0,0,0,1,2,1,1,1,1,0,0,0,1,1,1,Normal,0,1
77806,42.216057,tcp,-,FIN,20,12,1048,536,0.734318,254,252,188.743347,93.234665,4,1,2220.913158,3833.16725,302568.9341,11986.833,255,999768825,3973739534,255,0.066263,0.051205,0.015058,52,45,0,0,10,1,2,2,2,9,0,0,0,2,9,0,Normal,0,1
77807,42.216057,tcp,-,FIN,20,12,1048,536,0.734318,254,252,188.743347,93.234665,4,1,2220.913158,3833.16725,302568.9341,11986.833,255,999768825,3973739534,255,0.066263,0.051205,0.015058,52,45,0,0,10,1,2,2,2,9,0,0,0,2,9,0,Normal,0,1
77808,37.357693,tcp,-,FIN,20,14,2052,622,0.883352,254,252,417.584686,123.776382,6,1,1964.971895,2869.4375,265100.2294,9731.082,255,3338653937,1208034848,255,0.08881,0.054997,0.033813,103,44,0,0,10,1,4,3,2,9,0,0,0,4,9,0,Normal,0,1
77809,37.357693,tcp,-,FIN,20,14,2052,622,0.883352,254,252,417.584686,123.776382,6,1,1964.971895,2869.4375,265100.2294,9731.082,255,3338653937,1208034848,255,0.08881,0.054997,0.033813,103,44,0,0,10,1,4,3,2,9,0,0,0,4,9,0,Normal,0,1
77833,0.0,arp,-,INT,1,0,46,0,0.0,0,0,0.0,0.0,0,0,60000.716,0.0,0.0,0.0,0,0,0,0,0.0,0.0,0.0,46,0,0,0,1,2,1,1,1,1,0,0,0,1,1,1,Normal,0,1
77834,0.0,arp,-,INT,1,0,46,0,0.0,0,0,0.0,0.0,0,0,60000.712,0.0,10.954517,0.0,0,0,0,0,0.0,0.0,0.0,46,0,0,0,1,2,1,1,1,1,0,0,0,1,1,1,Normal,0,1
77836,0.0,arp,-,INT,1,0,46,0,0.0,0,0,0.0,0.0,0,0,60000.708,0.0,10.954516,0.0,0,0,0,0,0.0,0.0,0.0,46,0,0,0,1,2,1,1,1,1,0,0,0,1,1,1,Normal,0,1
77837,0.0,arp,-,INT,1,0,46,0,0.0,0,0,0.0,0.0,0,0,60000.708,0.0,0.0,0.0,0,0,0,0,0.0,0.0,0.0,46,0,0,0,1,2,1,1,1,1,0,0,0,1,1,1,Normal,0,1
77838,0.0,arp,-,INT,1,0,46,0,0.0,0,0,0.0,0.0,0,0,60000.736,0.0,0.0,0.0,0,0,0,0,0.0,0.0,0.0,46,0,0,0,1,2,1,1,1,1,0,0,0,1,1,1,Normal,0,1
77839,0.0,arp,-,INT,1,0,46,0,0.0,0,0,0.0,0.0,0,0,60000.74,0.0,0.0,0.0,0,0,0,0,0.0,0.0,0.0,46,0,0,0,1,2,1,1,1,1,0,0,0,1,1,1,Normal,0,1
77841,0.0,arp,-,INT,1,0,46,0,0.0,0,0,0.0,0.0,0,0,60000.708,0.0,10.954516,0.0,0,0,0,0,0.0,0.0,0.0,46,0,0,0,1,2,1,1,1,1,0,0,0,1,1,1,Normal,0,1
77842,0.0,arp,-,INT,1,0,46,0,0.0,0,0,0.0,0.0,0,0,60000.704,0.0,10.954516,0.0,0,0,0,0,0.0,0.0,0.0,46,0,0,0,1,2,1,1,1,1,0,0,0,1,1,1,Normal,0,1
77875,3e-06,udp,-,INT,2,0,1636,0,333333.3215,254,0,2181333248.0,0.0,0,0,0.003,0.0,0.0,0.0,0,0,0,0,0.0,0.0,0.0,818,0,0,0,26,2,18,18,1,26,0,0,0,18,26,0,Normal,0,1
77881,6e-06,udp,-,INT,2,0,2162,0,166666.6608,254,0,1441333248.0,0.0,0,0,0.006,0.0,0.0,0.0,0,0,0,0,0.0,0.0,0.0,1081,0,0,0,26,2,18,18,1,26,0,0,0,18,26,0,Normal,0,1
77887,59.991451,arp,-,INT,2,0,92,0,0.016669,0,0,6.134207,0.0,0,0,59991.448,0.0,15.490829,0.0,0,0,0,0,0.0,0.0,0.0,46,0,0,0,1,2,1,1,1,1,0,0,0,1,1,1,Normal,0,1
77888,59.991451,arp,-,INT,2,0,92,0,0.016669,0,0,6.134207,0.0,0,0,59991.448,0.0,15.490829,0.0,0,0,0,0,0.0,0.0,0.0,46,0,0,0,1,2,1,1,1,1,0,0,0,1,1,1,Normal,0,1
77889,59.994816,arp,-,INT,2,0,92,0,0.016668,0,0,6.133863,0.0,0,0,60000.696,0.0,12.432852,0.0,0,0,0,0,0.0,0.0,0.0,46,0,0,0,1,2,1,1,1,1,0,0,0,1,1,1,Normal,0,1
77890,59.99482,arp,-,INT,2,0,92,0,0.016668,0,0,6.133863,0.0,0,0,60000.68,0.0,0.0,0.0,0,0,0,0,0.0,0.0,0.0,46,0,0,0,1,2,1,1,1,1,0,0,0,1,1,1,Normal,0,1
77964,0.463129,tcp,-,FIN,10,6,582,268,32.388383,254,252,9051.473633,3869.332275,1,0,11763.7817,19593.568,1171690.668,43667.312,255,2096672728,802654265,255,0.079147,0.044018,0.035129,58,45,0,0,5,1,3,3,2,5,0,0,0,3,5,0,Normal,0,1
77966,0.463129,tcp,-,FIN,10,6,582,268,32.388383,254,252,9051.473633,3869.332275,1,0,11763.7817,19593.568,1171690.668,43667.312,255,2096672728,802654265,255,0.079147,0.044018,0.035129,58,45,0,0,5,1,3,3,2,5,0,0,0,3,5,0,Normal,0,1
78040,0.712103,tcp,-,FIN,10,6,584,268,21.064368,254,252,5909.257324,2516.489746,1,0,10255.6808,17094.768,1018965.354,37927.108,255,1324605474,4272570414,255,0.102246,0.076984,0.025262,58,45,0,0,5,1,2,2,2,4,0,0,0,2,4,0,Normal,0,1
78041,0.712103,tcp,-,FIN,10,6,584,268,21.064368,254,252,5909.257324,2516.489746,1,0,10255.6808,17094.768,1018965.354,37927.108,255,1324605474,4272570414,255,0.102246,0.076984,0.025262,58,45,0,0,5,1,2,2,2,4,0,0,0,2,4,0,Normal,0,1
78054,0.0,arp,-,INT,1,0,46,0,0.0,0,0,0.0,0.0,0,0,60000.76,0.0,10.954521,0.0,0,0,0,0,0.0,0.0,0.0,46,0,0,0,1,2,1,1,1,1,0,0,0,1,1,1,Normal,0,1
78126,2.27488,tcp,-,FIN,118,24,152355,1042,61.981293,254,252,531242.125,3513.152344,56,1,19.34306,94.072828,1994.756489,131.151797,255,649565103,2085829296,255,0.175665,0.111202,0.064463,1291,43,0,0,5,1,1,1,1,1,0,0,0,2,1,0,Normal,0,1
78138,0.618465,tcp,-,FIN,10,6,578,268,24.253595,254,252,6739.265625,2897.496094,1,0,11797.6043,19662.676,1173529.808,43747.04,255,1142829040,2915389733,255,0.202392,0.124276,0.078116,58,45,0,0,3,1,2,2,2,3,0,0,0,3,3,0,Normal,0,1
78140,0.618465,tcp,-,FIN,10,6,578,268,24.253595,254,252,6739.265625,2897.496094,1,0,11797.6043,19662.676,1173529.808,43747.04,255,1142829040,2915389733,255,0.202392,0.124276,0.078116,58,45,0,0,3,1,2,2,2,3,0,0,0,3,3,0,Normal,0,1
78174,0.0,arp,-,INT,1,0,46,0,0.0,0,0,0.0,0.0,0,0,60000.736,0.0,15.492028,0.0,0,0,0,0,0.0,0.0,0.0,46,0,0,0,1,2,1,1,1,1,0,0,0,1,1,1,Normal,0,1
78175,0.0,arp,-,INT,1,0,46,0,0.0,0,0,0.0,0.0,0,0,60000.736,0.0,0.0,0.0,0,0,0,0,0.0,0.0,0.0,46,0,0,0,1,2,1,1,1,1,0,0,0,1,1,1,Normal,0,1
78430,59.991215,arp,-,INT,2,0,92,0,0.016669,0,0,6.134232,0.0,0,0,59995.804,0.0,0.0,0.0,0,0,0,0,0.0,0.0,0.0,46,0,0,0,1,2,1,1,1,1,0,0,0,1,1,1,Normal,0,1
78431,59.991219,arp,-,INT,2,0,92,0,0.016669,0,0,6.134231,0.0,0,0,59995.8,0.0,17.916123,0.0,0,0,0,0,0.0,0.0,0.0,46,0,0,0,1,2,1,1,1,1,0,0,0,1,1,1,Normal,0,1
78628,0.0,arp,-,INT,1,0,46,0,0.0,0,0,0.0,0.0,0,0,60001.216,0.0,0.0,0.0,0,0,0,0,0.0,0.0,0.0,46,0,0,0,1,2,1,1,1,1,0,0,0,1,1,1,Normal,0,1
78629,0.0,arp,-,INT,1,0,46,0,0.0,0,0,0.0,0.0,0,0,60001.216,0.0,15.492091,0.0,0,0,0,0,0.0,0.0,0.0,46,0,0,0,1,2,1,1,1,1,0,0,0,1,1,1,Normal,0,1
78665,2.592316,tcp,-,FIN,224,36,285505,1558,99.910662,254,252,877149.25,4675.355957,109,1,11.371171,71.91457,1293.194776,81.564922,255,362752212,3384895110,255,0.102817,0.075303,0.027514,1275,43,0,0,2,1,1,1,1,1,0,0,0,1,1,0,Normal,0,1
78668,2.837376,tcp,-,FIN,220,36,280956,1558,89.871765,254,252,788556.6875,4271.552246,107,1,12.706379,77.850484,1636.613238,124.035938,255,3591236749,2413524568,255,0.213588,0.112603,0.100985,1277,43,0,0,2,1,1,1,1,1,0,0,0,2,1,0,Normal,0,1
78672,2.681358,tcp,-,FIN,218,36,276497,1558,94.35517,254,252,821163.0,4520.097656,106,1,12.529711,72.343461,1383.229145,83.024453,255,3624482030,2862839484,255,0.20726,0.148622,0.058638,1268,43,0,0,2,1,1,1,1,1,0,0,0,1,1,0,Normal,0,1
78676,2.395712,tcp,-,FIN,208,36,271693,1558,101.431228,254,252,902903.25,5059.039062,101,1,11.573488,65.855398,1289.494396,76.399492,255,2206270270,2854416105,255,0.144284,0.09006,0.054224,1306,43,0,0,2,1,1,1,1,2,0,0,0,1,2,0,Normal,0,1
78679,2.532552,tcp,-,FIN,210,36,267404,1558,96.740363,254,252,840672.9375,4785.686523,102,1,12.117474,70.250313,1419.855117,84.487805,255,900439240,4112035698,255,0.129199,0.072757,0.056442,1273,43,0,0,2,1,1,1,1,2,0,0,0,2,2,0,Normal,0,1
78682,3.119906,tcp,-,FIN,206,38,262860,1644,77.886963,254,252,670748.4375,4105.251953,100,1,15.288853,82.469727,1730.369595,98.561414,255,944879047,978941666,255,0.167644,0.068517,0.099127,1276,43,0,0,2,1,2,1,1,1,0,0,0,1,1,0,Normal,0,1
78684,2.618274,tcp,-,FIN,198,36,258141,1558,88.989923,254,252,784755.125,4629.003906,96,1,13.290731,70.257969,1463.526584,85.653398,255,3816699373,2929812909,255,0.210778,0.129618,0.08116,1304,43,0,0,1,1,1,1,1,1,0,0,0,1,1,0,Normal,0,1
78692,2.123456,tcp,-,FIN,186,32,235756,1386,102.191898,254,252,883424.0,5059.67627,90,1,11.47814,66.476227,1263.984646,75.733477,255,3593835612,4259355541,255,0.147883,0.061849,0.086034,1268,43,0,0,1,1,1,1,1,1,0,0,0,1,1,0,Normal,0,1
78694,2.135017,tcp,-,FIN,182,30,231207,1300,98.828257,254,252,861583.8125,4710.032715,88,1,11.789536,70.093758,1307.919957,83.152172,255,2851842031,4087452415,255,0.183386,0.102295,0.081091,1270,43,0,0,2,1,1,1,1,2,0,0,0,1,2,0,Normal,0,1
78696,2.572609,tcp,-,FIN,172,30,226403,1300,78.130802,254,252,699949.375,3908.872314,83,1,14.722836,86.322031,1588.136872,107.279438,255,1285481794,2679328050,255,0.198695,0.069268,0.129427,1316,43,0,0,2,1,1,1,1,2,0,0,0,1,2,0,Normal,0,1
78699,0.0,arp,-,INT,1,0,46,0,0.0,0,0,0.0,0.0,0,0,60000.76,0.0,0.0,0.0,0,0,0,0,0.0,0.0,0.0,46,0,0,0,1,2,1,1,1,1,0,0,0,1,1,1,Normal,0,1
78700,0.0,arp,-,INT,1,0,46,0,0.0,0,0,0.0,0.0,0,0,60000.764,0.0,0.0,0.0,0,0,0,0,0.0,0.0,0.0,46,0,0,0,1,2,1,1,1,1,0,0,0,1,1,1,Normal,0,1
78703,1.921637,tcp,-,FIN,176,30,222199,1300,106.679874,254,252,919786.5625,5233.038086,85,1,10.854206,64.086449,1188.450837,75.338672,255,2763971420,2740015763,255,0.105448,0.063122,0.042326,1262,43,0,0,1,1,1,1,1,1,0,0,0,2,1,0,Normal,0,1
78706,2.22647,tcp,-,FIN,166,30,213021,1300,87.582586,254,252,760802.5,4516.566406,80,1,13.387631,74.151313,1514.415594,92.394641,255,3874346839,231456860,255,0.114119,0.076079,0.03804,1283,43,0,0,3,1,1,1,1,2,0,0,0,2,2,0,Normal,0,1
78710,1.808869,tcp,-,FIN,162,28,208477,1214,104.485178,254,252,916333.875,5178.926758,78,1,11.169843,64.979035,1243.661893,77.325609,255,1621574923,1438956372,255,0.157769,0.054431,0.103338,1287,43,0,0,2,1,1,1,1,2,0,0,0,1,2,0,Normal,0,1
78751,13.56298,tcp,-,FIN,270,50,339100,2312,23.519905,254,252,199274.7969,1336.579468,131,4,50.797678,274.8255,17873.86409,1343.74225,255,2906997631,3942934251,255,0.188408,0.096128,0.09228,1256,46,0,0,2,1,1,1,1,2,0,0,0,2,2,0,Normal,0,1
78756,0.0,arp,-,INT,1,0,46,0,0.0,0,0,0.0,0.0,0,0,60000.716,0.0,10.954517,0.0,0,0,0,0,0.0,0.0,0.0,46,0,0,0,1,2,1,1,1,1,0,0,0,1,1,1,Normal,0,1
78757,0.0,arp,-,INT,1,0,46,0,0.0,0,0,0.0,0.0,0,0,60000.712,0.0,15.492025,0.0,0,0,0,0,0.0,0.0,0.0,46,0,0,0,1,2,1,1,1,1,0,0,0,1,1,1,Normal,0,1
78836,0.0,arp,-,INT,1,0,46,0,0.0,0,0,0.0,0.0,0,0,60000.648,0.0,10.954511,0.0,0,0,0,0,0.0,0.0,0.0,46,0,0,0,1,2,1,1,1,1,0,0,0,1,1,1,Normal,0,1
78837,0.0,arp,-,INT,1,0,46,0,0.0,0,0,0.0,0.0,0,0,60000.652,0.0,0.0,0.0,0,0,0,0,0.0,0.0,0.0,46,0,0,0,1,2,1,1,1,1,0,0,0,1,1,1,Normal,0,1
78850,4.823825,tcp,-,FIN,134,132,136694,136646,54.935659,254,252,225006.5156,224902.0313,55,54,36.537925,36.018961,3143.523625,3277.86144,255,1654238399,1848600532,255,0.179217,0.10534,0.073877,1020,1035,0,0,7,1,1,1,1,1,0,0,0,1,1,0,Normal,0,1
78858,3.931962,tcp,-,FIN,130,132,136562,136596,66.379075,254,252,275713.75,275815.4688,55,55,29.866977,29.670772,2613.121898,2878.859886,255,19367363,3418300664,255,0.150145,0.04509,0.105055,1050,1035,0,0,2,1,1,2,1,2,0,0,0,2,1,0,Normal,0,1
78862,4.406479,tcp,-,FIN,130,128,136506,136440,58.323212,254,252,245921.5313,245774.4688,53,55,34.420211,33.996032,2848.108627,3103.401316,255,1442919603,3989232975,255,0.169763,0.088973,0.08079,1050,1066,0,0,4,1,1,1,1,1,0,0,0,2,1,0,Normal,0,1
78865,5.312246,tcp,-,FIN,130,130,136502,136456,48.755274,254,252,203984.5313,203916.7656,55,54,41.176395,40.404851,5384.666165,6040.278254,255,403175321,1711814131,255,0.158147,0.10001,0.058137,1050,1050,0,0,2,1,1,1,1,1,0,0,0,1,1,0,Normal,0,1
78872,7.116025,tcp,-,FIN,132,134,136104,136216,37.239892,254,252,151852.1875,151994.9688,54,55,54.320802,52.646588,6671.732872,6090.480307,255,3557488153,954741489,255,0.206051,0.1135,0.092551,1031,1017,0,0,1,1,1,1,1,1,0,0,0,1,1,0,Normal,0,1
78880,15.555825,tcp,-,FIN,132,126,135610,135378,16.521142,254,252,69212.91406,69069.42969,51,52,118.743934,124.637231,18111.43566,17879.48005,255,3804298056,1714605065,255,0.15963,0.100807,0.058823,1027,1074,0,0,3,1,1,1,1,1,0,0,0,1,1,0,Normal,0,1
78887,0.0,arp,-,INT,1,0,46,0,0.0,0,0,0.0,0.0,0,0,60000.656,0.0,0.0,0.0,0,0,0,0,0.0,0.0,0.0,46,0,0,0,1,2,1,1,1,1,0,0,0,1,1,1,Normal,0,1
78888,0.0,arp,-,INT,1,0,46,0,0.0,0,0,0.0,0.0,0,0,60000.656,0.0,0.0,0.0,0,0,0,0,0.0,0.0,0.0,46,0,0,0,1,2,1,1,1,1,0,0,0,1,1,1,Normal,0,1
78898,7.673973,tcp,-,FIN,130,124,128392,128094,32.968581,254,252,132817.7656,132459.1563,52,50,59.952914,61.261276,7724.378216,7171.956079,255,84763317,2692963733,255,0.235086,0.138144,0.096942,988,1033,0,0,4,1,1,2,1,1,0,0,0,2,1,0,Normal,0,1
78912,3.754039,tcp,-,FIN,116,114,119622,119490,61.000964,254,252,252721.9375,252404.4063,48,47,32.921674,32.91899,3378.273704,3393.17534,255,3113150755,403290598,255,0.112965,0.067109,0.045856,1031,1048,0,0,5,1,1,2,1,1,0,0,0,3,1,0,Normal,0,1
78971,0.0,arp,-,INT,1,0,46,0,0.0,0,0,0.0,0.0,0,0,60000.784,0.0,15.492035,0.0,0,0,0,0,0.0,0.0,0.0,46,0,0,0,1,2,1,1,1,1,0,0,0,1,1,1,Normal,0,1
78972,0.0,arp,-,INT,1,0,46,0,0.0,0,0,0.0,0.0,0,0,60000.784,0.0,10.954522,0.0,0,0,0,0,0.0,0.0,0.0,46,0,0,0,1,2,1,1,1,1,0,0,0,1,1,1,Normal,0,1
79005,54.291714,tcp,-,FIN,20,12,1272,536,0.57099,254,252,178.148727,72.497253,6,1,3013.301889,4928.7425,395108.8331,15246.948,255,3447494419,622226882,255,0.198741,0.075541,0.1232,64,45,0,0,12,1,4,3,2,11,0,0,0,3,13,0,Normal,0,1
79006,54.291714,tcp,-,FIN,20,12,1272,536,0.57099,254,252,178.148727,72.497253,6,1,3013.301889,4928.7425,395108.8331,15246.948,255,3447494419,622226882,255,0.198741,0.075541,0.1232,64,45,0,0,12,1,4,3,2,11,0,0,0,3,13,0,Normal,0,1
79038,1.871307,tcp,-,FIN,10,8,608,354,9.08456,254,252,2342.747559,1325.276978,2,0,8741.7984,10922.098,855527.5901,28227.014,255,1523097425,3823102655,255,0.196137,0.089787,0.10635,61,44,0,0,5,1,2,2,2,4,0,0,0,2,4,0,Normal,0,1
79039,1.871307,tcp,-,FIN,10,8,608,354,9.08456,254,252,2342.747559,1325.276978,2,0,8741.7984,10922.098,855527.5901,28227.014,255,1523097425,3823102655,255,0.196137,0.089787,0.10635,61,44,0,0,5,1,2,2,2,4,0,0,0,2,4,0,Normal,0,1
79040,0.0,arp,-,INT,1,0,46,0,0.0,0,0,0.0,0.0,0,0,60000.752,0.0,15.49203,0.0,0,0,0,0,0.0,0.0,0.0,46,0,0,0,1,2,1,1,1,1,0,0,0,1,1,1,Normal,0,1
79041,0.0,arp,-,INT,1,0,46,0,0.0,0,0,0.0,0.0,0,0,60000.752,0.0,0.0,0.0,0,0,0,0,0.0,0.0,0.0,46,0,0,0,1,2,1,1,1,1,0,0,0,1,1,1,Normal,0,1
79044,1.763429,tcp,-,FIN,112,22,135649,956,75.421237,254,252,609893.5625,4141.930176,53,1,15.500703,80.584047,1600.093458,105.469195,255,1505845887,1819507034,255,0.203008,0.071155,0.131853,1211,43,0,0,2,1,1,1,1,2,0,0,0,1,2,0,Normal,0,1
79046,1.739217,tcp,-,FIN,112,20,135649,870,75.321249,254,252,618384.0,3804.010498,53,1,15.668622,82.346945,1633.949141,99.422055,255,843939904,2414083419,255,0.265321,0.173858,0.091463,1211,44,0,0,2,1,1,1,1,2,0,0,0,1,2,0,Normal,0,1
79049,2.132218,tcp,-,FIN,112,22,135649,956,62.376365,254,252,504406.25,3425.541016,53,1,19.209171,97.924477,1927.804108,122.383117,255,2193249457,771986416,255,0.240682,0.074986,0.165696,1211,43,0,0,2,1,1,1,1,1,0,0,0,2,1,0,Normal,0,1
79053,1.789787,tcp,-,FIN,112,20,135649,870,73.193065,254,252,600911.6875,3696.529053,53,1,16.11737,90.071156,1621.108785,99.068086,255,108072696,175957119,255,0.182198,0.078432,0.103766,1211,44,0,0,2,1,1,1,1,2,0,0,0,1,2,0,Normal,0,1
79054,2.606115,tcp,-,FIN,112,22,135649,956,51.033817,254,252,412684.75,2802.63916,53,1,22.682612,118.42743,2559.643419,188.509359,255,941597441,868576832,255,0.287133,0.11913,0.168003,1211,43,0,0,2,1,1,1,1,2,0,0,0,1,2,0,Normal,0,1
79068,1.884276,tcp,-,FIN,112,22,135649,956,70.584138,254,252,570778.375,3876.289795,53,1,16.973099,86.292336,1737.318862,99.328711,255,1593074511,4137141080,255,0.140276,0.072132,0.068144,1211,43,0,0,4,1,1,1,1,2,0,0,0,2,2,0,Normal,0,1
79070,1.937006,tcp,-,FIN,112,22,135649,956,68.662668,254,252,555240.4375,3770.767822,53,1,17.080054,86.286336,1771.538357,107.367547,255,4013752089,1341315054,255,0.222793,0.124992,0.097801,1211,43,0,0,4,1,1,1,1,2,0,0,0,1,2,0,Normal,0,1
79077,2.079715,tcp,-,FIN,108,24,135479,1042,62.9894,254,252,516320.75,3842.834229,51,1,19.430458,84.757781,1903.150669,98.486375,255,3999268976,1553644041,255,0.185686,0.130285,0.055401,1254,43,0,0,3,1,1,1,1,2,0,0,0,1,3,0,Normal,0,1
79085,2.014436,tcp,-,FIN,112,22,135649,956,66.023443,254,252,533898.3125,3625.828857,53,1,17.946324,89.227336,2164.811018,159.339766,255,3430737206,1808438161,255,0.24504,0.140657,0.104383,1211,43,0,0,3,1,1,1,1,3,0,0,0,1,3,0,Normal,0,1
79086,1.136178,tcp,-,FIN,10,8,576,354,14.962444,254,252,3654.356934,2182.756592,1,0,11842.3549,14804.127,1173719.405,38755.252,255,1937978592,889727722,255,0.200466,0.128058,0.072408,58,44,0,0,6,1,4,3,3,6,0,0,0,4,6,0,Normal,0,1
79087,1.136178,tcp,-,FIN,10,8,576,354,14.962444,254,252,3654.356934,2182.756592,1,0,11842.3549,14804.127,1173719.405,38755.252,255,1937978592,889727722,255,0.200466,0.128058,0.072408,58,44,0,0,6,1,4,3,3,6,0,0,0,4,6,0,Normal,0,1
79088,1.136178,tcp,-,FIN,10,8,576,354,14.962444,254,252,3654.356934,2182.756592,1,0,11842.3549,14804.127,1173719.405,38755.252,255,1937978592,889727722,255,0.200466,0.128058,0.072408,58,44,0,0,6,1,4,3,3,6,0,0,0,4,6,0,Normal,0,1
79117,0.0,arp,-,INT,1,0,46,0,0.0,0,0,0.0,0.0,0,0,60000.64,0.0,0.0,0.0,0,0,0,0,0.0,0.0,0.0,46,0,0,0,1,2,1,1,1,1,0,0,0,1,1,1,Normal,0,1
79118,0.0,arp,-,INT,1,0,46,0,0.0,0,0,0.0,0.0,0,0,60000.632,0.0,0.0,0.0,0,0,0,0,0.0,0.0,0.0,46,0,0,0,1,2,1,1,1,1,0,0,0,1,1,1,Normal,0,1
79121,2.492616,tcp,-,FIN,58,14,68107,612,28.484131,254,252,214820.0938,1826.193848,26,1,43.727737,181.716766,5369.712819,372.927625,255,1689401901,227139868,255,0.261372,0.130295,0.131077,1174,44,0,0,1,1,1,1,1,1,0,0,0,1,1,0,Normal,0,1
79129,3.823698,tcp,-,FIN,58,16,68107,698,19.091466,254,252,140038.25,1370.401123,26,1,67.065105,246.206328,8557.26157,461.216531,255,4289591719,2747761530,255,0.309999,0.130594,0.179405,1174,44,0,0,1,1,1,1,1,1,0,0,0,1,1,0,Normal,0,1
79132,2.480418,tcp,-,FIN,36,14,34706,1018,19.754735,254,252,108826.8203,3051.098633,15,2,72.950149,179.997078,7186.528438,241.414297,255,3234559397,3805667439,255,0.212959,0.140455,0.072504,964,73,0,0,7,1,5,1,1,5,0,0,0,5,5,0,Normal,0,1
79193,0.0,arp,-,INT,1,0,46,0,0.0,0,0,0.0,0.0,0,0,60000.752,0.0,0.0,0.0,0,0,0,0,0.0,0.0,0.0,46,0,0,0,1,2,1,1,1,1,0,0,0,1,1,1,Normal,0,1
79194,0.0,arp,-,INT,1,0,46,0,0.0,0,0,0.0,0.0,0,0,60000.756,0.0,0.0,0.0,0,0,0,0,0.0,0.0,0.0,46,0,0,0,1,2,1,1,1,1,0,0,0,1,1,1,Normal,0,1
79245,2.076395,tcp,http,FIN,60,16,68193,698,36.120294,254,252,258359.3125,2523.604492,27,1,35.175542,127.326531,3885.269252,172.230359,255,3955942599,2439902000,255,0.386161,0.166493,0.219668,1137,44,0,0,1,1,1,1,1,2,0,0,0,1,1,0,Normal,0,1
79305,0.0,arp,-,INT,1,0,46,0,0.0,0,0,0.0,0.0,0,0,60000.74,0.0,0.0,0.0,0,0,0,0,0.0,0.0,0.0,46,0,0,0,1,2,1,1,1,1,0,0,0,1,1,1,Normal,0,1
79306,0.0,arp,-,INT,1,0,46,0,0.0,0,0,0.0,0.0,0,0,60000.72,0.0,10.954517,0.0,0,0,0,0,0.0,0.0,0.0,46,0,0,0,1,2,1,1,1,1,0,0,0,1,1,1,Normal,0,1
79374,0.0,arp,-,INT,1,0,46,0,0.0,0,0,0.0,0.0,0,0,60000.708,0.0,10.954516,0.0,0,0,0,0,0.0,0.0,0.0,46,0,0,0,1,2,1,1,1,1,0,0,0,1,1,1,Normal,0,1
79375,0.0,arp,-,INT,1,0,46,0,0.0,0,0,0.0,0.0,0,0,60000.736,0.0,0.0,0.0,0,0,0,0,0.0,0.0,0.0,46,0,0,0,1,2,1,1,1,1,0,0,0,1,1,1,Normal,0,1
79402,2.622235,tcp,http,FIN,60,18,68197,784,29.364263,254,252,204591.875,2260.666992,27,1,44.428764,141.324359,4714.640791,237.252547,255,1149190790,957139457,255,0.33799,0.219714,0.118276,1137,44,0,0,3,1,1,1,1,1,0,0,0,1,1,0,Normal,0,1
79449,0.0,arp,-,INT,1,0,46,0,0.0,0,0,0.0,0.0,0,0,60000.716,0.0,10.954517,0.0,0,0,0,0,0.0,0.0,0.0,46,0,0,0,1,2,1,1,1,1,0,0,0,1,1,1,Normal,0,1
79464,0.0,arp,-,INT,1,0,46,0,0.0,0,0,0.0,0.0,0,0,60000.672,0.0,0.0,0.0,0,0,0,0,0.0,0.0,0.0,46,0,0,0,1,2,1,1,1,1,0,0,0,1,1,1,Normal,0,1
79465,0.0,arp,-,INT,1,0,46,0,0.0,0,0,0.0,0.0,0,0,60000.676,0.0,0.0,0.0,0,0,0,0,0.0,0.0,0.0,46,0,0,0,1,2,1,1,1,1,0,0,0,1,1,1,Normal,0,1
79477,0.813996,tcp,-,FIN,10,8,610,354,20.884623,254,252,5395.604004,3046.697998,2,0,10625.4928,13288.473,1054375.69,34886.796,255,3815754799,1797049495,255,0.077239,0.039569,0.03767,61,44,0,0,5,1,2,3,2,3,0,0,0,3,3,0,Normal,0,1
79478,0.813996,tcp,-,FIN,10,8,610,354,20.884623,254,252,5395.604004,3046.697998,2,0,10625.4928,13288.473,1054375.69,34886.796,255,3815754799,1797049495,255,0.077239,0.039569,0.03767,61,44,0,0,5,1,2,3,2,3,0,0,0,3,3,0,Normal,0,1
79479,0.813996,tcp,-,FIN,10,8,610,354,20.884623,254,252,5395.604004,3046.697998,2,0,10625.4928,13288.473,1054375.69,34886.796,255,3815754799,1797049495,255,0.077239,0.039569,0.03767,61,44,0,0,5,1,1,1,1,4,0,0,0,1,3,0,Normal,0,1
79527,0.0,arp,-,INT,1,0,46,0,0.0,0,0,0.0,0.0,0,0,60000.76,0.0,10.954521,0.0,0,0,0,0,0.0,0.0,0.0,46,0,0,0,1,2,1,1,1,1,0,0,0,1,1,1,Normal,0,1
79528,0.0,arp,-,INT,1,0,46,0,0.0,0,0,0.0,0.0,0,0,60000.768,0.0,0.0,0.0,0,0,0,0,0.0,0.0,0.0,46,0,0,0,1,2,1,1,1,1,0,0,0,1,1,1,Normal,0,1
79572,31.777851,tcp,-,FIN,20,12,974,536,0.975522,254,252,233.118347,123.859856,6,1,1671.400316,2886.699,224823.2322,8917.419,255,3503966407,2166045716,255,0.077075,0.024153,0.052922,49,45,0,0,10,1,2,3,2,2,0,0,0,3,2,0,Normal,0,1
79573,31.777851,tcp,-,FIN,20,12,974,536,0.975522,254,252,233.118347,123.859856,6,1,1671.400316,2886.699,224823.2322,8917.419,255,3503966407,2166045716,255,0.077075,0.024153,0.052922,49,45,0,0,10,1,2,3,2,2,0,0,0,3,2,0,Normal,0,1
79578,0.0,arp,-,INT,1,0,46,0,0.0,0,0,0.0,0.0,0,0,60000.704,0.0,0.0,0.0,0,0,0,0,0.0,0.0,0.0,46,0,0,0,1,2,1,1,1,1,0,0,0,1,1,1,Normal,0,1
79579,0.0,arp,-,INT,1,0,46,0,0.0,0,0,0.0,0.0,0,0,60000.692,0.0,10.954515,0.0,0,0,0,0,0.0,0.0,0.0,46,0,0,0,1,2,1,1,1,1,0,0,0,1,1,1,Normal,0,1
79662,0.0,arp,-,INT,1,0,46,0,0.0,0,0,0.0,0.0,0,0,60000.736,0.0,0.0,0.0,0,0,0,0,0.0,0.0,0.0,46,0,0,0,1,2,1,1,1,1,0,0,0,1,1,1,Normal,0,1
79663,0.0,arp,-,INT,1,0,46,0,0.0,0,0,0.0,0.0,0,0,60000.736,0.0,0.0,0.0,0,0,0,0,0.0,0.0,0.0,46,0,0,0,1,2,1,1,1,1,0,0,0,1,1,1,Normal,0,1
79666,0.0,arp,-,INT,1,0,46,0,0.0,0,0,0.0,0.0,0,0,60000.704,0.0,10.954516,0.0,0,0,0,0,0.0,0.0,0.0,46,0,0,0,1,2,1,1,1,1,0,0,0,1,1,1,Normal,0,1
79667,0.0,arp,-,INT,1,0,46,0,0.0,0,0,0.0,0.0,0,0,60000.7,0.0,0.0,0.0,0,0,0,0,0.0,0.0,0.0,46,0,0,0,1,2,1,1,1,1,0,0,0,1,1,1,Normal,0,1
79669,0.0,arp,-,INT,1,0,46,0,0.0,0,0,0.0,0.0,0,0,60000.74,0.0,10.954519,0.0,0,0,0,0,0.0,0.0,0.0,46,0,0,0,1,2,1,1,1,1,0,0,0,1,1,1,Normal,0,1
79670,0.0,arp,-,INT,1,0,46,0,0.0,0,0,0.0,0.0,0,0,60000.08,0.0,0.0,0.0,0,0,0,0,0.0,0.0,0.0,46,0,0,0,1,2,1,1,1,1,0,0,0,1,1,1,Normal,0,1
79671,0.0,arp,-,INT,1,0,46,0,0.0,0,0,0.0,0.0,0,0,60000.076,0.0,0.0,0.0,0,0,0,0,0.0,0.0,0.0,46,0,0,0,1,2,1,1,1,1,0,0,0,1,1,1,Normal,0,1
79745,0.0,arp,-,INT,1,0,46,0,0.0,0,0,0.0,0.0,0,0,60001.376,0.0,0.0,0.0,0,0,0,0,0.0,0.0,0.0,46,0,0,0,1,2,1,1,1,1,0,0,0,1,1,1,Normal,0,1
79746,0.0,arp,-,INT,1,0,46,0,0.0,0,0,0.0,0.0,0,0,60001.36,0.0,15.492109,0.0,0,0,0,0,0.0,0.0,0.0,46,0,0,0,1,2,1,1,1,1,0,0,0,1,1,1,Normal,0,1
79759,0.0,arp,-,INT,1,0,46,0,0.0,0,0,0.0,0.0,0,0,60000.672,0.0,10.954513,0.0,0,0,0,0,0.0,0.0,0.0,46,0,0,0,1,2,1,1,1,1,0,0,0,1,1,1,Normal,0,1
79760,0.0,arp,-,INT,1,0,46,0,0.0,0,0,0.0,0.0,0,0,60000.68,0.0,10.954514,0.0,0,0,0,0,0.0,0.0,0.0,46,0,0,0,1,2,1,1,1,1,0,0,0,1,1,1,Normal,0,1
79761,0.0,arp,-,INT,1,0,46,0,0.0,0,0,0.0,0.0,0,0,60000.76,0.0,10.954521,0.0,0,0,0,0,0.0,0.0,0.0,46,0,0,0,1,2,1,1,1,1,0,0,0,1,1,1,Normal,0,1
79762,0.0,arp,-,INT,1,0,46,0,0.0,0,0,0.0,0.0,0,0,60000.768,0.0,0.0,0.0,0,0,0,0,0.0,0.0,0.0,46,0,0,0,1,2,1,1,1,1,0,0,0,1,1,1,Normal,0,1
79770,0.0,arp,-,INT,1,0,46,0,0.0,0,0,0.0,0.0,0,0,60000.7,0.0,0.0,0.0,0,0,0,0,0.0,0.0,0.0,46,0,0,0,1,2,1,1,1,1,0,0,0,1,1,1,Normal,0,1
79771,0.0,arp,-,INT,1,0,46,0,0.0,0,0,0.0,0.0,0,0,60000.696,0.0,15.492023,0.0,0,0,0,0,0.0,0.0,0.0,46,0,0,0,1,2,1,1,1,1,0,0,0,1,1,1,Normal,0,1
79773,0.0,arp,-,INT,1,0,46,0,0.0,0,0,0.0,0.0,0,0,60000.74,0.0,0.0,0.0,0,0,0,0,0.0,0.0,0.0,46,0,0,0,1,2,1,1,1,1,0,0,0,1,1,1,Normal,0,1
79774,0.0,arp,-,INT,1,0,46,0,0.0,0,0,0.0,0.0,0,0,60000.736,0.0,15.492028,0.0,0,0,0,0,0.0,0.0,0.0,46,0,0,0,1,2,1,1,1,1,0,0,0,1,1,1,Normal,0,1
79775,0.0,arp,-,INT,1,0,46,0,0.0,0,0,0.0,0.0,0,0,60000.736,0.0,0.0,0.0,0,0,0,0,0.0,0.0,0.0,46,0,0,0,1,2,1,1,1,1,0,0,0,1,1,1,Normal,0,1
79776,0.0,arp,-,INT,1,0,46,0,0.0,0,0,0.0,0.0,0,0,60000.528,0.0,0.0,0.0,0,0,0,0,0.0,0.0,0.0,46,0,0,0,1,2,1,1,1,1,0,0,0,1,1,1,Normal,0,1
79810,0.0,arp,-,INT,1,0,46,0,0.0,0,0,0.0,0.0,0,0,60000.7,0.0,10.954515,0.0,0,0,0,0,0.0,0.0,0.0,46,0,0,0,2,2,1,2,1,1,0,0,0,2,1,1,Normal,0,1
79811,0.0,arp,-,INT,1,0,46,0,0.0,0,0,0.0,0.0,0,0,60000.912,0.0,0.0,0.0,0,0,0,0,0.0,0.0,0.0,46,0,0,0,1,2,1,1,1,1,0,0,0,1,1,1,Normal,0,1
79827,0.0,arp,-,INT,1,0,46,0,0.0,0,0,0.0,0.0,0,0,60000.664,0.0,0.0,0.0,0,0,0,0,0.0,0.0,0.0,46,0,0,0,1,2,1,1,1,1,0,0,0,1,1,1,Normal,0,1
79828,0.0,arp,-,INT,1,0,46,0,0.0,0,0,0.0,0.0,0,0,60000.66,0.0,10.954512,0.0,0,0,0,0,0.0,0.0,0.0,46,0,0,0,1,2,1,1,1,1,0,0,0,1,1,1,Normal,0,1
79829,0.0,arp,-,INT,1,0,46,0,0.0,0,0,0.0,0.0,0,0,60000.764,0.0,0.0,0.0,0,0,0,0,0.0,0.0,0.0,46,0,0,0,1,2,1,1,1,1,0,0,0,1,1,1,Normal,0,1
79830,0.0,arp,-,INT,1,0,46,0,0.0,0,0,0.0,0.0,0,0,60000.764,0.0,0.0,0.0,0,0,0,0,0.0,0.0,0.0,46,0,0,0,1,2,1,1,1,1,0,0,0,1,1,1,Normal,0,1
79832,0.0,arp,-,INT,1,0,46,0,0.0,0,0,0.0,0.0,0,0,60000.708,0.0,10.954516,0.0,0,0,0,0,0.0,0.0,0.0,46,0,0,0,1,2,1,1,1,1,0,0,0,1,1,1,Normal,0,1
79854,0.0,arp,-,INT,1,0,46,0,0.0,0,0,0.0,0.0,0,0,60000.7,0.0,0.0,0.0,0,0,0,0,0.0,0.0,0.0,46,0,0,0,1,2,1,1,1,1,0,0,0,1,1,1,Normal,0,1
79855,0.0,arp,-,INT,1,0,46,0,0.0,0,0,0.0,0.0,0,0,60000.724,0.0,10.954518,0.0,0,0,0,0,0.0,0.0,0.0,46,0,0,0,1,2,1,1,1,1,0,0,0,1,1,1,Normal,0,1
79876,0.0,arp,-,INT,1,0,46,0,0.0,0,0,0.0,0.0,0,0,60000.704,0.0,0.0,0.0,0,0,0,0,0.0,0.0,0.0,46,0,0,0,1,2,1,1,1,1,0,0,0,1,1,1,Normal,0,1
79877,0.0,arp,-,INT,1,0,46,0,0.0,0,0,0.0,0.0,0,0,60000.704,0.0,0.0,0.0,0,0,0,0,0.0,0.0,0.0,46,0,0,0,1,2,1,1,1,1,0,0,0,1,1,1,Normal,0,1
79894,0.0,arp,-,INT,1,0,46,0,0.0,0,0,0.0,0.0,0,0,60000.74,0.0,0.0,0.0,0,0,0,0,0.0,0.0,0.0,46,0,0,0,1,2,1,1,1,1,0,0,0,1,1,1,Normal,0,1
79895,0.0,arp,-,INT,1,0,46,0,0.0,0,0,0.0,0.0,0,0,60000.716,0.0,0.0,0.0,0,0,0,0,0.0,0.0,0.0,46,0,0,0,1,2,1,1,1,1,0,0,0,1,1,1,Normal,0,1
79896,0.0,arp,-,INT,1,0,46,0,0.0,0,0,0.0,0.0,0,0,60000.688,0.0,10.954514,0.0,0,0,0,0,0.0,0.0,0.0,46,0,0,0,1,2,1,1,1,1,0,0,0,1,1,1,Normal,0,1
79897,0.0,arp,-,INT,1,0,46,0,0.0,0,0,0.0,0.0,0,0,60000.708,0.0,0.0,0.0,0,0,0,0,0.0,0.0,0.0,46,0,0,0,1,2,1,1,1,1,0,0,0,1,1,1,Normal,0,1
80041,59.996918,arp,-,INT,2,0,92,0,0.016668,0,0,6.133648,0.0,0,0,59998.816,0.0,0.0,0.0,0,0,0,0,0.0,0.0,0.0,46,0,0,0,1,2,1,1,1,1,0,0,0,1,1,1,Normal,0,1
80042,59.996918,arp,-,INT,2,0,92,0,0.016668,0,0,6.133648,0.0,0,0,59998.816,0.0,0.0,0.0,0,0,0,0,0.0,0.0,0.0,46,0,0,0,1,2,1,1,1,1,0,0,0,1,1,1,Normal,0,1
80208,0.0,arp,-,INT,1,0,46,0,0.0,0,0,0.0,0.0,0,0,60000.736,0.0,0.0,0.0,0,0,0,0,0.0,0.0,0.0,46,0,0,0,1,2,1,1,1,1,0,0,0,1,1,1,Normal,0,1
80209,0.0,arp,-,INT,1,0,46,0,0.0,0,0,0.0,0.0,0,0,60000.736,0.0,0.0,0.0,0,0,0,0,0.0,0.0,0.0,46,0,0,0,1,2,1,1,1,1,0,0,0,1,1,1,Normal,0,1
80228,17.123444,tcp,http,FIN,10,10,826,1308,1.10959,62,252,347.593628,550.356567,2,2,1902.604778,1888.938625,149929.4439,4220.0125,255,381214055,2643219585,255,0.202562,0.108079,0.094483,83,131,1,203,1,1,1,1,1,3,0,0,1,1,1,0,Normal,0,1
80262,0.0,arp,-,INT,1,0,46,0,0.0,0,0,0.0,0.0,0,0,60000.696,0.0,0.0,0.0,0,0,0,0,0.0,0.0,0.0,46,0,0,0,1,2,1,1,1,1,0,0,0,1,1,1,Normal,0,1
80263,0.0,arp,-,INT,1,0,46,0,0.0,0,0,0.0,0.0,0,0,60000.696,0.0,10.954515,0.0,0,0,0,0,0.0,0.0,0.0,46,0,0,0,1,2,1,1,1,1,0,0,0,1,1,1,Normal,0,1
80349,0.0,arp,-,INT,1,0,46,0,0.0,0,0,0.0,0.0,0,0,60000.656,0.0,10.954511,0.0,0,0,0,0,0.0,0.0,0.0,46,0,0,0,1,2,1,1,1,1,0,0,0,1,1,1,Normal,0,1
80350,0.0,arp,-,INT,1,0,46,0,0.0,0,0,0.0,0.0,0,0,60000.656,0.0,0.0,0.0,0,0,0,0,0.0,0.0,0.0,46,0,0,0,1,2,1,1,1,1,0,0,0,1,1,1,Normal,0,1
80457,1.394039,tcp,-,FIN,10,8,2516,354,12.19478,254,252,12998.20117,1779.003296,2,0,10653.4593,13310.668,1051382.444,34740.28,255,2768178635,1162974015,255,0.190419,0.084723,0.105696,252,44,0,0,3,1,2,2,2,3,0,0,0,2,3,0,Normal,0,1
80458,1.394039,tcp,-,FIN,10,8,2516,354,12.19478,254,252,12998.20117,1779.003296,2,0,10653.4593,13310.668,1051382.444,34740.28,255,2768178635,1162974015,255,0.190419,0.084723,0.105696,252,44,0,0,3,1,2,2,2,3,0,0,0,2,3,0,Normal,0,1
80464,1.223715,tcp,-,FIN,10,8,2516,354,13.892124,254,252,14807.37012,2026.615723,2,0,10165.1753,12711.833,1004691.698,33197.342,255,3684041765,2292154000,255,0.162624,0.082397,0.080227,252,44,0,0,5,1,3,3,3,3,0,0,0,4,3,0,Normal,0,1
80465,1.223715,tcp,-,FIN,10,8,2516,354,13.892124,254,252,14807.37012,2026.615723,2,0,10165.1753,12711.833,1004691.698,33197.342,255,3684041765,2292154000,255,0.162624,0.082397,0.080227,252,44,0,0,5,1,3,3,3,3,0,0,0,4,3,0,Normal,0,1
80467,1.223715,tcp,-,FIN,10,8,2516,354,13.892124,254,252,14807.37012,2026.615723,2,0,10165.1753,12711.833,1004691.698,33197.342,255,3684041765,2292154000,255,0.162624,0.082397,0.080227,252,44,0,0,5,1,3,3,3,3,0,0,0,4,3,0,Normal,0,1
80497,0.0,arp,-,INT,1,0,46,0,0.0,0,0,0.0,0.0,0,0,60000.712,0.0,10.954517,0.0,0,0,0,0,0.0,0.0,0.0,46,0,0,0,1,2,1,1,1,1,0,0,0,1,1,1,Normal,0,1
80498,0.0,arp,-,INT,1,0,46,0,0.0,0,0,0.0,0.0,0,0,60000.712,0.0,0.0,0.0,0,0,0,0,0.0,0.0,0.0,46,0,0,0,1,2,1,1,1,1,0,0,0,1,1,1,Normal,0,1
80673,0.0,arp,-,INT,1,0,46,0,0.0,0,0,0.0,0.0,0,0,60000.772,0.0,0.0,0.0,0,0,0,0,0.0,0.0,0.0,46,0,0,0,1,2,1,1,1,1,0,0,0,1,1,1,Normal,0,1
80674,0.0,arp,-,INT,1,0,46,0,0.0,0,0,0.0,0.0,0,0,60000.776,0.0,0.0,0.0,0,0,0,0,0.0,0.0,0.0,46,0,0,0,1,2,1,1,1,1,0,0,0,1,1,1,Normal,0,1
80679,1.974762,tcp,http,FIN,10,10,830,1242,9.621413,62,252,3026.1875,4529.15332,2,2,219.418,196.503781,13009.59265,450.727312,255,267871719,3245457313,255,0.243369,0.147561,0.095808,83,124,1,131,4,1,4,4,4,4,0,0,12,4,4,0,Normal,0,1
80681,1.974762,tcp,http,FIN,10,10,830,1242,9.621413,62,252,3026.1875,4529.15332,2,2,219.418,196.503781,13009.59265,450.727312,255,267871719,3245457313,255,0.243369,0.147561,0.095808,83,124,1,131,4,1,4,4,4,4,0,0,12,4,4,0,Normal,0,1
80682,1.974762,tcp,http,FIN,10,10,830,1242,9.621413,62,252,3026.1875,4529.15332,2,2,219.418,196.503781,13009.59265,450.727312,255,267871719,3245457313,255,0.243369,0.147561,0.095808,83,124,1,131,4,1,4,4,4,4,0,0,12,4,4,0,Normal,0,1
80683,1.974762,tcp,http,FIN,10,10,830,1242,9.621413,62,252,3026.1875,4529.15332,2,2,219.418,196.503781,13009.59265,450.727312,255,267871719,3245457313,255,0.243369,0.147561,0.095808,83,124,1,131,4,1,4,4,4,4,0,0,12,4,4,0,Normal,0,1
80698,1.374513,tcp,-,FIN,10,8,2516,354,12.368017,254,252,13182.85059,1804.275391,2,0,6436.4703,8043.942,630256.1206,20786.556,255,4164672883,725075664,255,0.230228,0.127855,0.102373,252,44,0,0,8,1,4,3,3,6,0,0,0,4,6,0,Normal,0,1
80699,1.374513,tcp,-,FIN,10,8,2516,354,12.368017,254,252,13182.85059,1804.275391,2,0,6436.4703,8043.942,630256.1206,20786.556,255,4164672883,725075664,255,0.230228,0.127855,0.102373,252,44,0,0,8,1,4,3,3,6,0,0,0,4,6,0,Normal,0,1
80701,1.374513,tcp,-,FIN,10,8,2516,354,12.368017,254,252,13182.85059,1804.275391,2,0,6436.4703,8043.942,630256.1206,20786.556,255,4164672883,725075664,255,0.230228,0.127855,0.102373,252,44,0,0,8,1,4,3,3,6,0,0,0,4,6,0,Normal,0,1
80944,0.712464,tcp,http,FIN,10,8,826,1116,23.860856,62,252,8354.106445,10970.37891,1,2,9360.69,11702.842,928914.0738,30745.706,255,790395578,4065948660,255,0.088431,0.054391,0.03404,83,140,1,178,10,1,2,2,2,10,0,0,16,2,10,0,Normal,0,1
80945,0.712464,tcp,http,FIN,10,8,826,1116,23.860856,62,252,8354.106445,10970.37891,1,2,9360.69,11702.842,928914.0738,30745.706,255,790395578,4065948660,255,0.088431,0.054391,0.03404,83,140,1,178,10,1,2,2,2,10,0,0,16,2,10,0,Normal,0,1
80946,0.712464,tcp,http,FIN,10,8,826,1116,23.860856,62,252,8354.106445,10970.37891,1,2,9360.69,11702.842,928914.0738,30745.706,255,790395578,4065948660,255,0.088431,0.054391,0.03404,83,140,1,178,5,1,2,2,2,5,0,0,16,2,5,0,Normal,0,1
80947,0.712464,tcp,http,FIN,10,8,826,1116,23.860856,62,252,8354.106445,10970.37891,1,2,9360.69,11702.842,928914.0738,30745.706,255,790395578,4065948660,255,0.088431,0.054391,0.03404,83,140,1,178,5,1,2,2,2,5,0,0,16,2,5,0,Normal,0,1
80950,0.571399,tcp,http,FIN,10,8,810,1090,29.751541,62,252,10206.52832,13356.69141,2,2,9540.5165,11929.763,948301.2377,31381.148,255,3964224736,3807320437,255,0.090466,0.04616,0.044306,81,136,1,248,10,1,6,5,3,10,0,0,9,5,10,0,Normal,0,1
80953,0.571399,tcp,http,FIN,10,8,810,1090,29.751541,62,252,10206.52832,13356.69141,2,2,9540.5165,11929.763,948301.2377,31381.148,255,3964224736,3807320437,255,0.090466,0.04616,0.044306,81,136,1,248,10,1,6,5,3,10,0,0,9,5,10,0,Normal,0,1
80954,0.571399,tcp,http,FIN,10,8,810,1090,29.751541,62,252,10206.52832,13356.69141,2,2,9540.5165,11929.763,948301.2377,31381.148,255,3964224736,3807320437,255,0.090466,0.04616,0.044306,81,136,1,248,10,1,6,5,3,10,0,0,9,5,10,0,Normal,0,1
81014,0.0,arp,-,INT,1,0,46,0,0.0,0,0,0.0,0.0,0,0,60000.768,0.0,10.954521,0.0,0,0,0,0,0.0,0.0,0.0,46,0,0,0,1,2,1,1,1,1,0,0,0,1,1,1,Normal,0,1
81015,0.0,arp,-,INT,1,0,46,0,0.0,0,0,0.0,0.0,0,0,60000.764,0.0,10.954521,0.0,0,0,0,0,0.0,0.0,0.0,46,0,0,0,1,2,1,1,1,1,0,0,0,1,1,1,Normal,0,1
81044,0.0,arp,-,INT,1,0,46,0,0.0,0,0,0.0,0.0,0,0,60000.712,0.0,10.954517,0.0,0,0,0,0,0.0,0.0,0.0,46,0,0,0,1,2,1,1,1,1,0,0,0,1,1,1,Normal,0,1
81047,57.723591,tcp,http,FIN,20,16,1658,2408,0.606338,62,252,218.420227,312.939636,6,5,3038.083632,3844.460833,410689.3275,463199.2401,255,3889986530,2033235243,255,0.0938,0.055966,0.037834,83,151,1,133,3,1,1,1,1,3,0,0,2,1,3,0,Normal,0,1
81048,57.723591,tcp,http,FIN,20,16,1658,2408,0.606338,62,252,218.420227,312.939636,6,5,3038.083632,3844.460833,410689.3275,463199.2401,255,3889986530,2033235243,255,0.0938,0.055966,0.037834,83,151,1,133,4,1,1,1,1,4,0,0,2,1,4,0,Normal,0,1
81082,0.654292,tcp,http,FIN,10,8,828,1090,25.982284,62,252,9121.30957,11664.5166,2,2,7251.1931,9062.592,718548.6597,23767.782,255,2687601613,739598901,255,0.19163,0.073651,0.117979,83,136,1,138,5,1,3,3,2,5,0,0,4,3,5,0,Normal,0,1
81083,0.654292,tcp,http,FIN,10,8,828,1090,25.982284,62,252,9121.30957,11664.5166,2,2,7251.1931,9062.592,718548.6597,23767.782,255,2687601613,739598901,255,0.19163,0.073651,0.117979,83,136,1,138,5,1,3,3,2,5,0,0,4,3,5,0,Normal,0,1
81137,52.607918,tcp,http,FIN,20,16,1644,2620,0.665299,62,252,237.530792,373.631958,4,6,2768.837684,3505.09875,371138.5773,12758.855,255,816941299,2771443132,255,0.094631,0.029608,0.065023,82,164,1,243,7,1,3,3,3,7,0,0,6,3,7,0,Normal,0,1
81138,52.607918,tcp,http,FIN,20,16,1644,2620,0.665299,62,252,237.530792,373.631958,4,6,2768.837684,3505.09875,371138.5773,12758.855,255,816941299,2771443132,255,0.094631,0.029608,0.065023,82,164,1,243,7,1,3,3,3,7,0,0,6,3,7,0,Normal,0,1
81139,52.607918,tcp,http,FIN,20,16,1644,2620,0.665299,62,252,237.530792,373.631958,4,6,2768.837684,3505.09875,371138.5773,12758.855,255,816941299,2771443132,255,0.094631,0.029608,0.065023,82,164,1,243,7,1,3,3,3,7,0,0,6,3,7,0,Normal,0,1
81140,56.491089,tcp,http,FIN,20,18,1648,2510,0.654971,62,252,221.769485,335.769775,5,6,2973.215107,3316.5195,400625.3617,12986.31,255,1760382687,3525287449,255,0.176758,0.099958,0.0768,82,139,1,131,7,1,4,4,4,7,0,0,12,4,7,0,Normal,0,1
81141,56.491089,tcp,http,FIN,20,18,1648,2510,0.654971,62,252,221.769485,335.769775,5,6,2973.215107,3316.5195,400625.3617,12986.31,255,1760382687,3525287449,255,0.176758,0.099958,0.0768,82,139,1,131,7,1,4,4,4,7,0,0,12,4,7,0,Normal,0,1
81142,56.491089,tcp,http,FIN,20,18,1648,2510,0.654971,62,252,221.769485,335.769775,5,6,2973.215107,3316.5195,400625.3617,12986.31,255,1760382687,3525287449,255,0.176758,0.099958,0.0768,82,139,1,131,7,1,4,4,4,7,0,0,12,4,7,0,Normal,0,1
81143,56.491089,tcp,http,FIN,20,18,1648,2510,0.654971,62,252,221.769485,335.769775,5,6,2973.215107,3316.5195,400625.3617,12986.31,255,1760382687,3525287449,255,0.176758,0.099958,0.0768,82,139,1,131,7,1,4,4,4,7,0,0,12,4,7,0,Normal,0,1
81238,59.991528,arp,-,INT,2,0,92,0,0.016669,0,0,6.1342,0.0,0,0,59996.08,0.0,16.146927,0.0,0,0,0,0,0.0,0.0,0.0,46,0,0,0,1,2,1,1,1,1,0,0,0,1,1,1,Normal,0,1
81239,59.991535,arp,-,INT,2,0,92,0,0.016669,0,0,6.134199,0.0,0,0,59996.084,0.0,0.0,0.0,0,0,0,0,0.0,0.0,0.0,46,0,0,0,1,2,1,1,1,1,0,0,0,1,1,1,Normal,0,1
81270,0.0,arp,-,INT,1,0,46,0,0.0,0,0,0.0,0.0,0,0,60000.804,0.0,0.0,0.0,0,0,0,0,0.0,0.0,0.0,46,0,0,0,1,2,1,1,1,1,0,0,0,1,1,1,Normal,0,1
81271,0.0,arp,-,INT,1,0,46,0,0.0,0,0,0.0,0.0,0,0,60000.808,0.0,0.0,0.0,0,0,0,0,0.0,0.0,0.0,46,0,0,0,1,2,1,1,1,1,0,0,0,1,1,1,Normal,0,1
81281,0.0,arp,-,INT,1,0,46,0,0.0,0,0,0.0,0.0,0,0,60000.692,0.0,10.954515,0.0,0,0,0,0,0.0,0.0,0.0,46,0,0,0,1,2,1,1,1,1,0,0,0,1,1,1,Normal,0,1
81282,0.0,arp,-,INT,1,0,46,0,0.0,0,0,0.0,0.0,0,0,60000.692,0.0,0.0,0.0,0,0,0,0,0.0,0.0,0.0,46,0,0,0,1,2,1,1,1,1,0,0,0,1,1,1,Normal,0,1
81286,0.0,arp,-,INT,1,0,46,0,0.0,0,0,0.0,0.0,0,0,60000.736,0.0,0.0,0.0,0,0,0,0,0.0,0.0,0.0,46,0,0,0,1,2,1,1,1,1,0,0,0,1,1,1,Normal,0,1
81287,0.0,arp,-,INT,1,0,46,0,0.0,0,0,0.0,0.0,0,0,60000.736,0.0,15.492028,0.0,0,0,0,0,0.0,0.0,0.0,46,0,0,0,1,2,1,1,1,1,0,0,0,1,1,1,Normal,0,1
81288,0.0,arp,-,INT,1,0,46,0,0.0,0,0,0.0,0.0,0,0,60000.68,0.0,0.0,0.0,0,0,0,0,0.0,0.0,0.0,46,0,0,0,1,2,1,1,1,1,0,0,0,1,1,1,Normal,0,1
81289,0.0,arp,-,INT,1,0,46,0,0.0,0,0,0.0,0.0,0,0,60000.676,0.0,10.954513,0.0,0,0,0,0,0.0,0.0,0.0,46,0,0,0,1,2,1,1,1,1,0,0,0,1,1,1,Normal,0,1
81290,0.0,arp,-,INT,1,0,46,0,0.0,0,0,0.0,0.0,0,0,60000.68,0.0,0.0,0.0,0,0,0,0,0.0,0.0,0.0,46,0,0,0,1,2,1,1,1,1,0,0,0,1,1,1,Normal,0,1
81291,0.0,arp,-,INT,1,0,46,0,0.0,0,0,0.0,0.0,0,0,60000.676,0.0,0.0,0.0,0,0,0,0,0.0,0.0,0.0,46,0,0,0,1,2,1,1,1,1,0,0,0,1,1,1,Normal,0,1
81325,0.0,arp,-,INT,1,0,46,0,0.0,0,0,0.0,0.0,0,0,60000.716,0.0,0.0,0.0,0,0,0,0,0.0,0.0,0.0,46,0,0,0,1,2,1,1,1,1,0,0,0,1,1,1,Normal,0,1
81326,0.0,arp,-,INT,1,0,46,0,0.0,0,0,0.0,0.0,0,0,60000.708,0.0,0.0,0.0,0,0,0,0,0.0,0.0,0.0,46,0,0,0,1,2,1,1,1,1,0,0,0,1,1,1,Normal,0,1
81327,0.0,arp,-,INT,1,0,46,0,0.0,0,0,0.0,0.0,0,0,60000.748,0.0,0.0,0.0,0,0,0,0,0.0,0.0,0.0,46,0,0,0,1,2,1,1,1,1,0,0,0,1,1,1,Normal,0,1
81328,0.0,arp,-,INT,1,0,46,0,0.0,0,0,0.0,0.0,0,0,60000.76,0.0,0.0,0.0,0,0,0,0,0.0,0.0,0.0,46,0,0,0,1,2,1,1,1,1,0,0,0,1,1,1,Normal,0,1
81336,0.0,arp,-,INT,1,0,46,0,0.0,0,0,0.0,0.0,0,0,60000.688,0.0,10.954514,0.0,0,0,0,0,0.0,0.0,0.0,46,0,0,0,1,2,1,1,1,1,0,0,0,1,1,1,Normal,0,1
81337,0.0,arp,-,INT,1,0,46,0,0.0,0,0,0.0,0.0,0,0,60000.688,0.0,15.492022,0.0,0,0,0,0,0.0,0.0,0.0,46,0,0,0,1,2,1,1,1,1,0,0,0,1,1,1,Normal,0,1
81339,0.0,arp,-,INT,1,0,46,0,0.0,0,0,0.0,0.0,0,0,60000.76,0.0,15.492031,0.0,0,0,0,0,0.0,0.0,0.0,46,0,0,0,1,2,1,1,1,1,0,0,0,1,1,1,Normal,0,1
81340,0.0,arp,-,INT,1,0,46,0,0.0,0,0,0.0,0.0,0,0,60000.76,0.0,15.492031,0.0,0,0,0,0,0.0,0.0,0.0,46,0,0,0,1,2,1,1,1,1,0,0,0,1,1,1,Normal,0,1
81341,0.965942,tcp,-,FIN,60,16,68183,698,77.644411,254,252,555288.0,5424.756348,27,1,16.371898,61.318199,1797.31847,82.687977,255,920084931,3804283544,255,0.119931,0.045492,0.074439,1136,44,1,0,2,1,16,1,1,2,0,0,1,1,2,0,Normal,0,1
81347,1.06001,tcp,-,FIN,60,14,68185,612,68.867278,254,252,506025.4375,4294.299316,27,1,17.366169,68.579539,1743.014677,94.155602,255,3412103122,2539544477,255,0.232194,0.168467,0.063727,1136,44,1,0,1,1,1,1,1,1,0,0,1,1,1,0,Normal,0,1
81351,0.888116,tcp,-,FIN,60,14,68183,612,82.19647,254,252,603948.125,5125.456543,27,1,14.867068,57.982309,1495.890158,75.11557,255,1348908411,2436183153,255,0.187418,0.134338,0.05308,1136,44,1,0,2,1,33,2,1,2,0,0,1,2,2,0,Normal,0,1
81355,1.036248,tcp,-,FIN,60,14,68183,612,70.446459,254,252,517613.5625,4392.770996,27,1,16.455084,75.808617,1622.116394,104.442922,255,3268024546,499509842,255,0.09699,0.050728,0.046262,1136,44,1,0,3,1,2,1,1,3,0,0,1,2,3,0,Normal,0,1
81356,0.786364,tcp,-,FIN,60,14,68183,612,92.832325,254,252,682096.3125,5788.66748,27,1,13.328203,57.378309,1316.488962,76.30407,255,3290891507,3247742296,255,0.082504,0.039789,0.042715,1136,44,1,0,3,1,28,1,1,3,0,0,1,1,3,0,Normal,0,1
81364,0.962995,tcp,-,FIN,60,14,68185,612,75.805171,254,252,557003.9375,4726.919922,27,1,15.765356,68.117305,1572.421441,95.259469,255,374372993,2920036190,255,0.159302,0.077462,0.08184,1136,44,1,0,3,1,25,1,1,2,0,0,1,1,3,0,Normal,0,1
81365,0.842091,tcp,-,FIN,60,14,68185,612,86.688966,254,252,636976.25,5405.591309,27,1,13.910814,59.844078,1432.163712,68.178289,255,1725300580,903969020,255,0.10304,0.064112,0.038928,1136,44,1,0,3,1,22,1,1,2,0,0,1,2,3,0,Normal,0,1
81366,0.712811,tcp,-,FIN,60,14,68185,612,102.41144,254,252,752502.4375,6385.984375,27,1,11.759356,52.826152,1233.383485,73.287047,255,353462371,1925021060,255,0.108988,0.026063,0.082925,1136,44,1,0,3,1,1,1,1,3,0,0,1,1,3,0,Normal,0,1
81367,0.836635,tcp,-,FIN,60,14,68185,612,87.254299,254,252,641130.25,5440.843262,27,1,13.673813,59.725152,1465.775087,76.190672,255,2887304596,678459131,255,0.11846,0.060199,0.058261,1136,44,1,0,3,1,25,1,1,3,0,0,1,1,3,0,Normal,0,1
81368,1.004113,tcp,-,FIN,60,14,68187,612,72.700984,254,252,534210.8125,4533.354492,27,1,17.001576,72.745383,1642.871946,104.586508,255,3796783099,284668743,255,0.156203,0.058415,0.097788,1136,44,1,0,4,1,13,1,1,3,0,0,1,1,3,0,Normal,0,1
81369,0.822738,tcp,-,FIN,60,14,68187,612,88.728126,254,252,651979.125,5532.745605,27,1,14.183155,56.224848,1383.537406,78.206195,255,3038803233,2972279902,255,0.156595,0.091807,0.064788,1136,44,1,0,4,1,22,1,1,3,0,0,1,1,3,0,Normal,0,1
81370,1.28853,tcp,-,FIN,60,14,68187,612,56.653707,254,252,416294.5313,3532.707764,27,1,22.216035,93.771617,2322.84392,151.278266,255,3030939821,553132907,255,0.128058,0.046375,0.081683,1136,44,1,0,2,1,1,1,1,1,0,0,1,1,1,0,Normal,0,1
81371,1.295427,tcp,-,FIN,60,14,68187,612,56.352077,254,252,414078.1563,3513.899414,27,1,21.939729,93.667922,2115.515093,128.025547,255,3256464940,282005579,255,0.123747,0.077743,0.046004,1136,44,1,0,1,1,1,1,1,1,0,0,1,1,1,0,Normal,0,1
81375,0.894963,tcp,-,FIN,60,14,68193,612,81.567616,254,252,599416.9375,5086.243652,27,1,14.237695,62.97923,1441.275579,79.44025,255,238809989,1891791059,255,0.116683,0.076226,0.040457,1137,44,1,0,2,1,21,1,1,2,0,0,1,1,2,0,Normal,0,1
81378,1.009429,tcp,-,FIN,60,14,68191,612,72.318114,254,252,531429.1875,4509.47998,27,1,16.869102,68.741,1670.352332,96.909641,255,2190928923,1044796694,255,0.157118,0.11579,0.041328,1137,44,1,0,2,1,1,1,1,2,0,0,1,1,2,0,Normal,0,1
81384,1.091754,tcp,http,FIN,60,14,68189,612,66.864882,254,252,491341.4688,4169.4375,27,1,18.504305,79.986539,1864.013045,106.540336,255,3762914444,1033585519,255,0.131747,0.05116,0.080587,1136,44,1,0,2,1,20,1,1,2,0,0,1,1,2,0,Normal,0,1
81392,0.990773,tcp,http,FIN,60,14,68189,612,73.679842,254,252,541419.6875,4594.392578,27,1,16.792762,65.415922,1630.699285,85.202008,255,2597026504,824643017,255,0.105896,0.067258,0.038638,1136,44,1,0,1,1,12,1,1,1,0,0,1,1,1,0,Normal,0,1
81396,0.0,arp,-,INT,1,0,46,0,0.0,0,0,0.0,0.0,0,0,60000.708,0.0,0.0,0.0,0,0,0,0,0.0,0.0,0.0,46,0,0,0,1,2,1,1,1,1,0,0,0,1,1,1,Normal,0,1
81397,0.0,arp,-,INT,1,0,46,0,0.0,0,0,0.0,0.0,0,0,60000.708,0.0,10.954516,0.0,0,0,0,0,0.0,0.0,0.0,46,0,0,0,1,2,1,1,1,1,0,0,0,1,1,1,Normal,0,1
81406,1.062203,tcp,-,CON,6,2,998,86,6.590077,62,252,6266.22168,323.855225,4,2,13363.87367,39831.796,1021412.697,39831.796,255,3877951963,2081001858,255,0.133602,0.060034,0.073568,166,43,0,0,6,3,4,3,2,5,0,0,0,4,5,0,Normal,0,1
81407,1.062203,tcp,-,CON,6,2,998,86,6.590077,62,252,6266.22168,323.855225,4,2,13363.87367,39831.796,1021412.697,39831.796,255,3877951963,2081001858,255,0.133602,0.060034,0.073568,166,43,0,0,6,3,4,3,2,5,0,0,0,4,5,0,Normal,0,1
81410,1.183227,tcp,http,FIN,60,14,68193,612,61.695688,254,252,453383.875,3847.106445,27,1,19.329678,84.087156,1953.678363,102.696227,255,309693297,2043702639,255,0.143985,0.090085,0.0539,1137,44,1,0,2,1,2,1,1,3,0,0,1,2,2,0,Normal,0,1
81417,1.000648,tcp,-,FIN,60,14,68197,612,72.952725,254,252,536140.5625,4549.052246,27,1,16.94339,70.701844,1716.855214,99.76968,255,1052785771,2828315986,255,0.14261,0.08152,0.06109,1137,44,1,0,2,1,16,1,1,2,0,0,1,1,2,0,Normal,0,1
81427,1.028582,tcp,http,FIN,60,14,68195,612,70.971494,254,252,521564.6563,4425.510254,27,1,17.418678,72.869539,1666.571199,90.014672,255,102010310,4280473582,255,0.165454,0.081269,0.084185,1137,44,1,0,2,1,1,1,1,2,0,0,1,1,2,0,Normal,0,1
81434,0.732046,tcp,-,FIN,60,14,68199,612,99.720508,254,252,732882.875,6218.188477,27,1,11.567627,50.709,1208.468782,63.761938,255,824387191,827466361,255,0.102805,0.07282,0.029985,1137,44,1,0,1,1,1,1,1,2,0,0,1,1,1,0,Normal,0,1
81440,0.820604,tcp,http,FIN,60,14,68197,612,88.958862,254,252,653772.0625,5547.133301,27,1,13.716068,58.963383,1386.884962,81.488016,255,3127754613,748583154,255,0.113419,0.054046,0.059373,1137,44,1,0,2,1,48,1,1,2,0,0,1,1,2,0,Normal,0,1
81450,0.941055,tcp,http,FIN,60,14,68197,612,77.572512,254,252,570092.0625,4837.124512,27,1,15.754661,69.085,1670.064511,103.040828,255,3837575258,4101744548,255,0.127737,0.042938,0.084799,1137,44,1,0,1,1,14,1,1,2,0,0,1,1,2,0,Normal,0,1
81451,0.563165,tcp,-,CON,6,2,998,86,12.42975,62,252,11818.91602,610.833435,4,2,15701.08483,46928.632,1208842.826,46928.624,255,1949660270,1879007595,255,0.134731,0.08493,0.049801,166,43,0,0,3,3,1,1,1,3,0,0,0,1,3,0,Normal,0,1
81452,0.563165,tcp,-,CON,6,2,998,86,12.42975,62,252,11818.91602,610.833435,4,2,15701.08483,46928.632,1208842.826,46928.624,255,1949660270,1879007595,255,0.134731,0.08493,0.049801,166,43,0,0,4,3,1,1,1,4,0,0,0,1,4,0,Normal,0,1
81463,0.818276,tcp,http,FIN,60,14,68199,612,89.211954,254,252,655651.625,5562.915039,27,1,13.441272,56.755152,1376.971154,76.224305,255,3137145926,3197614932,255,0.154745,0.08045,0.074295,1137,44,1,0,1,1,1,1,1,2,0,0,1,1,1,0,Normal,0,1
81467,0.82517,tcp,http,FIN,60,14,68199,612,88.466621,254,252,650173.9375,5516.438965,27,1,13.969984,57.166383,1389.032442,82.519703,255,3567303131,4168480199,255,0.113208,0.081998,0.03121,1137,44,1,0,1,1,45,1,1,1,0,0,1,1,1,0,Normal,0,1
81481,0.712946,tcp,-,CON,6,2,998,86,9.818415,62,252,9335.910156,482.504974,4,2,13776.46383,41079.196,1057847.699,41079.196,255,2064750922,836553510,255,0.090991,0.059825,0.031166,166,43,0,0,5,3,3,2,2,5,0,0,0,2,7,0,Normal,0,1
81482,0.712946,tcp,-,CON,6,2,998,86,9.818415,62,252,9335.910156,482.504974,4,2,13776.46383,41079.196,1057847.699,41079.196,255,2064750922,836553510,255,0.090991,0.059825,0.031166,166,43,0,0,5,3,3,2,2,5,0,0,0,2,7,0,Normal,0,1
81504,0.0,arp,-,INT,1,0,46,0,0.0,0,0,0.0,0.0,0,0,60000.66,0.0,10.954512,0.0,0,0,0,0,0.0,0.0,0.0,46,0,0,0,1,2,1,1,1,1,0,0,0,1,1,1,Normal,0,1
81505,0.0,arp,-,INT,1,0,46,0,0.0,0,0,0.0,0.0,0,0,60000.656,0.0,0.0,0.0,0,0,0,0,0.0,0.0,0.0,46,0,0,0,1,2,1,1,1,1,0,0,0,1,1,1,Normal,0,1
81513,0.871604,tcp,-,FIN,60,14,68201,612,83.753629,254,252,615554.75,5222.555176,27,1,13.854779,61.570617,1478.255469,78.461664,255,876941722,1707404687,255,0.138723,0.071178,0.067545,1137,44,1,0,2,1,1,1,1,4,0,0,1,1,2,0,Normal,0,1
81519,0.874942,tcp,http,FIN,60,14,68199,612,83.434101,254,252,613188.0625,5202.630371,27,1,14.591627,63.407922,1526.290325,97.276484,255,1516200001,1237225352,255,0.10498,0.050635,0.054345,1137,44,1,0,2,1,23,1,1,2,0,0,1,1,2,0,Normal,0,1
81541,0.740231,tcp,http,FIN,60,14,68199,612,98.617867,254,252,724779.1875,6149.432129,27,1,12.379305,53.710461,1300.964841,83.333812,255,860363568,341738851,255,0.082721,0.041986,0.040735,1137,44,1,0,3,1,25,1,1,3,0,0,1,1,3,0,Normal,0,1
81707,0.0,arp,-,INT,1,0,46,0,0.0,0,0,0.0,0.0,0,0,60000.756,0.0,0.0,0.0,0,0,0,0,0.0,0.0,0.0,46,0,0,0,1,2,1,1,1,1,0,0,0,1,1,1,Normal,0,1
81708,0.0,arp,-,INT,1,0,46,0,0.0,0,0,0.0,0.0,0,0,60000.756,0.0,0.0,0.0,0,0,0,0,0.0,0.0,0.0,46,0,0,0,1,2,1,1,1,1,0,0,0,1,1,1,Normal,0,1
81843,2.017505,tcp,-,CON,6,2,998,86,3.469632,62,252,3299.124512,170.507645,2,1,403.501,0.002,22214.12442,0.0,255,3831324631,3611427833,255,1.474054,0.978068,0.495986,166,43,0,0,2,3,2,1,1,1,0,0,0,1,1,0,Normal,0,1
81845,1.563903,tcp,-,CON,6,2,998,86,4.475981,62,252,4256.018555,219.962494,2,1,312.7806,0.001,19449.44522,0.0,255,2622406032,3362849789,255,1.360313,0.659133,0.70118,166,43,0,0,2,3,1,1,1,2,0,0,0,1,2,0,Normal,0,1
81846,2.907904,tcp,-,CON,6,2,998,86,2.407232,62,252,2288.933838,118.298271,2,1,581.5808,0.002,38613.03931,0.0,255,946526310,2523902736,255,2.724497,2.157801,0.566696,166,43,0,0,1,3,1,1,1,1,0,0,0,3,1,0,Normal,0,1
81848,0.0,arp,-,INT,1,0,46,0,0.0,0,0,0.0,0.0,0,0,60000.684,0.0,10.954514,0.0,0,0,0,0,0.0,0.0,0.0,46,0,0,0,1,2,1,1,1,1,0,0,0,1,1,1,Normal,0,1
81849,0.0,arp,-,INT,1,0,46,0,0.0,0,0,0.0,0.0,0,0,60000.68,0.0,0.0,0.0,0,0,0,0,0.0,0.0,0.0,46,0,0,0,1,2,1,1,1,1,0,0,0,1,1,1,Normal,0,1
81853,2.674032,tcp,-,CON,6,2,998,86,2.61777,62,252,2489.125,128.644684,2,1,534.8064,0.002,27418.40149,0.0,255,3977077937,3918241964,255,1.032759,0.790893,0.241866,166,43,0,0,3,3,2,2,2,2,0,0,0,2,2,0,Normal,0,1
81854,2.674032,tcp,-,CON,6,2,998,86,2.61777,62,252,2489.125,128.644684,2,1,534.8064,0.002,27418.40149,0.0,255,3977077937,3918241964,255,1.032759,0.790893,0.241866,166,43,0,0,3,3,2,2,2,2,0,0,0,2,2,0,Normal,0,1
81856,2.586165,tcp,-,CON,6,2,998,86,2.706711,62,252,2573.695068,133.015488,2,1,517.233,0.007,31342.88828,0.0,255,4065065306,875288729,255,2.178828,1.176955,1.001873,166,43,0,0,1,3,1,1,1,1,0,0,0,1,1,0,Normal,0,1
81859,2.938478,tcp,-,CON,6,2,998,86,2.382186,62,252,2265.118164,117.067406,2,1,587.6956,0.002,37097.65035,0.0,255,2559669412,866065818,255,2.601843,1.776921,0.824922,166,43,0,0,1,3,2,1,1,1,0,0,0,1,1,0,Normal,0,1
81861,1.692963,tcp,-,CON,6,2,998,86,4.134763,62,252,3931.568604,203.194046,2,1,338.5926,0.004,22131.51952,0.0,255,2351598908,2086612156,255,1.559407,1.211781,0.347626,166,43,0,0,2,3,1,1,1,1,0,0,0,1,1,0,Normal,0,1
81863,2.885495,tcp,-,CON,6,2,998,86,2.425927,62,252,2306.709961,119.21698,2,1,577.099,0.001,36960.83558,0.0,255,3803716005,3755104001,255,2.597985,1.618374,0.979611,166,43,0,0,1,3,1,1,1,1,0,0,0,1,1,0,Normal,0,1
81867,2.120353,tcp,-,CON,6,2,998,86,3.301337,62,252,3139.100098,162.237137,2,1,424.0706,0.003,24185.70575,0.0,255,630637116,3235039951,255,1.642283,1.191652,0.450631,166,43,0,0,1,3,1,1,1,1,0,0,0,3,1,0,Normal,0,1
81871,4.363044,tcp,-,CON,6,2,998,86,1.604385,62,252,1525.540527,78.84404,2,1,872.6088,0.002,47074.15548,0.0,255,1951792455,3851883093,255,3.066305,2.502451,0.563854,166,43,0,0,1,3,1,1,1,1,0,0,0,2,1,0,Normal,0,1
81872,2.428013,tcp,-,CON,6,2,998,86,2.883016,62,252,2741.336182,141.679626,2,1,485.6026,0.007,26128.03864,0.0,255,3303795135,3925758246,255,1.697197,1.083876,0.613321,166,43,0,0,1,3,1,1,1,1,0,0,0,1,1,0,Normal,0,1
81891,1.875106,tcp,-,CON,6,2,998,86,3.733122,62,252,3549.666016,183.456299,2,1,375.0212,0.009,18770.07035,0.0,255,3708097713,3775612236,255,0.891032,0.560191,0.330841,166,43,0,0,4,3,1,1,1,4,0,0,0,1,4,0,Normal,0,1
81906,1.837462,tcp,-,CON,6,2,998,86,3.809603,62,252,3622.387939,187.214767,2,1,367.4924,0.007,24651.54491,0.0,255,3298250351,1981900272,255,1.740624,1.075193,0.665431,166,43,0,0,3,3,1,1,1,3,0,0,0,1,3,0,Normal,0,1
81908,1.7764,tcp,-,CON,6,2,998,86,3.940554,62,252,3746.903809,193.650085,2,1,355.28,0.005,18163.31682,0.0,255,3593057870,3078652099,255,1.078435,0.525614,0.552821,166,43,0,0,2,3,1,1,1,1,0,0,0,1,1,0,Normal,0,1
81915,2.537066,tcp,-,CON,6,2,998,86,2.759093,62,252,2623.50293,135.589691,2,1,507.4132,0.004,33590.86213,0.0,255,2835374642,1712454689,255,2.36959,1.971339,0.398251,166,43,0,0,4,3,1,1,1,3,0,0,0,2,3,0,Normal,0,1
81920,1.408322,tcp,-,CON,6,2,998,86,4.970454,62,252,4726.191895,244.262329,2,1,281.6644,0.008,17947.51053,0.0,255,325731777,3799272808,255,1.260607,0.655596,0.605011,166,43,0,0,6,3,1,1,1,1,0,0,0,7,1,0,Normal,0,1
81926,2.526672,tcp,-,CON,6,2,998,86,2.770443,62,252,2634.29541,136.147476,2,1,505.3344,0.008,32646.52424,0.0,255,118088961,2075187451,255,2.297308,1.410298,0.88701,166,43,0,0,2,3,1,1,1,2,0,0,0,1,2,0,Normal,0,1
81927,3.244568,tcp,-,CON,6,2,998,86,2.157452,62,252,2051.428711,106.023354,2,1,648.9136,0.003,35023.31785,0.0,255,3167164350,3511021934,255,2.282481,1.384751,0.89773,166,43,0,0,1,3,1,1,1,1,0,0,0,1,1,0,Normal,0,1
81959,1.704272,tcp,-,CON,6,2,998,86,4.107326,62,252,3905.479736,201.845718,2,1,340.8544,0.008,21991.20131,0.0,255,1425315111,4006830129,255,1.547247,1.010967,0.53628,166,43,0,0,1,3,1,1,1,1,0,0,0,1,1,0,Normal,0,1
81963,1.893761,tcp,-,CON,6,2,998,86,3.696348,62,252,3514.698975,181.649109,2,1,378.7522,0.006,21496.04485,0.0,255,3668660446,3412777436,255,1.455778,0.820223,0.635555,166,43,0,0,1,3,1,1,1,1,0,0,0,1,1,0,Normal,0,1
81964,0.0,arp,-,INT,1,0,46,0,0.0,0,0,0.0,0.0,0,0,60000.696,0.0,0.0,0.0,0,0,0,0,0.0,0.0,0.0,46,0,0,0,1,2,1,1,1,1,0,0,0,1,1,1,Normal,0,1
81965,0.0,arp,-,INT,1,0,46,0,0.0,0,0,0.0,0.0,0,0,60000.688,0.0,10.954514,0.0,0,0,0,0,0.0,0.0,0.0,46,0,0,0,1,2,1,1,1,1,0,0,0,1,1,1,Normal,0,1
82025,1.540235,tcp,-,FIN,112,20,135669,870,85.051954,254,252,698376.5,4295.448242,53,1,13.740144,75.965367,1518.342083,107.216492,255,63558817,3260763125,255,0.156879,0.09689,0.059989,1211,44,0,0,2,1,1,1,1,2,0,0,0,1,2,0,Normal,0,1
82040,1.793132,tcp,-,FIN,112,22,135669,956,74.171898,254,252,599880.0,4073.319824,53,1,15.956748,78.855766,1712.039888,112.905352,255,935334711,648968836,255,0.239296,0.137153,0.102143,1211,43,0,0,1,1,2,1,1,1,0,0,0,21,1,0,Normal,0,1
82047,2.696549,tcp,-,FIN,112,24,135669,1042,50.06399,254,252,398903.9375,2963.78833,53,1,24.118171,111.297133,3059.452796,190.962891,255,2189583593,569639445,255,0.194868,0.136706,0.058162,1211,43,0,0,1,1,1,1,1,1,0,0,0,1,1,0,Normal,0,1
82055,1.661957,tcp,-,FIN,106,22,135414,956,76.415935,254,252,645682.1875,4394.818848,50,1,15.459772,73.931523,1582.030439,100.687648,255,1322621268,4278543729,255,0.179414,0.109387,0.070027,1277,43,0,0,3,1,1,1,1,2,0,0,0,11,2,0,Normal,0,1
82059,2.378689,tcp,-,FIN,112,24,135669,1042,56.75395,254,252,452208.75,3359.83374,53,1,21.429631,98.690648,2321.62404,154.397859,255,930245980,2244822151,255,0.197241,0.066427,0.130814,1211,43,0,0,3,1,1,1,1,2,0,0,0,2,2,0,Normal,0,1
82063,0.0,arp,-,INT,1,0,46,0,0.0,0,0,0.0,0.0,0,0,60000.716,0.0,0.0,0.0,0,0,0,0,0.0,0.0,0.0,46,0,0,0,1,2,1,1,1,1,0,0,0,1,1,1,Normal,0,1
82064,1.846569,tcp,-,FIN,108,22,135499,956,69.859293,254,252,581597.5625,3955.444092,51,1,16.843757,84.580523,1703.72313,100.251977,255,2250165550,1204644730,255,0.13071,0.070369,0.060341,1255,43,0,0,1,1,1,1,1,1,0,0,0,20,1,0,Normal,0,1
82077,1.713923,tcp,-,FIN,60,16,68043,698,43.759259,254,252,312308.0938,3057.313477,27,1,29.5365,109.838664,3116.840476,182.263172,255,3405842547,2933410738,255,0.146024,0.066334,0.07969,1134,44,0,0,3,1,1,1,1,2,0,0,0,26,2,0,Normal,0,1
82086,0.539759,tcp,-,FIN,10,6,534,268,27.790181,254,252,7129.10791,3320.000244,2,0,11046.1404,18396.684,1099164.845,40949.804,255,4045143773,888953717,255,0.278494,0.094763,0.183731,53,45,0,0,6,1,3,3,2,5,0,0,0,3,5,0,Normal,0,1
82088,0.539759,tcp,-,FIN,10,6,534,268,27.790181,254,252,7129.10791,3320.000244,2,0,11046.1404,18396.684,1099164.845,40949.804,255,4045143773,888953717,255,0.278494,0.094763,0.183731,53,45,0,0,6,1,3,3,2,5,0,0,0,3,5,0,Normal,0,1
82093,0.816726,tcp,-,FIN,34,8,34230,354,50.200433,254,252,325435.9375,3036.513916,14,1,23.850575,89.348,2131.884431,117.913797,255,3434112364,4056273373,255,0.252216,0.191287,0.060929,1007,44,0,0,4,1,1,1,1,2,0,0,0,21,2,0,Normal,0,1
82144,0.0,arp,-,INT,1,0,46,0,0.0,0,0,0.0,0.0,0,0,60000.748,0.0,10.95452,0.0,0,0,0,0,0.0,0.0,0.0,46,0,0,0,1,2,1,1,1,1,0,0,0,1,1,1,Normal,0,1
82195,1.910248,tcp,ftp,FIN,62,20,68109,1026,42.40287,254,252,280637.9063,4083.239258,28,4,31.31554,96.738422,3675.096013,190.842797,255,1739940755,196470105,255,0.21821,0.046945,0.171265,1099,51,0,0,1,1,1,1,1,1,0,0,0,28,1,0,Normal,0,1
82205,0.0,arp,-,INT,1,0,46,0,0.0,0,0,0.0,0.0,0,0,60000.704,0.0,0.0,0.0,0,0,0,0,0.0,0.0,0.0,46,0,0,0,1,2,1,1,1,1,0,0,0,1,1,1,Normal,0,1
82206,0.0,arp,-,INT,1,0,46,0,0.0,0,0,0.0,0.0,0,0,60000.7,0.0,0.0,0.0,0,0,0,0,0.0,0.0,0.0,46,0,0,0,1,2,1,1,1,1,0,0,0,1,1,1,Normal,0,1
82244,0.0,arp,-,INT,1,0,46,0,0.0,0,0,0.0,0.0,0,0,60000.74,0.0,0.0,0.0,0,0,0,0,0.0,0.0,0.0,46,0,0,0,1,2,1,1,1,1,0,0,0,1,1,1,Normal,0,1
82245,0.0,arp,-,INT,1,0,46,0,0.0,0,0,0.0,0.0,0,0,60000.736,0.0,0.0,0.0,0,0,0,0,0.0,0.0,0.0,46,0,0,0,1,2,1,1,1,1,0,0,0,1,1,1,Normal,0,1
82289,0.0,arp,-,INT,1,0,46,0,0.0,0,0,0.0,0.0,0,0,60000.76,0.0,0.0,0.0,0,0,0,0,0.0,0.0,0.0,46,0,0,0,1,2,1,1,1,1,0,0,0,1,1,1,Normal,0,1
82290,0.0,arp,-,INT,1,0,46,0,0.0,0,0,0.0,0.0,0,0,60000.752,0.0,0.0,0.0,0,0,0,0,0.0,0.0,0.0,46,0,0,0,1,2,1,1,1,1,0,0,0,1,1,1,Normal,0,1
82324,5.16741,tcp,-,FIN,108,24,138067,1042,25.351192,254,252,211771.8594,1546.616211,51,1,48.287767,221.155219,9709.118613,559.5605,255,2309382861,4150989117,255,0.140691,0.080831,0.05986,1278,43,0,0,1,1,1,1,1,1,0,0,0,1,3,0,Normal,0,1
82331,0.0,arp,-,INT,1,0,46,0,0.0,0,0,0.0,0.0,0,0,60000.732,0.0,10.954518,0.0,0,0,0,0,0.0,0.0,0.0,46,0,0,0,1,2,1,1,1,1,0,0,0,1,1,1,Normal,0,1
